curriculum,docx id,pdf id,finish_info,finish_course,curr_id,faculty,curr_name_th,curr_name_en,degree_full_th,degree_full_en,degree_abr_th,degree_abr_en,campus,curr_category,curr_type,lang,mou,first_open_semester,first_open_year,careers,expense_type,student_nation,qualification_collegian,max_semester,day_class,type_class,total_credits,gen_ed_credits,spec_credits,elec_credits,free_elec_credits,count_research,count_academic_paper,count_lecturer_academic,count_lecturer_full,count_lecturer_extra,count_staff,other_grade,curr_qa,criteria_graduate
ศศ.บ. สาขาวิชาการฝึกสอนกีฬา (ปรับปรุง 2567),1TpKT2DqmH9QxejyqElEHQniv4wdHgK75,1yVggfbQqAD2aM5dlX4YlWy7S-JtdBPuS,1,1,25570051101573,คณะสหเวชศาสตร์,หลักสูตรศิลปศาสตรบัณฑิต สาขาวิชาการฝึกสอนกีฬา,Bachelor of Arts Program in Sports Coaching,ศิลปศาสตรบัณฑิต (การฝึกสอนกีฬา),Bachelor of Arts (Sports Coaching),ศศ.บ. (การฝึกสอนกีฬา),B.A. (Sports Coaching),ศูนย์รังสิต,หลักสูตรระดับปริญญาตรี 4 ปี,หลักสูตรปริญญาตรีทางวิชาการ,จัดการศึกษาเป็นภาษาไทย,เป็นหลักสูตรของสถาบันโดยเฉพาะ,1,2567,"ผู้ฝึกสอนกีฬา, นักวิชาการทางการกีฬา, ผู้ตัดสินกีฬาระดับต้น, ผู้ฝึกสอนการออกกำลังกายในสถานประกอบการทางสุขภาพ",โครงการพิเศษ,รับทั้งนักศึกษาไทยและนักศึกษาต่างชาติ,คุณสมบัติของผู้เข้าศึกษาต้องเป็นไปตามข้อบังคับมหาวิทยาลัยธรรมศาสตร์ ว่าด้วยการศึกษาชั้นปริญญาตรี พ.ศ. 2561 ข้อ 14 และมีคุณสมบัติอื่นครบถ้วนตามที่มหาวิทยาลัยกำหนด,16,วัน – เวลาราชการปกติ,แบบชั้นเรียน (Onsite),120,30,84,24,6,36,1,5,26,17,9,,"AUN-QA,สป.อว.","บรรลุผลลัพธ์การเรียนรู้ตามมาตรฐานคุณวุฒิระดับปริญญาตรี, สอบผ่านและได้รับหน่วยกิตสะสมรายวิชาครบตามโครงสร้างหลักสูตร, ได้ค่าระดับเฉลี่ยสะสมไม่ต่ำกว่า 2.00 (จากระบบ 4 ระดับคะแนน), ต้องปฏิบัติตามเงื่อนไขอื่นๆ ที่คณะสหเวชศาสตร์ และมหาวิทยาลัยธรรมศาสตร์กำหนด"
วท.บ. สาขาวิชาวิทยาศาสตร์การกีฬาและการออก กำลังกาย (ปรับปรุง 2566),1CVpRhA6ZnX7HVr7bmF-yITkusdqPqT5U,1d26xhXaoTemUfNQbxmQjyLkZW6_QV8I7,1,1,25530051101523,คณะสหเวชศาสตร์,หลักสูตรวิทยาศาสตรบัณฑิต สาขาวิชาวิทยาศาสตร์การกีฬาและการออกกำลังกาย,Bachelor of Science Program in Sports and Exercise Science,วิทยาศาสตรบัณฑิต (วิทยาศาสตร์การกีฬาและการออกกำลังกาย),Bachelor of Science (Sports and Exercise Science),วท.บ. (วิทยาศาสตร์การกีฬาและการออกกำลังกาย),B.Sc. (Sports and Exercise Science),ศูนย์รังสิต,หลักสูตรระดับปริญญาตรี 4 ปี,หลักสูตรปริญญาตรีทางวิชาการ,จัดการศึกษาเป็นภาษาไทย,เป็นหลักสูตรของสถาบันโดยเฉพาะ,1,2566,"นักวิทยาศาสตร์การกีฬาและการออกกำลังกาย,ผู้ฝึกสอนด้านสมรรถภาพทางกายสำหรับนักกีฬา,ผู้ให้คำแนะนำการออกกำลังกายในสถานประกอบการทางสุขภาพ,พนักงานของรัฐและเอกชนที่เกี่ยวข้องกับงานวิทยาศาสตร์การกีฬาและการออกกำลังกาย,นักวิจัยและพัฒนานวัตกรรมด้านวิทยาศาสตร์การกีฬาและการออกกำลังกาย",โครงการปกติ,รับทั้งนักศึกษาไทยและนักศึกษาต่างชาติ,คุณสมบัติของผู้เข้าศึกษาต้องเป็นไปตามข้อบังคับมหาวิทยาลัยธรรมศาสตร์ว่าด้วยการศึกษาระดับปริญญาตรี พ.ศ. 2561 และมีคุณสมบัติอื่นตามที่มหาวิทยาลัยธรรมศาสตร์ และคณะสหเวชศาสตร์กำหนด,16,วัน – เวลาราชการปกติ,แบบชั้นเรียน (Onsite),128,30,92,15,6,24,4,5,26,17,4,"S(ใช้ได้),U(ใช้ไม่ได้),ACC(ได้รับยกเว้นรายวิชาโดยผ่านการทดสอบเทียบความรู้หรือใช้ผลการสอบในรายวิชาที่นับหน่วยกิตหรือได้รับการเทียบโอยรายวิชาและหน่วยกิต),EXE(ได้รับยกเว้นรายวิชาโดยผ่านการทดสอบเทียบความรู้หรือใช้ผลการสอบในรายวิชาที่ไม่นับหน่วยกิต),I(การวัดผลไม่สมบูรณ์),W(การถอนรายวิชาโดยได้รับอนุมัติ),AUD(การศึกษาโดยไม่วัดผลการศึกษา)",AUN-QA,"บรรลุผลลัพธ์การเรียนรู้ตามมาตรฐานคุณวุฒิระดับปริญญาตรี,สอบผ่านและได้รับหน่วยกิตสะสมรายวิชาครบตามโครงสร้างหลักสูตร,ได้ค่าระดับเฉลี่ยสะสมไม่ต่ำกว่า 2.00 (จากระบบ 4 ระดับคะแนน),ต้องปฏิบัติตามเงื่อนไขอื่นๆ ที่คณะสหเวชศาสตร์ และมหาวิทยาลัยธรรมศาสตร์กำหนด"
วท.บ. สาขาวิชากายภาพบำบัด (ปรับปรุง 2569),12gr9b0vo3rSpiCMyisaCf9NIrUPbhyBQ,1Z_0zWJQQCrjyEvivrt1lr4ys6FmfkMmO,1,1,25520051102703,คณะสหเวชศาสตร์,หลักสูตรวิทยาศาสตรบัณฑิต สาขาวิชากายภาพบำบัด,Bachelor of Science Program in Physical Therapy,วิทยาศาสตรบัณฑิต (กายภาพบำบัด),Bachelor of Science (Physical Therapy),วท.บ. (กายภาพบำบัด),B.Sc. (Physical Therapy),ศูนย์รังสิต,หลักสูตรระดับปริญญาตรี 4 ปี,หลักสูตรปริญญาตรีทางวิชาชีพหรือปฏิบัติการ,จัดการศึกษาเป็นภาษาไทย,เป็นหลักสูตรของสถาบันโดยเฉพาะ,1,2569,"นักกายภาพบำบัด, อาชีพอื่นๆ ที่เกี่ยวข้องกับสายงานทางวิทยาศาสตร์สุขภาพ",โครงการปกติ,รับทั้งนักศึกษาไทยและนักศึกษาต่างชาติ,"สำเร็จการศึกษาไม่ต่ำกว่าชั้นมัธยมศึกษาตอนปลายหรือเทียบเท่า, ไม่เป็นนักศึกษาของมหาวิทยาลัยหรือสถาบันอุดมศึกษาอื่น เว้นแต่การศึกษาในมหาวิทยาลัยเปิดหรือการศึกษาหลักสูตรทางไกล (Online) ที่ได้รับปริญญา, ไม่เป็นผู้ป่วยหรืออยู่ในสภาวะที่เป็นอุปสรรคร้ายแรงต่อการศึกษา, ไม่เป็นผู้ประพฤติผิดศีลธรรมอันดีหรือมีพฤติกรรมเสื่อมเสียอย่างร้ายแรง",16,วัน – เวลาราชการปกติ,แบบชั้นเรียน (Onsite),132,24,102,0,6,147,27,24,24,12,8,,"AUN-QA,เกณฑ์สภาวิชาชีพกายภาพบําบัด","บรรลุผลลัพธ์การเรียนรู้ตามมาตรฐานคุณวุฒิระดับปริญญาตรี, ได้ศึกษารายวิชาต่างๆ ครบตามโครงสร้างหลักสูตร และมีหน่วยกิตสะสมไม่ต่ำกว่า 132 หน่วยกิต, ได้ค่าคะแนนเฉลี่ยสะสมไม่ต่ำกว่า 2.00 (จากระบบ 4 ระดับคะแนน), มีจำนวนชั่วโมงการฝึกปฏิบัติทางคลินิกครบตามมาตรฐานของสภากายภาพบำบัด, ได้ค่าคะแนนการฝึกปฏิบัติทางคลินิกในทุกรายวิชา ไม่ต่ำกว่า 2.00 (C), ได้ค่าคะแนนวิชากายภาพบำบัดในระบบต่างๆ ทุกรายวิชา ไม่ต่ำกว่า 2.00 (C) ประกอบด้วยรายวิชา ดังต่อไปนี้ กฎ 250 กายภาพบำบัดในสภาวะทางระบบหายใจและหัวใจ 1 3 หน่วยกิต, กภ 251 กายภาพบำบัดในสภาวะทางระบบหายใจและหัวใจ 2 2 หน่วยกิต, กภ 252 กายภาพบำบัดในสภาวะทางระบบโครงร่างและกล้ามเนื้อ 1 3 หน่วยกิต, กภ 253 กายภาพบำบัดในสภาวะทางระบบประสาท 1 3 หน่วยกิต, กฎ 350 กายภาพบำบัดในสภาวะทางระบบประสาท 2 3 หน่วยกิต, กฎ 351 กายภาพบำบัดทางการกีฬา 3 หน่วยกิต, กภ 352 กายภาพบำบัดในสภาวะทางระบบโครงร่างและกล้ามเนื้อ 2 3 หน่วยกิต, กภ 353 กายภาพบำบัดในสภาวะทางเด็ก 3 หน่วยกิต, กฎ 450 กายภาพบำบัดในชุมชนการส่งเสริมและป้องกันปัญหาทางสุขภาพ 3 หน่วยกิต, กภ 451 กายภาพบำบัดในสภาวะพิเศษ 2 หน่วยกิต, กฎ 452 กายภาพบำบัดในผู้สูงอายุ 3 หน่วยกิต, เข้าร่วมการสอบ objective structured clinical examination (OSCE) และการสอบประมวลความรู้ (comprehensive examination)"
ศศ.บ. สาขาวิชาการจัดการกีฬา (ปรับปรุง 2567),1G6cSp_Hl-7X_RW2sFN0YOUYQFA4VOyZr,1b6fLkpmLF7ZZI1QCUXzxQBUibnr4uWlF,1,1,25570051101584,คณะสหเวชศาสตร์,หลักสูตรศิลปศาสตรบัณฑิต สาขาวิชาการจัดการกีฬา,Bachelor of Arts Program in Sport Management,ศิลปศาสตรบัณฑิต (การจัดการกีฬา),Bachelor of Arts (Sport Management),ศศ.บ. (การจัดการกีฬา),B.A. (Sport Management),ศูนย์รังสิต,หลักสูตรระดับปริญญาตรี 4 ปี,หลักสูตรปริญญาตรีทางวิชาการ,จัดการศึกษาเป็นภาษาไทย,เป็นหลักสูตรของสถาบันโดยเฉพาะ,1,2567,"ผู้ประกอบการด้านธุรกิจกีฬา, ผู้ปฏิบัติการทางด้านการจัดการกีฬา, ผู้บริหารจัดการองค์กรกีฬาภาครัฐและเอกชน, นักการตลาดทางการกีฬา, ผู้ดำเนินการจัดการแข่งขันกีฬา",โครงการพิเศษ,รับทั้งนักศึกษาไทยและนักศึกษาต่างชาติ,คุณสมบัติของผู้เข้าศึกษาต้องเป็นไปตามข้อบังคับมหาวิทยาลัยธรรมศาสตร์ ว่าด้วยการศึกษาชั้นปริญญาตรี พ.ศ. 2561 ข้อ 14 และมีคุณสมบัติอื่นครบถ้วนตามที่มหาวิทยาลัยกำหนด,16,วัน – เวลาราชการปกติ,แบบชั้นเรียน (Onsite),121,30,85,0,6,8,7,5,26,17,9,,"AUN-QA,สป.อว.","บรรลุผลลัพท์การเรียนรู้ตามมาตรฐานคุณวุฒิระดับปริญญาตรี, นักศึกษาได้ศึกษารายวิชาต่าง ๆ ครบตามโครงสร้างหลักสูตร และมีหน่วยกิตสะสมไม่น้อยกว่า 121 หน่วยกิต, ได้ค่าระดับเฉลี่ยสะสมไม่ต่ำกว่า 2.00 (จากระบบ 4 ระดับคะแนน), ปฏิบัติตามเงื่อนไขอื่น ๆ ที่คณะสหเวชศาสตร์และมหาวิทยาลัยธรรมศาสตร์กำหนด"
เทคนิคการแพทยบัณฑิต (ปรับปรุง 2566),1qDM3IeA1gw7syB9ZGruZpwmaiwDe5RPX,1ICcbYgQ263h1BPdQNdWNfJ2-21HKh8kS,1,1,25390051100054,คณะสหเวชศาสตร์,หลักสูตรเทคนิคการแพทยบัณฑิต,Bachelor of Medical Technology Program,เทคนิคการแพทยบัณฑิต,Bachelor of Medical Technology,ทพ.บ.,B.MT.,ศูนย์รังสิต,หลักสูตรระดับปริญญาตรี 4 ปี,หลักสูตรปริญญาตรีทางวิชาชีพหรือปฏิบัติการ,จัดการศึกษาเป็นภาษาไทย,เป็นหลักสูตรของสถาบันโดยเฉพาะ,1,2566,"นักเทคนิคการแพทย์, นักวิทยาศาสตร์การแพทย์, นักวิทยาศาสตร์ และผู้ช่วยนักวิจัย, ผู้เชี่ยวชาญด้านผลิตภัณฑ์, ผู้แทนขายเครื่องมือ อุปกรณ์และน้ำยาทางวิทยาศาสตร์ หรือทางการแพทย์",โครงการปกติ,รับทั้งนักศึกษาไทยและนักศึกษาต่างชาติ,"สำเร็จการศึกษาไม่ต่ำกว่าระดับมัธยมศึกษาตอนปลายสายสามัญแผนการเรียนวิทยาศาสตร์และคณิตศาสตร์, ไม่มีภาวะตาบอดสีขั้นรุนแรงอันเป็นอุปสรรคต่อการศึกษาโดยผ่านการตรวจFARNSWORTH D 15 hue test ซึ่งผลตรวจจะต้องไม่มีเส้นตัดขวางมากกว่าหรือเท่ากับ 10 เส้น ที่ถือว่าเป็นตาบอดสีขั้นรุนแรง ตามแนวทางการตรวจตาบอดสีของราชวิทยาลัยจักษุแพทย์แห่งประเทศไทย, ไม่มีความพิการทางร่างกายขั้นรุนแรงอันเป็นอุปสรรคต่อการศึกษา หมายเหตุกรณีนักศึกษาต่างชาติที่สมัครเข้าศึกษาในหลักสูตร ก าหนดให้มีผลการทดสอบ Thai test
for Non-Native (CU-TFL) ของสถาบันภาษาไทยสิรินธร จุฬาลงกรณ์มหาวิทยาลัย ในระดับ Advanced level
ในการพูด ฟัง อ่าน และเขียน หรือได้รับการพิจารณาจากอาจารย์ผู้รับผิดชอบหลักสูตร",16,วัน – เวลาราชการปกติ,แบบชั้นเรียน (Onsite),141,24,111,0,6,189,3,29,29,13,7,"S(ใช้ได้),U(ใช้ไม่ได้)",มาตรฐานของสภาเทคนิคการแพทย์,"บรรลุผลลัพธ์การเรียนรู้ตามมาตรฐานคุณวุฒิระดับปริญญาตรี, สอบผ่านและได้รับหน่วยกิตสะสมรายวิชาครบตามโครงสร้างหลักสูตร, ได้ค่าระดับเฉลี่ยสะสมไม่ต ่ากว่า 2.00 (จากระบบ 4 ระดับคะแนน), ต้องปฏิบัติตามเงื่อนไขอื่นๆ ที่คณะและมหาวิทยาลัยธรรมศาสตร์กำหนด, ได้ค่าระดับเฉลี่ยสะสมรายวิชาเอกหรือวิชาชีพ ไม่ต่ำกว่า 2.00 (จากระบบ 4 ระดับคะแนน)"
3. วิศวกรรมศาสตรบัณฑิต สาขาวิชาวิศวกรรมโยธา (นานาชาติ) (ปรับปรุง 2566),1im1ja9qFKzdLt-10pzYHhdH7XK9G7hww,17v79HRclIGD6ISzARhtS0jVsZppkj8gF,1,1,25440051100138,สถาบันเทคโนโลยีนานาชาติสิรินธร,หลักสูตรวิศวกรรมศาสตรบัณฑิต สาขาวิชาวิศวกรรมโยธา (หลักสูตรนานาชาติ),Bachelor of Engineering Program in Civil Engineering (International Program),วิศวกรรมศาสตรบัณฑิต (วิศวกรรมโยธา),Bachelor of Engineering (Civil Engineering),วศ.บ. (วิศวกรรมโยธา),B.Eng. (Civil Engineering),ศูนย์รังสิต,หลักสูตรระดับปริญญาตรี 4 ปี,หลักสูตรปริญญาตรีทางวิชาการ,จัดการศึกษาเป็นภาษาอังกฤษ,เป็นหลักสูตรของสถาบันโดยเฉพาะ,1,2566,"วิศวกรโยธา, เจ้าของกิจการ, นักวิจัย, อาจารย์, ข้าราชการ, พนักงานรัฐวิสาหกิจ, พนักงานหน่วยงานเอกชน",โครงการพิเศษ,รับทั้งนักศึกษาไทยและนักศึกษาต่างชาติ,"สำเร็จการศึกษาไม่ต่ำกว่าชั้นมัธยมศึกษาตอนปลายหรือเทียบเท่า, ไม่เป็นนักศึกษาของมหาวิทยาลัยหรือสถาบันอุดมศึกษาอื่น เว้นแต่การศึกษาในมหาวิทยาลัยเปิดหรือการศึกษาหลักสูตรทางไกล (Online) ที่ได้รับปริญญา, ไม่เป็นผู้ป่วยหรืออยู่ในสภาวะที่จะเป็นอุปสรรคร้ายแรงต่อการศึกษา, ไม่เป็นผู้ประพฤติผิดศีลธรรมอันดีหรือมีพฤติกรรมเสื่อมเสียอย่างร้ายแรง",16,วัน – เวลาราชการปกติ,แบบชั้นเรียน (Onsite),141,30,102,0,9,39,,5,5,5,3,"S(ใช้ได้),U(ใช้ไม่ได้)","AUN-QA,EdPEx,IQA,สป.อว.","ได้ศึกษารายวิชาต่างๆ ให้ครบตามโครงสร้าง องค์ประกอบและข้อกำหนดของหลักสูตร โดยมีหน่วยกิตสะสมไม่ต่ำกว่า 141 หน่วยกิต, ได้ค่าระดับเฉลี่ยสะสมไม่ต่ำกว่า 2.00 (จากระบบ 4 ระดับคะแนน), นักศึกษาต้องสอบวัดระดับความรู้ภาษาอังกฤษได้ระดับ “P” (ผ่าน) ก่อนสำเร็จการศึกษา โดยจะต้องมีผลคะแนนและการสอบผ่าน ตามเกณฑ์ที่สถาบันเทคโนโลยีนานาชาติสิรินธรกำหนด เมื่อนักศึกษาสอบผ่านเกณฑ์การวัดระดับความรู้ภาษาอังกฤษนี้แล้ว สถาบันฯ จะบันทึกในใบรายงานผลการศึกษาเป็น “P” (ผ่าน), ต้องปฏิบัติตามเงื่อนไขอื่นๆ ที่คณะกรรมการประจำสถาบันเทคโนโลยีนานาชาติสิรินธรและมหาวิทยาลัยธรรมศาสตร์กำหนด, บรรลุผลลัพธ์การเรียนรู้ตามมาตรฐานคุณวุฒิระดับปริญญาตรี"
5. วิศวกรรมศาสตรบัณฑิต สาขาวิชาวิศวกรรมเคมี (นานาชาติ) (ปรับปรุง 2566),1P2g8q16Ty-BisyWXqCaTJL2ugzxDls_-,1JIlPsMDJuuDJandk1JGZIvWs8_5Okptn,1,1,25470051100345,สถาบันเทคโนโลยีนานาชาติสิรินธร,หลักสูตรวิศวกรรมศาสตรบัณฑิต สาขาวิชาวิศวกรรมเคมี (หลักสูตรนานาชาติ),Bachelor of Engineering Program in Chemical Engineering (International Program),วิศวกรรมศาสตรบัณฑิต (วิศวกรรมเคมี),Bachelor of Engineering (Chemical Engineering),วศ.บ. (วิศวกรรมเคมี),B.Eng. (Chemical Engineering),ศูนย์รังสิต,หลักสูตรระดับปริญญาตรี 4 ปี,หลักสูตรปริญญาตรีทางวิชาการ,จัดการศึกษาเป็นภาษาอังกฤษ,เป็นหลักสูตรของสถาบันโดยเฉพาะ,1,2566,"วิศวกรวิจัยและพัฒนา, วิศวกรออกแบบกระบวนการ, วิศวกรโครงการ, วิศวกรควบคุมการผลิต, วิศวกรเทคนิค, นักวิจัยด้านวิศวกรรมเคมี, อาจารย์ประจำสถาบันการศึกษาระดับอุดมศึกษา, เจ้าหน้าที่ตรวจสอบคุณภาพ, เจ้าหน้าที่ตรวจวินิจฉัย, เจ้าหน้าที่เทคนิคประจำห้องปฏิบัติการ, นักวิทยาศาสตร์ Biotechnology, นักวิจัยด้าน Biotechnology, ออกแบบผลิตภัณฑ์ด้าน Biotechnology, ปฏิบัติงานในองค์กรด้านยา, เวชภัณฑ์ และธุรกิจด้านเภสัชกรรม, ที่ปรึกษาด้านงานวิศวกรรมเคมี, วิศวกรฝ่ายขาย, นักวิจัยด้าน Petroleum และ Petrochemical, นักวิจัยด้าน Polymer, ปฏิบัติงานในองค์กรภาคธุรกิจอุตสาหกรรมด้าน Petroleum, Petrochemical หรือ Polymer",โครงการพิเศษ,รับทั้งนักศึกษาไทยและนักศึกษาต่างชาติ,"สำเร็จการศึกษาไม่ต่ำกว่าชั้นมัธยมศึกษาตอนปลายหรือเทียบเท่า, ไม่เป็นนักศึกษาของมหาวิทยาลัยหรือสถาบันอุดมศึกษาอื่น เว้นแต่การศึกษาในมหาวิทยาลัยเปิด หรือการศึกษาหลักสูตรทางไกล (Online) ที่ได้รับปริญญา, ไม่เป็นผู้ป่วยหรืออยู่ในสภาวะที่จะเป็นอุปสรรคร้ายแรงต่อการศึกษา, ไม่เป็นผู้ประพฤติผิดศีลธรรมอันดีหรือมีพฤติกรรมเสื่อมเสียอย่างร้ายแรง",16,วัน – เวลาราชการปกติ,แบบชั้นเรียน (Onsite),136,30,97,9,9,101,2,5,5,8,4,"S(ใช้ได้),U(ใช้ไม่ได้)","AUN-QA,EdPEx,IQA,สป.อว.","ได้ศึกษารายวิชาต่าง ๆ ให้ครบตามโครงสร้าง องค์ประกอบและข้อกำหนดของหลักสูตร โดยมีหน่วยกิตสะสมไม่ต่ำกว่า 136 หน่วยกิต, ได้ค่าระดับเฉลี่ยสะสมไม่ต่ำกว่า 2.00 (จากระบบ 4 ระดับคะแนน), ได้ขึ้นทะเบียนเป็นนักศึกษาแล้วไม่น้อยกว่า 7 ภาคการศึกษาปกติ, นักศึกษาต้องสอบวัดระดับความรู้ภาษาอังกฤษได้ระดับ “P” (ผ่าน) ก่อนสำเร็จการศึกษา โดยจะต้องมีผลคะแนนและการสอบผ่าน ตามเกณฑ์ที่สถาบันเทคโนโลยีนานาชาติสิรินธรกำหนด เมื่อนักศึกษาสอบผ่านเกณฑ์การวัดระดับความรู้ภาษาอังกฤษนี้แล้ว สถาบัน ฯ จะบันทึกในใบรายงานผลการศึกษา เป็น “P” (ผ่าน), ต้องปฏิบัติตามเงื่อนไขอื่น ๆ ที่คณะกรรมการประจำสถาบันเทคโนโลยีนานาชาติสิรินธรและมหาวิทยาลัยธรรมศาสตร์กำหนด, บรรลุผลลัพธ์การเรียนรู้ตามมาตรฐานคุณวุฒิระดับปริญญาตรี"
4. วิศวกรรมศาสตรบัณฑิต สาขาวิชาวิศวกรรมเครื่องกล (นานาชาติ) (ปรับปรุง 2566),1UaQ3fbsES12f_YZh3SGAxH5BMTPKx1X6,1aFL98rRUYDDHNWnNTULl0jPJ-DgCLAYb,1,1,25440051100149,สถาบันเทคโนโลยีนานาชาติสิรินธร,หลักสูตรวิศวกรรมศาสตรบัณฑิต สาขาวิชาวิศวกรรมเครื่องกล (หลักสูตรนานาชาติ),Bachelor of Engineering Program in Mechanical Engineering (International Program),วิศวกรรมศาสตรบัณฑิต (วิศวกรรมเครื่องกล),Bachelor of Engineering (Mechanical Engineering),วศ.บ. (วิศวกรรมเครื่องกล),B.Eng. (Mechanical Engineering),ศูนย์รังสิต,หลักสูตรระดับปริญญาตรี 4 ปี,หลักสูตรปริญญาตรีทางวิชาการ,จัดการศึกษาเป็นภาษาอังกฤษ,เป็นหลักสูตรของสถาบันโดยเฉพาะ,1,2566,"วิศวกร,นักวิจัย,นักวิชาการ,อาจารย์,นักบิน,ประกอบกิจการส่วนตัวหรือประกอบอาชีพอิสระ",โครงการพิเศษ,รับทั้งนักศึกษาไทยและนักศึกษาต่างชาติ,"สำเร็จการศึกษาไม่ต่ำกว่าชั้นมัธยมศึกษาตอนปลายหรือเทียบเท่า,ไม่เป็นนักศึกษาของมหาวิทยาลัยหรือสถาบันอุดมศึกษาอื่น เว้นแต่การศึกษาในมหาวิทยาลัย เปิด หรือการศึกษาหลักสูตรทางไกล (Online) ที่ได้รับปริญญา,ไม่เป็นผู้ป่วยหรืออยู่ในสภาวะที่จะเป็นอุปสรรคร้ายแรงต่อการศึกษา,ไม่เป็นผู้ประพฤติผิดศีลธรรมอันดีหรือมีพฤติกรรมเสื่อมเสียอย่างร้ายแรง",16,วัน – เวลาราชการปกติ,แบบชั้นเรียน (Onsite),139,30,103,0,6,46,,5,6,6,4,"S(ใช้ได้),U(ใช้ไม่ได้)","AUN-QA,EdPEx,IQA,สป.อว.","ได้ศึกษารายวิชาต่างๆ ให้ครบตามโครงสร้าง องค์ประกอบและข้อกำหนดของหลักสูตร โดยมีหน่วยกิตสะสมไม่ต่ำกว่า 139 หน่วยกิต, ได้ค่าระดับเฉลี่ยสะสมไม่ต่ำกว่า 2.00 (จากระบบ 4 ระดับคะแนน), นักศึกษาต้องสอบวัดระดับความรู้ภาษาอังกฤษได้ระดับ “P” (ผ่าน) ก่อนสำเร็จการศึกษา โดยจะต้องมีผลคะแนนและการสอบผ่าน ตามเกณฑ์ที่สถาบันเทคโนโลยีนานาชาติสิรินธรกำหนด เมื่อนักศึกษาสอบผ่านเกณฑ์การวัดระดับความรู้ภาษาอังกฤษนี้แล้ว สถาบันฯ จะบันทึกในใบรายงานผลการศึกษา เป็น “P” (ผ่าน), ต้องปฏิบัติตามเงื่อนไขอื่นๆ ที่คณะกรรมการประจำสถาบันเทคโนโลยีนานาชาติสิรินธรและมหาวิทยาลัยธรรมศาสตร์กำหนด, บรรลุผลลัพธ์การเรียนรู้ตามมาตรฐานคุณวุฒิระดับปริญญาตรี"
6. วิทยาศาสตรบัณฑิต สาขาวิชาการวิเคราะห์ธุรกิจและโซ่อุปทาน (นานาชาติ) (ปรับปรุง 2566),1HpyspLq5nmsyZuVVE7bxez9zrw6OUOkq,14WjEukTfKU6sjxke4FpBFvgJ9XPh72FW,1,1,25450051100297,สถาบันเทคโนโลยีนานาชาติสิรินธร,หลักสูตรวิทยาศาสตรบัณฑิต สาขาวิชาการวิเคราะห์ธุรกิจและโซ่อุปทาน (หลักสูตรนานาชาติ),Bachelor of Science Program in Business and Supply Chain Analytics (International Program),วิทยาศาสตรบัณฑิต (การวิเคราะห์ธุรกิจและโซ่อุปทาน),Bachelor of Science (Business and Supply Chain Analytics),วท.บ. (การวิเคราะห์ธุรกิจและโซ่อุปทาน),B.Sc. (Business and Supply Chain Analytics),ศูนย์รังสิต,หลักสูตรระดับปริญญาตรี 4 ปี,หลักสูตรปริญญาตรีทางวิชาการ,จัดการศึกษาเป็นภาษาอังกฤษ,เป็นหลักสูตรของสถาบันโดยเฉพาะ,1,2566,"บุคลากรด้านการผลิต โลจิสติกส์ และห่วงโซ่อุปทาน เช่น นักวิเคระห์ นักวางแผน ผู้จัดการ ประกอบอาชีพตามสถานประกอบการด้านคลังสินค้า การขนส่ง การกระจายสินค้า การวางแผนการผลิต จัดซื้อ, บุคลากรใช้เทคโนโลยีและข้อมูลเพื่อพัฒนาธุรกิจ เช่น นักวิทยาการข้อมูลเชิงธุรกิจ นักวิทยาการข้อมูล นักวิเคราะห์ด้านอัจฉริยะทางธุรกิจ นักวิเคราะห์ธุรกิจ ผู้ดูแลฐานข้อมูล นักพัฒนาเว็บไซต์ นักวิเคราะห์และออกแบบระบบงาน ผู้จัดการโครงการสารสนเทศ, บุคลากรด้านธุรกิจ เช่น ที่ปรึกษาด้านธุรกิจ นักการตลาด นักการเงิน นักวิเคราะห์ตลาด นักวิเคราะห์พฤติกรรมผู้บริโภค, เจ้าของธุรกิจส่วนตัวที่เกี่ยวข้องกับการวิเคราะห์ข้อมูลธุรกิจและโซ่อุปทาน",โครงการพิเศษ,รับทั้งนักศึกษาไทยและนักศึกษาต่างชาติ,"สำเร็จการศึกษาไม่ต่ำกว่าชั้นมัธยมศึกษาตอนปลายหรือเทียบเท่า, ไม่เป็นนักศึกษาของมหาวิทยาลัยหรือสถาบันอุดมศึกษาอื่น เว้นแต่การศึกษาในมหาวิทยาลัยเปิดหรือการศึกษาหลักสูตรทางไกล (Online) ที่ได้รับปริญญา, ไม่เป็นผู้ป่วยหรืออยู่ในสภาวะที่จะเป็นอุปสรรคร้ายแรงต่อการศึกษา, ไม่เป็นผู้ประพฤติผิดศีลธรรมอันดีหรือมีพฤติกรรมเสื่อมเสียอย่างร้ายแรง",16,วัน – เวลาราชการปกติ,แบบชั้นเรียน (Onsite),139,30,97,0,12,53,,5,10,5,2,"S(ใช้ได้),U(ใช้ไม่ได้),P(ผ่าน)","AUN-QA,EdPEx,สป.อว.","ได้ศึกษารายวิชาต่างๆ ให้ครบตามโครงสร้าง องค์ประกอบและข้อกำหนดของหลักสูตร โดยมีหน่วยกิตสะสมไม่ต่ำกว่า 139 หน่วยกิต, ได้ค่าระดับเฉลี่ยสะสมไม่ต่ำกว่า 2.00 (จากระบบ 4 ระดับคะแนน), นักศึกษาต้องสอบวัดระดับความรู้ภาษาอังกฤษได้ระดับ “P” (ผ่าน) ก่อนสำเร็จการศึกษา โดยจะต้องมีผลคะแนนและการสอบผ่าน ตามเกณฑ์ที่สถาบันเทคโนโลยีนานาชาติสิรินธรกำหนด เมื่อนักศึกษาสอบผ่านเกณฑ์การวัดระดับความรู้ภาษาอังกฤษนี้แล้ว สถาบันฯ จะบันทึกในใบรายงานผลการศึกษาเป็น “P” (ผ่าน), ต้องปฏิบัติตามเงื่อนไขอื่นๆ ที่คณะกรรมการประจำสถาบันเทคโนโลยีนานาชาติสิรินธร และมหาวิทยาลัยธรรมศาสตร์กำหนด, บรรลุผลลัพธ์การเรียนรู้ตามมาตรฐานคุณวุฒิระดับปริญญาตรี"
1. วิศวกรรมศาสตรบัณฑิต สาขาวิชาวิศวกรรมไฟฟ้า (นานาชาติ) (ปรับปรุง 2566),1Qk-nsXnN9SIIliNeU5v4ygRJQ-ub6Sh8,1k0IEMIhSK1aQnT9rj_AM838F8kM6YqZd,1,1,25450051100433,สถาบันเทคโนโลยีนานาชาติสิรินธร,หลักสูตรวิศวกรรมศาสตรบัณฑิต สาขาวิชาวิศวกรรมไฟฟ้า (หลักสูตรนานาชาติ),Bachelor of Engineering Program in Electrical Engineering (International Program),วิศวกรรมศาสตรบัณฑิต (วิศวกรรมไฟฟ้า),Bachelor of Engineering (Electrical Engineering),วศ.บ. (วิศวกรรมไฟฟ้า),B.Eng. (Electrical Engineering),ศูนย์รังสิต,หลักสูตรระดับปริญญาตรี 4 ปี,หลักสูตรปริญญาตรีทางวิชาการ,จัดการศึกษาเป็นภาษาอังกฤษ,เป็นหลักสูตรของสถาบันโดยเฉพาะ,1,2566,"วิศวกรด้านไฟฟ้า,นักวิชาการด้านไฟฟ้า,นักวิเคราะห์และออกแบบระบบงาน,ผู้ดูแลระบบเครือข่ายและเครื่องแม่ข่าย,ผู้จัดการโครงการด้านไฟฟ้า,ผู้จัดการด้านไฟฟ้า,นักวิชาชีพในสถานประกอบการที่มีการใช้ความรู้ด้านไฟฟ้า",โครงการพิเศษ,รับทั้งนักศึกษาไทยและนักศึกษาต่างชาติ,"สำเร็จการศึกษาไม่ต่ำกว่าชั้นมัธยมศึกษาตอนปลายหรือเทียบเท่า,ไม่เป็นนักศึกษาของมหาวิทยาลัยหรือสถาบันอุดมศึกษาอื่น เว้นแต่การศึกษาในมหาวิทยาลัยเปิด หรือการศึกษาหลักสูตรทางไกล (Online) ที่ได้รับปริญญา,ไม่เป็นผู้ป่วยหรืออยู่ในสภาวะที่จะเป็นอุปสรรคร้ายแรงต่อการศึกษา,ไม่เป็นผู้ประพฤติผิดศีลธรรมอันดีหรือมีพฤติกรรมเสื่อมเสียอย่างร้ายแรง",16,วัน – เวลาราชการปกติ,แบบชั้นเรียน (Onsite),138,30,99,0,9,64,,5,6,7,2,"S(ใช้ได้),U(ใช้ไม่ได้),P(ผ่าน)","AUN-QA,EdPEx,IQA,สป.อว.","ได้ศึกษารายวิชาต่างๆ ให้ครบตามโครงสร้าง องค์ประกอบและข้อกำหนดของหลักสูตร โดยมีหน่วยกิตสะสมไม่ต่ำกว่า 138 หน่วยกิต,ได้ค่าระดับเฉลี่ยสะสมไม่ต่ำกว่า 2.00 (จากระบบ 4 ระดับคะแนน),นักศึกษาต้องสอบวัดระดับความรู้ภาษาอังกฤษได้ระดับ “P” (ผ่าน) ก่อนสำเร็จการศึกษา โดยจะต้องมีผลคะแนนและการสอบผ่าน ตามเกณฑ์ที่สถาบันเทคโนโลยีนานาชาติสิรินธรกำหนด เมื่อนักศึกษาสอบผ่านเกณฑ์การวัดระดับความรู้ภาษาอังกฤษนี้แล้ว สถาบันฯ จะบันทึกในใบรายงานผลการศึกษาเป็น “P” (ผ่าน),ต้องปฏิบัติตามเงื่อนไขอื่นๆ ที่คณะกรรมการประจำสถาบันเทคโนโลยีนานาชาติสิรินธรและมหาวิทยาลัยธรรมศาสตร์กำหนด,บรรลุผลลัพธ์การเรียนรู้ตามมาตรฐานคุณวุฒิระดับปริญญาตรี"
7. วิศวกรรมศาสตรบัณฑิต สาขาวิชาวิศวกรรมคอมพิวเตอร์ (นานาชาติ) (ปรับปรุง 2566),1-U6tTKeBIQYeXzRPSIu1hkP9rqM4Xa_8,1ccSbtCjWBBosIWdDG_Ml-SWAc_3oc1AA,1,1,25560051100031,สถาบันเทคโนโลยีนานาชาติสิรินธร,หลักสูตรวิศวกรรมศาสตรบัณฑิต สาขาวิชาวิศวกรรมคอมพิวเตอร์ (หลักสูตรนานาชาติ),Bachelor of Engineering Program in Computer Engineering (International Program),วิศวกรรมศาสตรบัณฑิต (วิศวกรรมคอมพิวเตอร์),Bachelor of Engineering (Computer Engineering),วศ.บ. (วิศวกรรมคอมพิวเตอร์),B.Eng. (Computer Engineering),ศูนย์รังสิต,หลักสูตรระดับปริญญาตรี 4 ปี,หลักสูตรปริญญาตรีทางวิชาการ,จัดการศึกษาเป็นภาษาอังกฤษ,เป็นหลักสูตรของสถาบันโดยเฉพาะ,1,2566,"Microcontroller Designer, Computer System Developer and Designer, Programmer & System Integrator, Consultant, Computer System Manager",โครงการพิเศษ,รับทั้งนักศึกษาไทยและนักศึกษาต่างชาติ,"สำเร็จการศึกษาไม่ต่ำกว่าชั้นมัธยมศึกษาตอนปลายหรือเทียบเท่า, ไม่เป็นนักศึกษาของมหาวิทยาลัยหรือสถาบันอุดมศึกษาอื่น เว้นแต่การศึกษาในมหาวิทยาลัยเปิด หรือการศึกษาหลักสูตรทางไกล (Online) ที่ได้รับปริญญา, ไม่เป็นผู้ป่วยหรืออยู่ในสภาวะที่จะเป็นอุปสรรคร้ายแรงต่อการศึกษา, ไม่เป็นผู้ประพฤติผิดศีลธรรมอันดีหรือมีพฤติกรรมเสื่อมเสียอย่างร้ายแรง",16,วัน – เวลาราชการปกติ,แบบชั้นเรียน (Onsite),136,30,97,12,9,77,,5,5,7,2,"S(ใช้ได้),U(ใช้ไม่ได้),P(ผ่าน)","AUN-QA,EdPEx,สป.อว.","ได้ศึกษารายวิชาต่างๆ ให้ครบตามโครงสร้าง องค์ประกอบและข้อกำหนดของหลักสูตร โดยมีหน่วยกิตสะสมไม่ต่ำกว่า 136 หน่วยกิต, ได้ค่าระดับเฉลี่ยสะสมไม่ต่ำกว่า 2.00 (จากระบบ 4 ระดับคะแนน), นักศึกษาต้องสอบวัดระดับความรู้ภาษาอังกฤษได้ระดับ “P” (ผ่าน) ก่อนสำเร็จการศึกษา, ต้องปฏิบัติตามเงื่อนไขอื่นๆ ที่คณะกรรมการประจำสถาบันเทคโนโลยีนานาชาติสิรินธรและมหาวิทยาลัยธรรมศาสตร์กำหนด, บรรลุผลลัพธ์การเรียนรู้ตามมาตรฐานคุณวุฒิระดับปริญญาตรี"
8. วิศวกรรมศาสตรบัณฑิต สาขาวิชาวิศวกรรมดิจิทัล (นานาชาติ) (ปรับปรุง 2566),10iBc91SZF7VGHV9tOgykX_kiq4vhT8L7,1nm7PwMewbZf0wT99jUkU9uzMt6To1Q7D,1,1,25620051100026,สถาบันเทคโนโลยีนานาชาติสิรินธร,หลักสูตรวิศวกรรมศาสตรบัณฑิต สาขาวิชาวิศวกรรมดิจิทัล (หลักสูตรนานาชาติ),Bachelor of Engineering Program in Digital Engineering (International Program),วิศวกรรมศาสตรบัณฑิต (วิศวกรรมดิจิทัล),Bachelor of Engineering (Digital Engineering),วศ.บ. (วิศวกรรมดิจิทัล),B.Eng. (Digital Engineering),ศูนย์รังสิต,หลักสูตรระดับปริญญาตรี 4 ปี,หลักสูตรปริญญาตรีทางวิชาการ,จัดการศึกษาเป็นภาษาอังกฤษ,เป็นหลักสูตรของสถาบันโดยเฉพาะ,1,2566,"Programmer, Application Software Developer and Designer, Data Scientist, System Analyst",โครงการพิเศษ,รับทั้งนักศึกษาไทยและนักศึกษาต่างชาติ,"สำเร็จการศึกษาไม่ต่ำกว่าชั้นมัธยมศึกษาตอนปลายหรือเทียบเท่า, ไม่เป็นนักศึกษาของมหาวิทยาลัยหรือสถาบันอุดมศึกษาอื่น เว้นแต่การศึกษาในมหาวิทยาลัยเปิด หรือการศึกษาหลักสูตรทางไกล (Online) ที่ได้รับปริญญา, ไม่เป็นผู้ป่วยหรืออยู่ในสภาวะที่จะเป็นอุปสรรคร้ายแรงต่อการศึกษา, ไม่เป็นผู้ประพฤติผิดศีลธรรมอันดีหรือมีพฤติกรรมเสื่อมเสียอย่างร้ายแรง",16,วัน – เวลาราชการปกติ,แบบชั้นเรียน (Onsite),136,30,97,12,9,54,54,5,5,5,3,"S(ใช้ได้),U(ใช้ไม่ได้),P(ผ่าน)","AUN-QA,EdPEx,IQA,สป.อว.","ได้ศึกษารายวิชาต่างๆ ให้ครบตามโครงสร้าง องค์ประกอบและข้อกำหนดของหลักสูตร โดยมีหน่วยกิตสะสมไม่ต่ำกว่า 136 หน่วยกิต, ได้ค่าระดับเฉลี่ยสะสมไม่ต่ำกว่า 2.00 (จากระบบ 4 ระดับคะแนน), นักศึกษาต้องสอบวัดระดับความรู้ภาษาอังกฤษได้ระดับ “P” (ผ่าน) ก่อนสำเร็จการศึกษา โดยจะต้องมีผลคะแนนและการสอบผ่าน ตามเกณฑ์ที่สถาบันเทคโนโลยีนานาชาติสิรินธรกำหนด เมื่อนักศึกษาสอบผ่านเกณฑ์การวัดระดับความรู้ภาษาอังกฤษนี้แล้ว สถาบันฯ จะบันทึกในใบรายงานผลการศึกษาเป็น “P” (ผ่าน), ต้องปฏิบัติตามเงื่อนไขอื่นๆ ที่คณะกรรมการประจำสถาบันเทคโนโลยีนานาชาติสิรินธรและมหาวิทยาลัยธรรมศาสตร์กำหนด, บรรลุผลลัพธ์การเรียนรู้ตามมาตรฐานคุณวุฒิระดับปริญญาตรี"
2. วิศวกรรมศาสตรบัณฑิต สาขาวิชาวิศวกรรมอุตสาหการฯ (นานาชาติ) (ปรับปรุง 2566),1NC_EiF6j8r_MiCO51CpQ4wDT1ATIN6u2,1POJaYjWdm6DDfnvAiCJokpRajXDlXG-N,1,1,25440051100116,สถาบันเทคโนโลยีนานาชาติสิรินธร,หลักสูตรวิศวกรรมศาสตรบัณฑิต สาขาวิชาวิศวกรรมอุตสาหการและโลจิสติกส์อัจฉริยะ (หลักสูตรนานาชาติ),Bachelor of Engineering Program in Industrial Engineering and Smart Logistics (International Program),วิศวกรรมศาสตรบัณฑิต (วิศวกรรมอุตสาหการและโลจิสติกส์อัจฉริยะ),Bachelor of Engineering (Industrial Engineering and Smart Logistics),วศ.บ. (วิศวกรรมอุตสาหการและโลจิสติกส์อัจฉริยะ),B.Eng. (Industrial Engineering and Smart Logistics),ศูนย์รังสิต,หลักสูตรระดับปริญญาตรี 4 ปี,หลักสูตรปริญญาตรีทางวิชาการ,จัดการศึกษาเป็นภาษาอังกฤษ,เป็นหลักสูตรของสถาบันโดยเฉพาะ,1,2566,"วิศวกร,เจ้าของธุรกิจส่วนตัว,ผู้บริหารอุตสาหกรรม,นักวิจัย,นักวิเคราะห์,นักประสานงาน,อาจารย์",โครงการพิเศษ,รับทั้งนักศึกษาไทยและนักศึกษาต่างชาติ,"สำเร็จการศึกษาไม่ต่ำกว่าชั้นมัธยมศึกษาตอนปลายหรือเทียบเท่า,ไม่เป็นนักศึกษาของมหาวิทยาลัยหรือสถาบันอุดมศึกษาอื่น เว้นแต่การศึกษาในมหาวิทยาลัยเปิด หรือการศึกษาหลักสูตรทางไกล (Online) ที่ได้รับปริญญา,ไม่เป็นผู้ป่วยหรืออยู่ในสภาวะที่จะเป็นอุปสรรคร้ายแรงต่อการศึกษา,ไม่เป็นผู้ประพฤติผิดศีลธรรมอันดีหรือมีพฤติกรรมเสื่อมเสียอย่างร้ายแรง",16,วัน – เวลาราชการปกติ,แบบชั้นเรียน (Onsite),138,30,99,0,9,52,,5,7,5,3,"S(ใช้ได้),U(ใช้ไม่ได้),P(ผ่าน)","AUN-QA,EdPEx,IQA,สป.อว.","นักศึกษาต้องศึกษารายวิชาต่างๆ ให้ครบตามโครงสร้าง องค์ประกอบและข้อกำหนดของหลักสูตร โดยมีหน่วยกิตสะสมไม่ต่ำกว่า 138 หน่วยกิต,ได้ค่าระดับเฉลี่ยสะสมไม่ต่ำกว่า 2.00 (จากระบบ 4 ระดับคะแนน),นักศึกษาต้องสอบวัดระดับความรู้ภาษาอังกฤษได้ระดับ “P” (ผ่าน) ก่อนสำเร็จการศึกษา โดยจะต้องมีผลคะแนนและการสอบผ่าน ตามเกณฑ์ที่สถาบันเทคโนโลยีนานาชาติสิรินธรกำหนด เมื่อนักศึกษาสอบผ่านเกณฑ์การวัดระดับความรู้ภาษาอังกฤษนี้แล้ว สถาบันฯ จะบันทึกในใบรายงานผลการศึกษาเป็น “P” (ผ่าน),ต้องปฏิบัติตามเงื่อนไขอื่นๆ ที่สถาบันเทคโนโลยีนานาชาติสิรินธรและมหาวิทยาลัยธรรมศาสตร์กำหนด,บรรลุผลลัพธ์การเรียนรู้ตามมาตรฐานคุณวุฒิระดับปริญญาตรี"
วิชาโทภาษาอังกฤษเพื่อการสื่อสารเชิงวิชาชีพ (ปรับปรุง 2566),1_LM_kU4C6tOVf9VWkdy1zLGQFBIxgCvj,1DGVjkQeqDICh6oc1T63Q3XqCCauTz53Q,1,1,,สถาบันภาษา,หลักสูตรวิชาโทภาษาอังกฤษเพื่อการสื่อสารเชิงวิชาชีพ,Minors Program in English for Professional Communication,ภาษาอังกฤษเพื่อการสื่อสารเชิงวิชาชีพ,,,,"ศูนย์รังสิต, ท่าพระจันทร์, ศูนย์พัทยา,ศูนย์ลำปาง",หลักสูตรวิชาโท สำหรับนักศึกษาระดับปริญญาตรี,หลักสูตรวิชาโท,จัดการศึกษาเป็นภาษาอังกฤษ,เป็นหลักสูตรของสถาบันโดยเฉพาะ,1,2566,"บุคลากรธุรกิจท่องเที่ยว,นักบัญชี,วิศวกร,พยาบาล,แพทย์,เภสัชกร,นักกฎหมาย,สถาปนิก,นักการธนาคาร,นักรัฐศาสตร์,นักเศรษฐศาสตร์,นักสังคมสงเคราะห์,นักสื่อสารมวลชน,นักสังคมวิทยา,นักวิชาการศึกษา",โครงการปกติ,รับทั้งนักศึกษาไทยและนักศึกษาต่างชาติ,คุณสมบัติของผู้เข้าศึกษาต้องเป็นไปตามข้อบังคับมหาวิทยาลัยธรรมศาสตร์ ว่าด้วยการศึกษาชั้นปริญญาตรี พ.ศ. 2561 ข้อ 14,16,วัน – เวลาราชการปกติ,"แบบชั้นเรียน (Onsite),แบบประสมประสาน (Hybrid)",18,0,6,12,0,6,2,5,60,20,28,,EdPEx,"ได้ศึกษารายวิชาต่างๆ ครบตามโครงสร้างหลักสูตรวิชาโทภาษาอังกฤษเพื่อการสื่อสารเชิงวิชาชีพ จำนวน 18 หน่วยกิต,ต้องปฏิบัติตามเงื่อนไขอื่นๆ ที่สถาบันภาษาและมหาวิทยาลัยธรรมศาสตร์กำหนด"
บริหารธุรกิจบัณฑิต (นานาชาติ-ปรับปรุง 66),1OVcxlA3SyokhED7-kXgie8QAkNzKf7EI,1fgle0Q9ifR_dixqgti-kE-2llOJnwrYw,1,1,25520051104406,คณะพาณิชยศาสตร์และการบัญชี,หลักสูตรบริหารธุรกิจบัณฑิต (หลักสูตรนานาชาติ),Bachelor of Business Administration Program (International Program),บริหารธุรกิจบัณฑิต,Bachelor of Business Administration,บธ.บ.,B.B.A.,ศูนย์ท่าพระจันทร์,หลักสูตรระดับปริญญาตรี 4 ปี,หลักสูตรปริญญาตรีทางวิชาการ,จัดการศึกษาเป็นภาษาอังกฤษ,เป็นหลักสูตรของสถาบันโดยเฉพาะ,1,2566,"นักบริหาร,นักวิชาการ,นักวิจัย,พนักงานขององค์กร,วาณิชธนากร,ผู้บริหารการเงิน,เจ้าหน้าที่บริหารความเสี่ยง,โบรกเกอร์,เจ้าหน้าที่ลงทุนเพื่อบัญชีของบริษัท,เจ้าหน้าที่แนะนำผลิตภัณฑ์ทางการเงิน,นักวิเคราะห์หลักทรัพย์,ที่ปรึกษาทางการเงิน,เจ้าหน้าที่วิเคราะห์สินเชื่อ,วิศวกรทางการเงิน,นักวิจัยการเงิน,นักค้าเงินตราต่างประเทศ",โครงการพิเศษ,รับทั้งนักศึกษาไทยและนักศึกษาต่างชาติ,"ต้องสำเร็จการศึกษาไม่ต่ำกว่าระดับมัธยมศึกษาตอนปลายหรือเทียบเท่า,มีคุณสมบัติเฉพาะตามแต่ละช่องทางการคัดเลือกกำหนดไว้,กรณีเป็นนักศึกษาไทยต้องสามารถใช้ภาษาอังกฤษได้เป็นอย่างดี",16,วัน – เวลาราชการปกติ,แบบชั้นเรียน (Onsite),135,30,99,15,6,30,30,6,110,73,160,"S(ใช้ได้),U(ใช้ไม่ได้),ACC(ได้รับยกเว้นรายวิชาโดยผ่านการทดสอบเทียบความรู้หรือใช้ผลการสอบในรายวิชาที่นับหน่วยกิตหรือได้รับการเทียบโอยรายวิชาและหน่วยกิต),EXE(ได้รับยกเว้นรายวิชาโดยผ่านการทดสอบเทียบความรู้หรือใช้ผลการสอบในรายวิชาที่ไม่นับหน่วยกิต),I(การวัดผลไม่สมบูรณ์),W(การถอนรายวิชาโดยได้รับอนุมัติ),AUD(การศึกษาโดยไม่วัดผลการศึกษา)","AACSB,EQUIS,AMBA","ได้ศึกษารายวิชาต่าง ๆ ครบตามโครงสร้างหลักสูตรและมีหน่วยกิตสะสมไม่ต่ำกว่า 135 หน่วยกิต,ได้ค่าระดับเฉลี่ยสะสมไม่ต่ำกว่า 2.00 (จากระบบ 4 ระดับคะแนน),วิชาเอกบังคับ จะต้องสอบไล่ได้แต่ละรายวิชาไม่ต่ำกว่า C,บรรลุผลลัพธ์การเรียนรู้ตามมาตรฐานคุณวุฒิระดับปริญญาตรี,ต้องปฏิบัติตามเงื่อนไขอื่นๆ ที่คณะพาณิชยศาสตร์และการบัญชี และมหาวิทยาลัยธรรมศาสตร์กำหนด"
บัญชีบัณฑิต (ปรับปรุง 66),1Lk5TKHZcBUBtXQZ6J6YmUjVtOxefwd1w,1YPKrswnmKqf337GhSmNv6PyzWewfejg7,1,1,25520051102692,คณะพาณิชยศาสตร์และการบัญชี,หลักสูตรบัญชีบัณฑิต,Bachelor of Accounting Program,บัญชีบัณฑิต,Bachelor of Accounting,บช.บ.,B.Acc.,ศูนย์รังสิต,หลักสูตรระดับปริญญาตรี 4 ปี,หลักสูตรปริญญาตรีทางวิชาการ,จัดการศึกษาเป็นภาษาไทยและภาษาอังกฤษ,เป็นหลักสูตรของสถาบันโดยเฉพาะ,1,2566,"ผู้ทำบัญชี,ผู้ตรวจสอบบัญชี,นักบัญชีบริหาร,นักวางระบบบัญชี,นักบัญชีภาษีอากร,นักการศึกษาและเทคโนโลยีการบัญชี,ผู้ตรวจสอบภายใน",โครงการปกติ,รับทั้งนักศึกษาไทยและนักศึกษาต่างชาติ,"ต้องสำเร็จการศึกษาไม่ต่ำกว่าระดับมัธยมศึกษาตอนปลายหรือเทียบเท่า,มีคุณสมบัติเฉพาะตามแต่ละช่องทางการคัดเลือกกำหนดไว้,กรณีเป็นนักศึกษาต่างชาติต้องสามารถใช้ภาษาไทยได้เป็นอย่างดี",16,วัน – เวลาราชการปกติ,แบบชั้นเรียน (Onsite),135,30,99,21,6,12,6,5,110,73,160,"S(ใช้ได้),U(ใช้ไม่ได้),ACC(ได้รับยกเว้นรายวิชาโดยผ่านการทดสอบเทียบความรู้หรือใช้ผลการสอบในรายวิชาที่นับหน่วยกิตหรือได้รับการเทียบโอยรายวิชาและหน่วยกิต),EXE(ได้รับยกเว้นรายวิชาโดยผ่านการทดสอบเทียบความรู้หรือใช้ผลการสอบในรายวิชาที่ไม่นับหน่วยกิต),I(การวัดผลไม่สมบูรณ์),W(การถอนรายวิชาโดยได้รับอนุมัติ),AUD(การศึกษาโดยไม่วัดผลการศึกษา)","AACSB,EQUIS,AMBA","ได้ศึกษารายวิชาต่าง ๆ ครบตามโครงสร้างหลักสูตร และมีหน่วยกิตสะสมไม่ต่ำกว่า 135 หน่วยกิต,ได้ค่าระดับเฉลี่ยสะสมไม่ต่ำกว่า 2.00 (จากระบบ 4 ระดับคะแนน),วิชาเอกบังคับ จะต้องสอบไล่ได้แต่ละรายวิชาไม่ต่ำกว่า C,บรรลุผลลัพธ์การเรียนรู้ตามมาตรฐานคุณวุฒิระดับปริญญาตรี,ต้องปฏิบัติตามเงื่อนไขอื่นๆ ที่คณะพาณิชยศาสตร์และการบัญชีและมหาวิทยาลัยธรรมศาสตร์กำหนด"
ควบ บธ.บ. สาขาวิชาการจัดการธุรกิจแบบบูรณาการ (ปรับปรุง 66),1tDyoCs7EOOjd4XUfnJAG-FHSuho5QKHG,1ti-65je1J2x-HeBe48GVU5cHKDMmefEo,1,1,25490051100472,คณะพาณิชยศาสตร์และการบัญชี,หลักสูตรควบบริหารธุรกิจบัณฑิต สาขาวิชาการจัดการธุรกิจแบบบูรณาการ,Integrated Program of Bachelor of Business Administration in Integrative Business Management,บริหารธุรกิจบัณฑิต (การจัดการธุรกิจแบบบูรณาการ),Bachelor of Business Administration (Integrative Business Management),บธ.บ. (การจัดการธุรกิจแบบบูรณาการ),B.B.A. (Integrative Business Management),ศูนย์ท่าพระจันทร์,หลักสูตรระดับปริญญาตรี 4 ปี,หลักสูตรปริญญาตรีทางวิชาการ,จัดการศึกษาเป็นภาษาไทย,เป็นหลักสูตรของสถาบันโดยเฉพาะ,1,2566,"นักบริหาร,นักวิชาการ,นักวิจัย,พนักงานขององค์กร,วาณิชธนากร,ผู้บริหารการเงิน,เจ้าหน้าที่บริหารความเสี่ยง,โบรกเกอร์,เจ้าหน้าที่ลงทุนเพื่อบัญชีของบริษัท,เจ้าหน้าที่แนะนำผลิตภัณฑ์ทางการเงิน,นักวิเคราะห์หลักทรัพย์,เจ้าหน้าที่ในฝ่ายบริหารความเสี่ยงของกองทุน,ที่ปรึกษาทางการเงิน,เจ้าหน้าที่วิเคราะห์สินเชื่อ,เจ้าหน้าที่ในฝ่ายบริหารความเสี่ยงและสภาพคล่องของสถาบันการเงิน,วิศวกรทางการเงิน,นักวิจัยการเงิน,นักค้าเงินตราต่างประเทศ,นักวิเคราะห์และวิจัยตลาด,ผู้ดำเนินการและสัมภาษณ์,พนักงานจัดซื้อ,ผู้บริหารการค้าปลีก,พนักงานสายงานประชาสัมพันธ์,ผู้บริหารงานส่วนสื่อสารองค์กร,พนักงานขายและดูแลลูกค้าในการจัดกิจกรรม,ผู้บริหารการจัดกิจกรรมทางการตลาด,ผู้บริหารโครงการ,ผู้บริหารสินค้าอีคอมเมิร์ซ,ผู้บริหารสื่อทางสังคม,นักการบริหารองค์การ,ผู้ประกอบการ,เจ้าของธุรกิจของตนเอง,ทายาทธุรกิจครอบครัว,ที่ปรึกษาฝ่ายพัฒนาธุรกิจขององค์กรชั้นนำ/ธนาคารพาณิชย์,ผู้เชี่ยวชาญด้านการสร้างธุรกิจ (Start-up)",โครงการปกติ,รับทั้งนักศึกษาไทยและนักศึกษาต่างชาติ,"ต้องสำเร็จการศึกษาไม่ต่ำกว่าระดับมัธยมศึกษาตอนปลายหรือเทียบเท่า,มีคุณสมบัติเฉพาะตามแต่ละช่องทางการคัดเลือกกำหนดไว้,กรณีเป็นนักศึกษาต่างชาติต้องสามารถใช้ภาษาไทยได้เป็นอย่างดี",16,วัน – เวลาราชการปกติ,แบบชั้นเรียน (Onsite),120,30,84,0,6,7,1,5,110,73,160,"S(ใช้ได้),U(ใช้ไม่ได้),ACC(ได้รับยกเว้นรายวิชาโดยผ่านการทดสอบเทียบความรู้หรือใช้ผลการสอบในรายวิชาที่นับหน่วยกิตหรือได้รับการเทียบโอยรายวิชาและหน่วยกิต),EXE(ได้รับยกเว้นรายวิชาโดยผ่านการทดสอบเทียบความรู้หรือใช้ผลการสอบในรายวิชาที่ไม่นับหน่วยกิต),I(การวัดผลไม่สมบูรณ์),W(การถอนรายวิชาโดยได้รับอนุมัติ),AUD(การศึกษาโดยไม่วัดผลการศึกษา)","AACSB,EQUIS,AMBA","ได้ศึกษารายวิชาต่างๆ ครบตามโครงสร้างหลักสูตรและมีหน่วยกิตสะสมไม่ต่ำกว่า 120 หน่วยกิต,ได้ค่าระดับเฉลี่ยสะสมไม่ต่ำกว่า 2.00 (จากระบบ 4 ระดับคะแนน),ต้องปฏิบัติตามเงื่อนไขอื่นๆ ที่คณะพาณิชยศาสตร์และการบัญชี และมหาวิทยาลัยธรรมศาสตร์กำหนด"
ควบ บช.บ. สาขาวิชาการบัญชีธุรกิจแบบบูรณาการ (ปรับปรุง 66),1sf605UFcV5tQDX-STOR7gHVIiUAxi0iS,1enWMnh7EgR390LzDqERtgv4lV1H1OMNy,1,1,25490051100652,คณะพาณิชยศาสตร์และการบัญชี,หลักสูตรควบบัญชีบัณฑิต สาขาวิชาการบัญชีธุรกิจแบบบูรณาการ,Integrated Program of Bachelor of Accounting in Integrative Business Accounting,บัญชีบัณฑิต (การบัญชีธุรกิจแบบบูรณาการ),Bachelor of Accounting (Integrative Business Accounting),บช.บ. (การบัญชีธุรกิจแบบบูรณาการ),B.Acc. (Integrative Business Accounting),"ศูนย์รังสิต, ท่าพระจันทร์",หลักสูตรระดับปริญญาตรี 4 ปี,หลักสูตรปริญญาตรีทางวิชาการ,จัดการศึกษาเป็นภาษาไทย,เป็นหลักสูตรของสถาบันโดยเฉพาะ,1,2566,"ผู้บริหาร,นักวิชาการ,นักวิจัย,ผู้ทำบัญชี,ผู้ตรวจสอบบัญชี,นักบัญชีบริหาร,นักวางระบบบัญชี,นักบัญชีภาษีอากร,นักการศึกษาและเทคโนโลยีการบัญชี,ผู้ตรวจสอบภายใน",โครงการปกติ,รับทั้งนักศึกษาไทยและนักศึกษาต่างชาติ,"ต้องสำเร็จการศึกษาไม่ต่ำกว่าระดับมัธยมศึกษาตอนปลายหรือเทียบเท่า,มีคุณสมบัติเฉพาะตามแต่ละช่องทางการคัดเลือกกำหนดไว้,กรณีเป็นนักศึกษาต่างชาติต้องสามารถใช้ภาษาไทยได้เป็นอย่างดี",16,วัน – เวลาราชการปกติ,แบบชั้นเรียน (Onsite),120,30,84,0,6,49,5,5,110,73,160,"S(ใช้ได้),U(ใช้ไม่ได้),ACC(ได้รับยกเว้นรายวิชาโดยผ่านการทดสอบเทียบความรู้หรือใช้ผลการสอบในรายวิชาที่นับหน่วยกิตหรือได้รับการเทียบโอยรายวิชาและหน่วยกิต),EXE(ได้รับยกเว้นรายวิชาโดยผ่านการทดสอบเทียบความรู้หรือใช้ผลการสอบในรายวิชาที่ไม่นับหน่วยกิต),I(การวัดผลไม่สมบูรณ์),W(การถอนรายวิชาโดยได้รับอนุมัติ),AUD(การศึกษาโดยไม่วัดผลการศึกษา)","AACSB,EQUIS,AMBA","ได้ศึกษารายวิชาต่างๆ ครบตามโครงสร้างหลักสูตร และมีหน่วยกิตสะสมไม่ต่ำกว่า 120 หน่วยกิต,ได้ค่าระดับเฉลี่ยสะสมไม่ต่ำกว่า 2.00 (จากระบบ 4 ระดับคะแนน),ต้องปฏิบัติตามเงื่อนไขอื่นๆ ที่คณะพาณิชยศาสตร์และการบัญชีและมหาวิทยาลัยธรรมศาสตร์กำหนด"
บัญชีบัณฑิต (นานาชาติ-ปรับปรุง 66),1ENUaKAImSNwzqkj3b-AZ69hNhiME2sZU,1RbpBSVQetmW_xfClKC9velvUgMpRy5_B,1,1,25520051108169,คณะพาณิชยศาสตร์และการบัญชี,หลักสูตรบัญชีบัณฑิต (หลักสูตรนานาชาติ),Bachelor of Accounting Program (International Program),บัญชีบัณฑิต,Bachelor of Accounting,บช.บ.,B.Acc.,ศูนย์ท่าพระจันทร์,หลักสูตรระดับปริญญาตรี 4 ปี,หลักสูตรปริญญาตรีทางวิชาการ,จัดการศึกษาเป็นภาษาอังกฤษ,เป็นหลักสูตรของสถาบันโดยเฉพาะ,1,2566,"ผู้ทำบัญชี,ผู้ตรวจสอบบัญชี,นักบัญชีบริหาร,นักวางระบบบัญชี,นักบัญชีภาษีอากร,นักการศึกษาและเทคโนโลยีการบัญชี,ผู้ตรวจสอบภายใน",โครงการพิเศษ,รับทั้งนักศึกษาไทยและนักศึกษาต่างชาติ,"ต้องสำเร็จการศึกษาไม่ต่ำกว่าระดับมัธยมศึกษาตอนปลายหรือเทียบเท่า,มีคุณสมบัติเฉพาะตามแต่ละช่องทางการคัดเลือกกำหนดไว้,กรณีเป็นนักศึกษาไทยต้องสามารถใช้ภาษาอังกฤษได้เป็นอย่างดี",16,วัน – เวลาราชการปกติ,แบบชั้นเรียน (Onsite),135,30,99,21,6,12,6,5,110,73,160,"S(ใช้ได้),U(ใช้ไม่ได้),ACC(ได้รับยกเว้นรายวิชาโดยผ่านการทดสอบเทียบความรู้หรือใช้ผลการสอบในรายวิชาที่นับหน่วยกิตหรือได้รับการเทียบโอยรายวิชาและหน่วยกิต),EXE(ได้รับยกเว้นรายวิชาโดยผ่านการทดสอบเทียบความรู้หรือใช้ผลการสอบในรายวิชาที่ไม่นับหน่วยกิต),I(การวัดผลไม่สมบูรณ์),W(การถอนรายวิชาโดยได้รับอนุมัติ),AUD(การศึกษาโดยไม่วัดผลการศึกษา)","AACSB,EQUIS,AMBA","ได้ศึกษารายวิชาต่าง ๆ ครบตามโครงสร้างหลักสูตร และมีหน่วยกิตสะสมไม่ต่ำกว่า 135 หน่วยกิต, ได้ค่าระดับเฉลี่ยสะสมไม่ต่ำกว่า 2.00 (จากระบบ 4 ระดับคะแนน), วิชาเอกบังคับ จะต้องสอบไล่ได้แต่ละรายวิชาไม่ต่ำกว่า C, บรรลุผลลัพธ์การเรียนรู้ตามมาตรฐานคุณวุฒิระดับปริญญาตรี, ต้องปฏิบัติตามเงื่อนไขอื่นๆ ที่คณะพาณิชยศาสตร์และการบัญชีและมหาวิทยาลัยธรรมศาสตร์กำหนด"
ควบ บธ.บ. สาขาวิชาการจัดการธุรกิจแบบบูรณาการ (นานาชาติ-ใหม่ 2569),1YdOY2wg1GDA06NiKhMFAIsEG9158IfcA,1BuRHEYFGX0uQRJaiAG_Wo8TLnuZfxIZa,1,1,,คณะพาณิชยศาสตร์และการบัญชี,ควบบริหารธุรกิจบัณฑิต สาขาวิชาการจัดการธุรกิจแบบบูรณาการ,Integrated Program of Bachelor of Business Administration Program in Integrative Business Management,บริหารธุรกิจบัณฑิต (การจัดการธุรกิจแบบบูรณาการ),Bachelor of Business Administration (Integrative Business Management),บธ.บ. (การจัดการธุรกิจแบบบูรณาการ),B.B.A. (Integrative Business Management),ศูนย์รังสิต,หลักสูตรระดับปริญญาตรี 4 ปี,หลักสูตรปริญญาตรีทางวิชาการ,จัดการศึกษาเป็นภาษาอังกฤษ,เป็นหลักสูตรของสถาบันโดยเฉพาะ,1,2569,"นักบริหาร,นักวิชาการ,นักวิจัย,พนักงานขององค์กร,วาณิชธนากร,ผู้บริหารการเงิน,เจ้าหน้าที่บริหารความเสี่ยง,โบรกเกอร์,เจ้าหน้าที่ลงทุนเพื่อบัญชีของบริษัท,เจ้าหน้าที่แนะนำผลิตภัณฑ์ทางการเงิน,นักวิเคราะห์หลักทรัพย์,เจ้าหน้าที่ในฝ่ายบริหารความเสี่ยงของกองทุน,ที่ปรึกษาทางการเงิน,เจ้าหน้าที่วิเคราะห์สินเชื่อ,เจ้าหน้าที่ในฝ่ายบริหารความเสี่ยงและสภาพคล่องของสถาบันการเงิน,วิศวกรทางการเงิน,นักวิจัยการเงิน,นักค้าเงินตราต่างประเทศ,นักวิเคราะห์และวิจัยตลาด,ผู้ดำเนินการและสัมภาษณ์,การสัมภาษณ์กลุ่มพนักงานจัดซื้อ,ผู้บริหารการค้าปลีกพนักงานสายงานประชาสัมพันธ์,ผู้บริหารงานส่วนสื่อสารองค์กร,พนักงานขายและดูแลลูกค้าในการจัดกิจกรรม,ผู้บริหารการจัดกิจกรรมทางการตลาด,ผู้บริหารโครงการ,ผู้บริหารสินค้า,อีคอมเมิร์ซ,ผู้บริหารสื่อทางสังคม,นักการบริหารองค์การ,การประกอบการ,ที่ปรึกษาทางธุรกิจ,เจ้าของธุรกิจของตนเอง,ทายาทธุรกิจครอบครัว,ที่ปรึกษาฝ่ายพัฒนาธุรกิจขององค์กรชั้นนำ/ธนาคารพาณิชย์,ที่ปรึกษาด้านการประกอบการ,ผู้เชี่ยวชาญด้านการสร้างธุรกิจ (Start-up)",โครงการปกติและโครงการพิเศษ,รับทั้งนักศึกษาไทยและนักศึกษาต่างชาติ,"ต้องสำเร็จการศึกษาไม่ต่ำกว่าระดับมัธยมศึกษาตอนปลายหรือเทียบเท่า,มีคุณสมบัติเฉพาะตามแต่ละช่องทางการคัดเลือกกำหนดไว้,กรณีเป็นนักศึกษาไทย ต้องสามารถใช้ภาษาอังกฤษได้เป็นอย่างดี",16,วัน – เวลาราชการปกติ,แบบชั้นเรียน (Onsite),120,30,84,0,6,5,,5,110,0,160,"S(ใช้ได้),U(ใช้ไม่ได้),ACC(ได้รับยกเว้นรายวิชาโดยผ่านการทดสอบเทียบความรู้หรือใช้ผลการสอบในรายวิชาที่นับหน่วยกิตหรือได้รับการเทียบโอยรายวิชาและหน่วยกิต),EXE(ได้รับยกเว้นรายวิชาโดยผ่านการทดสอบเทียบความรู้หรือใช้ผลการสอบในรายวิชาที่ไม่นับหน่วยกิต),I(การวัดผลไม่สมบูรณ์),W(การถอนรายวิชาโดยได้รับอนุมัติ),AUD(การศึกษาโดยไม่วัดผลการศึกษา)","EQUIS,AACSB","ได้ศึกษารายวิชาต่างๆ ครบตามโครงสร้างหลักสูตรและมีหน่วยกิตสะสมไม่ต่ำกว่า 120 หน่วยกิต,ได้ค่าระดับเฉลี่ยสะสมไม่ต่ำกว่า 2.00 (จากระบบ 4 ระดับคะแนน),บรรลุผลลัพธ์การเรียนรู้ ตามมาตรฐานคุณวุฒิระดับปริญญาตรี,ต้องปฏิบัติตามเงื่อนไขอื่นๆ ที่คณะพาณิชยศาสตร์และการบัญชี และมหาวิทยาลัยธรรมศาสตร์"
บริหารธุรกิจบัณฑิต (ปรับปรุง 66),1MUOet_7F7i50RMviqsJZV2s-y9a6rS2r,1_3kvrlNYZBZ6RrASrEcQQXZdI7QdcMQV,1,1,25520051102714,คณะพาณิชยศาสตร์และการบัญชี,หลักสูตรบริหารธุรกิจบัณฑิต,Bachelor of Business Administration Program,บริหารธุรกิจบัณฑิต,Bachelor of Business Administration,บธ.บ.,B.B.A.,ศูนย์รังสิต,หลักสูตรระดับปริญญาตรี 4 ปี,หลักสูตรปริญญาตรีทางวิชาการ,จัดการศึกษาเป็นภาษาไทย,เป็นหลักสูตรของสถาบันโดยเฉพาะ,1,2566,"นักบริหาร,นักวิชาการ,นักวิจัย,พนักงานขององค์กร,วาณิชธนากร,ผู้บริหารการเงิน,เจ้าหน้าที่บริหารความเสี่ยง,โบรกเกอร์,เจ้าหน้าที่ลงทุนเพื่อบัญชีของบริษัท,เจ้าหน้าที่แนะนำผลิตภัณฑ์ทางการเงิน,นักวิเคราะห์หลักทรัพย์,เจ้าหน้าที่ในฝ่ายบริหารความเสี่ยงของกองทุน,ที่ปรึกษาทางการเงิน,เจ้าหน้าที่วิเคราะห์สินเชื่อ,เจ้าหน้าที่ในฝ่ายบริหารความเสี่ยงและสภาพคล่องของสถาบันการเงิน,วิศวกรทางการเงิน,นักวิจัยการเงิน,นักค้าเงินตราต่างประเทศ,นักวิเคราะห์และวิจัยทางการตลาด,การจัดการลูกค้า,การจัดการตรายี่ห้อ,การพัฒนาผลิตภัณฑ์หรือธุรกิจใหม่,การจัดการการขายและการค้าในช่องทางการจัดจำหน่าย (Trade Marketing),การจัดการกลยุทธ์การสื่อสารการตลาด,การจัดการการตลาดดิจิทัล,นักวิเคราะห์และออกแบบระบบ,นักวิเคราะห์และพัฒนาธุรกิจอิเล็กทรอนิกส์,ผู้ตรวจสอบคอมพิวเตอร์,ที่ปรึกษางานด้านระบบสารสนเทศ,ผู้ให้คำแนะนำระบบทางธุรกิจ,ที่ปรึกษาด้านระบบนักวิเคราะห์ข้อมูลธุรกิจ,นักพัฒนาฐานข้อมูล,ผู้จัดการฐานข้อมูล,ผู้ทดสอบและควบคุมคุณภาพระบบ,ผู้ดูแลและจัดการเครือข่ายคอมพิวเตอร์,ผู้พัฒนาโปรแกรม,นักวางแผนทรัพยากรมนุษย์ (HR Analytics),นักพัฒนาทรัพยากรมนุษย์ (HR Development),นักวิเคราะห์และบริหารค่าตอบแทน (Reward Management),ที่ปรึกษาด้านการบริหารทรัพยากรมนุษย์ (HR Consulting),CPO: Chief People Officer,ผู้จัดการ / ผู้อำนวยการฝ่าย / แผนกทรัพยากรมนุษย์,CLO: Chief Learning Officer,ผู้จัดการ / ผู้อำนวยการฝ่าย / แผนกวางแผนและพัฒนาองค์การ,นักวิเคราะห์นโยบายและกลยุทธ์ (Planning and Strategy),นักพัฒนาองค์กร (Organization Development),นักบริหารงานจัดการ (Management Trainee),เจ้าของธุรกิจของตนเอง (Entrepreneur),ทายาทธุรกิจครอบครัว,ที่ปรึกษาฝ่ายพัฒนาธุรกิจขององค์กรชั้นนำ/ ธนาคารพาณิชย์,ที่ปรึกษาด้านการประกอบการ,ผู้เชี่ยวชาญด้านการสร้างธุรกิจ (Start-up),ผู้เชี่ยวชาญด้านการพัฒนาองค์กรให้อยู่รอดและเติบโต (Survival & Growth Strategist),นักวิเคราะห์กลยุทธ์ SMEs,เจ้าหน้าที่บริหารโครงการ,เจ้าหน้าที่ประกันคุณภาพ,เจ้าหน้าที่บริหารการผลิต,เจ้าหน้าที่บริหารลูกค้า,เจ้าหน้าที่จัดซื้อ,เจ้าหน้าที่บริหารคลังสินค้า,เจ้าหน้าที่บริหารสินค้าคงคลัง,เจ้าหน้าที่ลูกค้าสัมพันธ์,เจ้าหน้าที่วิเคราะห์ระบบ,เจ้าหน้าที่บริหารโซ่อุปทาน,ผู้อำนวยการฝ่ายบริการลูกค้า,ผู้จัดการแผนกส่งออก,ผู้จัดการแผนกนำเข้า-ส่งออก,เจ้าหน้าที่ประสานงานการนำเข้า-ส่งออก,เจ้าหน้าที่ส่วนงานนำเข้า,ผู้จัดการส่งงานโลจิสติกส์และซัพพลาย Production Planner,ผู้จัดการซัพพลายเชน,ผู้จัดการส่วนงานจัดเก็บสินค้า,หน่วยงาราชการ,นักพัฒนาอสังหาริมทรัพย์,นักลงทุนอสังหาริมทรัพย์,ผู้บริหารทรัพย์สิน,นักประเมินราคาอสังหาริมทรัพย์,นักการตลาดอสังหาริมทรัพย์,ตัวแทนและนายหน้าอสังหาริมทรัพย์",โครงการปกติ,รับทั้งนักศึกษาไทยและนักศึกษาต่างชาติ,"ต้องสำเร็จการศึกษาไม่ต่ำกว่าระดับมัธยมศึกษาตอนปลายหรือเทียบเท่า,มีคุณสมบัติเฉพาะตามแต่ละช่องทางการคัดเลือกกำหนดไว้,กรณีเป็นนักศึกษาต่างชาติต้องสามารถใช้ภาษาไทยได้เป็นอย่างดี",16,วัน – เวลาราชการปกติ,แบบชั้นเรียน (Onsite),135,30,99,15,6,127,19,21,110,73,160,"S(ใช้ได้),U(ใช้ไม่ได้),ACC(ได้รับยกเว้นรายวิชาโดยผ่านการทดสอบเทียบความรู้หรือใช้ผลการสอบในรายวิชาที่นับหน่วยกิตหรือได้รับการเทียบโอยรายวิชาและหน่วยกิต),EXE(ได้รับยกเว้นรายวิชาโดยผ่านการทดสอบเทียบความรู้หรือใช้ผลการสอบในรายวิชาที่ไม่นับหน่วยกิต),I(การวัดผลไม่สมบูรณ์),W(การถอนรายวิชาโดยได้รับอนุมัติ),AUD(การศึกษาโดยไม่วัดผลการศึกษา)","AACSB,EQUIS,AMBA","ได้ศึกษารายวิชาต่าง ๆ ครบตามโครงสร้างหลักสูตรและมีหน่วยกิตสะสมไม่ต่ำกว่า 135 หน่วยกิต,ได้ค่าระดับเฉลี่ยสะสมไม่ต่ำกว่า 2.00 (จากระบบ 4 ระดับคะแนน),วิชาเอกบังคับ จะต้องสอบไล่ได้แต่ละรายวิชาไม่ต่ำกว่า C,บรรลุผลลัพธ์การเรียนรู้ตามมาตรฐานคุณวุฒิระดับปริญญาตรี,ต้องปฏิบัติตามเงื่อนไขอื่นๆ ที่คณะพาณิชยศาสตร์และการบัญชีและมหาวิทยาลัยธรรมศาสตร์กำหนด"
2.สม.บ.การวิจัยทางสังคม (ปรับปรุง พ.ศ.2566),1_7NihGpTBtcK4x9NXgN6WSA2iLcwYOYQ,1ANeZuC333qLTZjatZKKKh2ZeX52a6h8J,1,1,25510051100351,คณะสังคมวิทยาและมานุษยวิทยา,หลักสูตรสังคมวิทยาและมานุษยวิทยาบัณฑิต สาขาวิชาการวิจัยทางสังคม,Bachelor of Arts Program in Social Research,สังคมวิทยาและมานุษยวิทยาบัณฑิต (การวิจัยทางสังคม),Bachelor of Arts (Social Research),สม.บ. (การวิจัยทางสังคม),B.A. (Social Research),ศูนย์รังสิต,หลักสูตรระดับปริญญาตรี 4 ปี,หลักสูตรปริญญาตรีทางวิชาการ,จัดการศึกษาเป็นภาษาไทย,เป็นหลักสูตรของสถาบันโดยเฉพาะ,1,2566,"นักวิจัยทางสังคม (Social Researcher) หรือนักวิชาการ (Acadamian) ทางด้านสังคมและวัฒนธรรม ทั้งในหน่วยงานของรัฐและเอกชน, นักวิชาการ/ครู/อาจารย์, นักบริหารและนักวิเคราะห์ (Analyst) ทางด้านการบริหารจัดการ นโยบายและการวางแผนทางสังคม และการวิเคราะห์ผลกระทบทางสังคมและวัฒนธรรม, นักวิชาการพัฒนาชุมชน (Community Development Specialist)/ นักพัฒนาสังคม (Social Development Worker), ผู้เชี่ยวชาญด้านการรับผิดชอบต่อสังคม (CSR Specialist), ผู้บริหารทางด้านทรัพยากรบุคคล (Human Resource Manager), นักประวัติศาสตร์สังคม (Social Historian), นักวิชาการวัฒนธรรม (Cultural Officer), นักการจัดการและบริหารพิพิธภัณฑ์ (Museum Manager), นักพัฒนาการท่องเที่ยว (Tourism Development Officer), นักเขียนสารคดี (Documentary Writer), ผู้ผลิตสื่อดิจิตอล (Digital Media Producer)/ผู้กำกับสื่อ (Media Director)/ผู้สื่อข่าว (Reporter), นักวิจารณ์สังคม (Social Criticist)",โครงการพิเศษ,รับทั้งนักศึกษาไทยและนักศึกษาต่างชาติ,"สำเร็จการศึกษาไม่ต่ำกว่าชั้นมัธยมศึกษาตอนปลายหรือเทียบเท่า, ไม่เป็นนักศึกษาของมหาวิทยาลัยหรือสถาบันอุดมศึกษาอื่น เว้นแต่การศึกษาในมหาวิทยาลัยเปิด หรือการศึกษาหลักสูตรทางไกล (online) ที่ได้รับปริญญา, ไม่เป็นผู้ป่วยหรืออยู่ในสภาวะที่จะเป็นอุปสรรคร้ายแรงต่อการศึกษา, ไม่เป็นผู้ประพฤติผิดศีลธรรมอันดีหรือมีพฤติกรรมเสื่อมเสียอย่างร้ายแรง, ผู้สมัครต้องมีคะแนนเฉลี่ยสะสมในระดับชั้นมัธยมศึกษาตอนปลายรวม 6 ภาคการศึกษา (GPAX) ไม่ต่ำกว่า 2.50, มีคุณสมบัติเฉพาะตามประกาศการรับสมัครในแต่ละปี",16,วัน – เวลาราชการปกติ,แบบชั้นเรียน (Onsite),129,30,84,15,0,49,7,5,33,1,26,,"AUN-QA,สป.อว.","บรรลุผลลัพธ์การเรียนรู้ตามมาตรฐานคุณวุฒิระดับปริญญาตรี,ได้ศึกษารายวิชาต่างๆ ครบตามโครงสร้างหลักสูตร และมีหน่วยกิตสะสมไม่ต่ำกว่า 129 หน่วยกิต,ได้ค่าระดับเฉลี่ยสะสมไม่ต่ำกว่า 2.00 (จากระบบ 4 ระดับคะแนน) และบรรลุผลลัพธ์การเรียนรู้ตามมาตรฐานคุณวุฒิระดับปริญญาตรี,ได้ค่าระดับคะแนนไม่ต่ำกว่า C ในวิชา สว.201 สังคมวิทยาเบื้องต้น วิชา ม.201 มานุษยวิทยาเบื้องต้น และวิชา สม.211 ปรัชญาและวิธีวิทยาการวิจัยทางสังคม,ได้ปฏิบัติตามเงื่อนไขอื่นๆ ที่คณะสังคมวิทยาและมานุษยวิทยา และมหาวิทยาลัยธรรมศาสตร์กำหนด"
1.สม.บ.สังคมวิทยาและมานุษยวิทยา (ปรับปรุง พ.ศ.2566),11j_CDP9Ccx4rA5cVcKSbG4sUIIJ9wIoC,1dEPX67WppSsd5gANV9R1Sd2WzBcwRpYH,1,1,25400051100369,คณะสังคมวิทยาและมานุษยวิทยา,หลักสูตรสังคมวิทยาและมานุษยวิทยาบัณฑิต สาขาวิชาสังคมวิทยาและมานุษยวิทยา,Bachelor of Arts Program in Sociology and Anthropology,สังคมวิทยาและมานุษยวิทยาบัณฑิต (สังคมวิทยาและมานุษยวิทยา),Bachelor of Arts (Sociology and Anthropology),สม.บ. (สังคมวิทยาและมานุษยวิทยา),B.A. (Sociology and Anthropology),ศูนย์รังสิต,หลักสูตรระดับปริญญาตรี 4 ปี,หลักสูตรปริญญาตรีทางวิชาการ,จัดการศึกษาเป็นภาษาไทย,เป็นหลักสูตรของสถาบันโดยเฉพาะ,1,2566,"อาจารย์ทางด้านสังคมวิทยาและมานุษยวิทยา (Lecturer in Sociology and Anthropology),นักวิจัยสังคม (Social Researcher),นักวิชาการทางสังคมวิทยาและมานุษยวิทยา (Academic Sociologist and Anthropologist),นักวิจัยทางโบราณคดีและประวัติศาสตร์ (Archeological and History Researcher),นักวิเคราะห์ผลกระทบทางสังคมและวัฒนธรรม (Social and Cultural Analyst),นักวิชาการพัฒนาชุมชน (Community Development Specialist,นักวิเคราะห์นโยบายและแผน (Plan and Policy Analysis),นักพัฒนาสังคม (Social Development Worker),ผู้เชี่ยวชาญด้านการรับผิดชอบต่อสังคม (CSR Specialist),นักวิชาการศึกษา (Educator),นักพัฒนาการท่องเที่ยว (Tourism Development Officer),ผู้บริหารทางด้านทรัพยากรบุคคล (Human Resource Manager),นักประวัติศาสตร์สังคม (Social Historian),ภัณฑารักษ์ (Curator),นักอาชญาวิทยา (Criminologist),นักชาติพันธุ์วิทยา (Ethnologist),นักวิชาการวัฒนธรรม (Cultural Officer),นักการจัดการและบริหารพิพิธภัณฑ์ (Museum Manager),ผู้บริหารศูนย์วัฒนธรรม หรือ ศูนย์แสดงศิลปวัฒนธรรม (Cultural Center or Gallery Director),นักเขียนสารคดี (Documentary Writer),ผู้ผลิตสื่อดิจิตอล (Digital Media Producer),ผู้สื่อข่าว (Reporter),ผู้กำกับสื่อ (Media Director),นักวิจารณ์สังคม (Social Criticist)",โครงการปกติ,รับทั้งนักศึกษาไทยและนักศึกษาต่างชาติ,"สำเร็จการศึกษาไม่ต่ำกว่าชั้นมัธยมศึกษาตอนปลายหรือเทียบเท่า,ไม่เป็นนักศึกษาของมหาวิทยาลัยหรือสถาบันอุดมศึกษาอื่น เว้นแต่การศึกษาในมหาวิทยาลัยเปิด หรือ การศึกษาหลักสูตรทางไกล (Online) ที่ได้รับปริญญา,ไม่เป็นผู้ป่วยหรืออยู่ในสภาวะที่จะเป็นอุปสรรคร้ายแรงต่อการศึกษา,ไม่เป็นผู้ประพฤติผิดศีลธรรมอันดีหรือมีพฤติกรรมเสื่อมเสียอย่างร้ายแรง,ผู้สมัครต้องมีคะแนนเฉลี่ยสะสมในระดับชั้นมัธยมศึกษาตอนปลาย รวม 6 ภาคการศึกษา (GPAX) ไม่ต่ำกว่า 2.50,มีคุณสมบัติเฉพาะตามประกาศการรับสมัครในแต่ละปี",16,วัน – เวลาราชการปกติ,แบบชั้นเรียน (Onsite),129,30,87,18,12,24,8,5,33,0,26,,"AUN-QA,สป.อว.","บรรลุผลลัพธ์การเรียนรู้ตามมาตรฐานคุณวุฒิระดับปริญญาตรี,ได้ศึกษารายวิชาต่าง ๆ ครบตามโครงสร้างหลักสูตร และมีหน่วยกิตสะสมไม่ต่ำกว่า 129 หน่วยกิต,ได้ค่าระดับเฉลี่ยสะสมตลอดหลักสูตรไม่ต่ำกว่า 2.00 (จากระบบ 4 ระดับคะแนน) และบรรลุผลลัพธ์การเรียนรู้ตามมาตรฐานคุณวุฒิระดับปริญญาตรี,สอบผ่านรายวิชา สว.201 และ ม.201 โดยได้ค่าระดับไม่ต่ำกว่า C,ใช้เวลาในการศึกษาอย่างมากไม่เกิน 8 ปีการศึกษา,ต้องปฏิบัติตามเงื่อนไขอื่นๆ ที่คณะสังคมวิทยาและมานุษยวิทยา และมหาวิทยาลัยธรรมศาสตร์ กำหนด"
ศศ.บ.วิทยาการเรียนรู้,1YWnbcFOdQ2Efvt2lgQ4CyYmXwIoeOjFp,1M4gqinQvBJeTEWIYvoNt-eqRAgKfkbgp,1,1,25590051100113,คณะวิทยาการเรียนรู้และศึกษาศาสตร์,หลักสูตรศิลปศาสตรบัณฑิต สาขาวิชาวิทยาการเรียนรู้,Bachelor of Arts Program in Learning Sciences,ศิลปศาสตรบัณฑิต (วิทยาการเรียนรู้),Bachelor of Arts (Learning Sciences),ศศ.บ. (วิทยาการเรียนรู้),B.A. (Learning Sciences),ศูนย์รังสิต,หลักสูตรระดับปริญญาตรี 4 ปี,หลักสูตรปริญญาตรีทางวิชาการ,จัดการศึกษาเป็นภาษาไทย,เป็นหลักสูตรของสถาบันโดยเฉพาะ,1,2567,"นวัตกรและผู้ประกอบการสังคม, กระบวนกรหรือวิทยากรกระบวนการ, นักเทคโนโลยีการศึกษาและการเรียนรู้, นักออกแบบสื่อการเรียนการสอน, นักออกแบบและจัดการเรียนรู้, นักวิจัยด้านการเรียนรู้และการศึกษา, นักสื่อสารและประสานองค์ความรู้",โครงการปกติ,รับทั้งนักศึกษาไทยและนักศึกษาต่างชาติ,"สำเร็จการศึกษาไม่ต่ำกว่าชั้นมัธยมศึกษาตอนปลายหรือเทียบเท่า, เป็นผู้เคารพความแตกต่างหลากหลายของเพื่อนมนุษย์, มีความสนใจประเด็นปัญหาเกี่ยวกับการศึกษาและการเรียนรู้ในสังคม",16,วัน – เวลาราชการปกติ,แบบชั้นเรียน (Onsite),129,30,90,0,9,22,8,5,27,0,2,,สป.อว.,"บรรลุผลลัพท์การเรียนรู้ตามมาตรฐานคุณวุฒิระดับปริญญาตรี,สอบผ่านและได้รับหน่วยกิตสะสมรายวิชาครบตามโครงสร้างหลักสูตร,ได้ค่าระดับเฉลี่ยสะสมไม่ต่ำกว่า 2.00(จากระบบ 4 ระดับคะแนน),ต้องปฏิบัติตามเงื่อนไขอื่นๆ ที่คณะและมหาวิทยาลัยธรรมศาสตร์กำหนด"
ศศ.บ.ศักยภาพมนุษย์และสุขภาวะ,1BobjyZ4ePEonAw2-AksVZwzEx5OXoSFD,1EnjPZeeDrSA8ihlqJfHVhAg84uwkXQ2k,1,1,,คณะวิทยาการเรียนรู้และศึกษาศาสตร์,ศิลปศาสตรบัณฑิต สาขาวิชาศักยภาพมนุษย์และสุขภาวะ,Bachelor of Arts Program in Human Potential and Well-being,หลักสูตรศิลปศาสตรบัณฑิต สาขาวิชาศักยภาพมนุษย์และสุขภาวะ,Bachelor of Arts Program in Human Potential and Well-being,ศศ.บ. (ศักยภาพมนุษย์และสุขภาวะ),B.A. (Human Potential and Well-being),ศูนย์รังสิต,หลักสูตรระดับปริญญาตรี 4 ปี,หลักสูตรปริญญาตรีทางวิชาการ,จัดการศึกษาเป็นภาษาไทย,เป็นหลักสูตรของสถาบันโดยเฉพาะ,1,2569,"นวัตกรและผู้ประกอบการสังคมด้านสุขภาวะมนุษย์,นักพัฒนาศักยภาพมนุษย์และสุขภาวะองค์รวมในองค์กร,นักเชื่อมประสานช่องว่างของบุคคล,กระบวนกรด้านการเยียวยาและดูแลผู้คน,นักวิจัยด้านสุขภาวะมนุษย์,นักออกแบบกระบวนการในการส่งเสริมสุขภาวะมนุษย์",โครงการพิเศษ,รับเฉพาะนักศึกษาไทย,คุณสมบัติของผู้เข้าศึกษาต้องเป็นไปตามข้อบังคับมหาวิทยาลัยธรรมศาสตร์ ว่าด้วยการศึกษาชั้นปริญญาตรี,16,วัน – เวลาราชการปกติ,แบบชั้นเรียน (Onsite),126,24,96,0,6,15,12,5,31,0,1,"S(ใช้ได้),U(ใช้ไม่ได้)",AUN-QA,"สอบผ่านและได้รับหน่วยกิตสะสมรายวิชาครบตามโครงสร้างหลักสูตร,บรรลุผลลัพธ์การเรียนรู้ตามมาตรฐานคุณวุฒิระดับปริญญาตรี,ได้ค่าระดับเฉลี่ยสะสมไม่ต่ำกว่า 2.00 (จากระบบ 4 ระดับคะแนน),ต้องปฏิบัติตามเงื่อนไขอื่น ๆ ที่คณะและมหาวิทยาลัยธรรมศาสตร์กำหนด"
2. วิทยาศาสตรบัณฑิต สาขาวิชาอาชีวอนามัยและความปลอดภัย  (ปรับปรุง 2566) ศูนย์รังสิต,1qDZgan7JbsZkl5oGfH-C86gB1zrUT9wZ,1my8o_2v0egrGrEkEvTu9188Y51AOfzPJ,1,1,25590051102003,คณะสาธารณสุขศาสตร์,หลักสูตรวิทยาศาสตรบัณฑิต สาขาวิชาอาชีวอนามัยและความปลอดภัย (ศูนย์รังสิต),Bachelor of Science Program in Occupational Health and Safety,วิทยาศาสตรบัณฑิต (อาชีวอนามัยและความปลอดภัย),Bachelor of Science (Occupational Health and Safety),วท.บ. (อาชีวอนามัยและความปลอดภัย),B.Sc. (Occupational Health and Safety),ศูนย์รังสิต,หลักสูตรระดับปริญญาตรี 4 ปี,หลักสูตรปริญญาตรีทางวิชาการ,จัดการศึกษาเป็นภาษาไทย,เป็นหลักสูตรของสถาบันโดยเฉพาะ,1,2566,"เจ้าหน้าที่ความปลอดภัยในการทำงาน (จป.) ตามที่กฎหมายกำหนด, นักวิชาการด้านอาชีวอนามัยและความปลอดภัย/นักสุขศาสตร์อุตสาหกรรม, นักวิชาการสาธารณสุข, พนักงานตรวจความปลอดภัย, นักวิทยาศาสตร์, อาชีพอื่น ๆ ที่เกี่ยวข้องในหน่วยงานของภาครัฐบาล เอกชนทั้งในและต่างประเทศ",โครงการปกติ,รับเฉพาะนักศึกษาไทย,คุณสมบัติของผู้เข้าศึกษาต้องเป็นไปตามข้อบังคับมหาวิทยาลัยธรรมศาสตร์ ว่าด้วยการศึกษาระดับปริญญาตรี พ.ศ. 2561 ข้อ 14,16,วัน – เวลาราชการปกติ,แบบชั้นเรียน (Onsite),144,30,108,0,6,27,,5,38,18,3,,"AUN-QA,สป.อว.","ได้ศึกษารายวิชาต่างๆ ครบตามโครงสร้างหลักสูตร และมีหน่วยกิตสะสมไม่ต่ำกว่า 144 หน่วยกิต,ได้ค่าระดับเฉลี่ยสะสมไม่ต่ำกว่า 2.00 (จากระบบ 4 ระดับคะแนน),บรรลุผลลัพธ์การเรียนรู้ตามมาตรฐานคุณวุฒิระดับปริญญาตรี พ.ศ. 2565,ต้องปฏิบัติตามเงื่อนไขอื่นๆ ที่คณะสาธารณสุขศาสตร์และมหาวิทยาลัยธรรมศาสตร์กำหนด"
6. วิทยาศาสตรบัณฑิต สาขาวิชาอนามัยชุมชน (ปรับปรุง 2568),1OuKJIjLB_AEUp5IslVL932LnspOc-mrU,1mMwFi73QRSlEF8A9RShVNATzfFG3kcwZ,1,1,25590051100034,คณะสาธารณสุขศาสตร์,หลักสูตรวิทยาศาสตรบัณฑิต สาขาวิชาอนามัยชุมชน,Bachelor of Science Program in Community Health,วิทยาศาสตรบัณฑิต (อนามัยชุมชน),Bachelor of Science (Community Health),วท.บ. (อนามัยชุมชน),B.Sc. (Community Health),ศูนย์ลำปาง,หลักสูตรระดับปริญญาตรี 4 ปี,หลักสูตรปริญญาตรีทางวิชาการ,จัดการศึกษาเป็นภาษาไทย,เป็นหลักสูตรของสถาบันโดยเฉพาะ,1,2568,"นักวิชาการสาธารณสุข,นักสาธารณสุข หรือนักวิชาการอื่นที่เกี่ยวข้อง,นักพัฒนาชุมชน,นักพัฒนาองค์กรเอกชน,ผู้ช่วยวิจัยหรือนักวิจัยในองค์กรทั้งภาครัฐและเอกชน,สร้างงาน ประกอบอาชีพส่วนตัว,อาชีพอื่นๆ ที่เกี่ยวข้องในหน่วยงานของภาครัฐบาล เอกชนทั้งในและต่างประเทศ",โครงการปกติ,รับเฉพาะนักศึกษาไทย,สำเร็จการศึกษามัธยมศึกษาตอนปลาย แผนการเรียนวิทยาศาสตร์คณิตศาสตร์ หรือเทียบเท่า,16,วัน – เวลาราชการปกติ,แบบชั้นเรียน (Onsite),144,30,108,0,6,42,42,5,17,10,3,,AUN-QA,"สอบผ่านและได้รับหน่วยกิตสะสมรายวิชาครบตามโครงสร้างหลักสูตร และมีหน่วยกิตสะสมไม่ต่ำกว่า 144 หน่วยกิต,ได้ค่าระดับเฉลี่ยสะสมไม่ต่ำกว่า 2.00 (จากระบบ 4 ระดับคะแนน),บรรลุผลลัพธ์การเรียนรู้ตามมาตรฐานคุณวุฒิระดับปริญญาตรี พ.ศ. 2565,ต้องปฏิบัติตามเงื่อนไขอื่นๆ ที่คณะและมหาวิทยาลัยธรรมศาสตร์กำหนด"
4. วิทยาศาสตรบัณฑิต สาขาวิชาอนามัยสิ่งแวดล้อม (ปรับปรุง 2566) ศูนย์รังสิต,1Dtn0zD0QhvmxYEV0fYdFgL4bWHDLqBoA,1xZ0_tZsFOQtJ4VoPtjckPEBX92nLeA23,1,1,25590051100046,คณะสาธารณสุขศาสตร์,หลักสูตรวิทยาศาสตรบัณฑิต สาขาวิชาอนามัยสิ่งแวดล้อม (ศูนย์รังสิต),Bachelor of Science Program in Environmental Health,วิทยาศาสตรบัณฑิต (อนามัยสิ่งแวดล้อม),Bachelor of Science (Environmental Health),วท.บ. (อนามัยสิ่งแวดล้อม),B.Sc. (Environmental Health),ศูนย์รังสิต,หลักสูตรระดับปริญญาตรี 4 ปี,หลักสูตรปริญญาตรีทางวิชาการ,จัดการศึกษาเป็นภาษาไทย,เป็นหลักสูตรของสถาบันโดยเฉพาะ,1,2566,"นักวิชาการสิ่งแวดล้อม,เจ้าหน้าที่สิ่งแวดล้อม,นักวิชาการสุขาภิบาล,นักวิชาการสาธารณสุข,นักวิทยาศาสตร์,ที่ปรึกษาทางด้านสิ่งแวดล้อม",โครงการปกติ,รับเฉพาะนักศึกษาไทย,"คุณสมบัติของผู้เข้าศึกษาต้องเป็นไปตามข้อบังคับมหาวิทยาลัยธรรมศาสตร์ ว่าด้วยการศึกษาระดับปริญญาตรี พ.ศ. 2561 หมวด 2 การรับเข้าศึกษา ข้อ 14 การคัดเลือกผู้เข้าศึกษา,การคัดเลือกผู้เข้าศึกษาให้เป็นไปตามระเบียบคัดเลือกเพื่อเข้าศึกษาในสถาบันการศึกษาขั้นอุดมศึกษาของส่วนราชการหรือหน่วยงานอื่นดำเนินการตามการมอบหมายของมหาวิทยาลัยหรือตามข้อตกลง หรือการคัดเลือกตามวิธีการที่มหาวิทยาลัยกำหนดโดยความเห็นชอบของสภามหาวิทยาลัย และออกเป็นประกาศมหาวิทยาลัย",16,วัน – เวลาราชการปกติ,แบบชั้นเรียน (Onsite),144,30,108,0,6,92,1,11,38,18,3,,"AUN-QA,สป.อว.","สอบผ่านและได้รับหน่วยกิตสะสมรายวิชาครบตามโครงสร้างหลักสูตร,ได้ค่าระดับเฉลี่ยสะสมไม่ต่ำกว่า 2.00 (จากระบบ 4 ระดับคะแนน),บรรลุผลลัพธ์การเรียนรู้ตามมาตรฐานคุณวุฒิระดับปริญญาตรี พ.ศ. 2565,ต้องปฏิบัติตามเงื่อนไขอื่นๆ ที่คณะสาธารณสุขศาสตร์ และมหาวิทยาลัยธรรมศาสตร์กำหนด"
5. วิทยาศาสตรบัณฑิต สาขาวิชาอนามัยสิ่งแวดล้อม (ปรับปรุง 2566) ศูนย์ลำปาง,19St3TtkUs5qeZN-cBGl14LoBfvhCCRak,1EUcCeuOEihTpnzu7vc5-LDRO6KJBG6Gm,1,1,,คณะสาธารณสุขศาสตร์,หลักสูตรวิทยาศาสตรบัณฑิต สาขาวิชาอนามัยสิ่งแวดล้อม (ศูนย์ลำปาง),Bachelor of Science Program in Environmental Health,วิทยาศาสตรบัณฑิต (อนามัยสิ่งแวดล้อม),Bachelor of Science (Environmental Health),วท.บ. (อนามัยสิ่งแวดล้อม),B.Sc. (Environmental Health),ศูนย์ลำปาง,หลักสูตรระดับปริญญาตรี 4 ปี,หลักสูตรปริญญาตรีทางวิชาการ,จัดการศึกษาเป็นภาษาไทย,เป็นหลักสูตรของสถาบันโดยเฉพาะ,1,2566,"นักวิชาการสิ่งแวดล้อม,เจ้าหน้าที่สิ่งแวดล้อม,นักวิชาการสุขาภิบาล,นักวิชาการสาธารณสุข,นักวิทยาศาสตร์,ที่ปรึกษาทางด้านสิ่งแวดล้อม",โครงการปกติ,รับเฉพาะนักศึกษาไทย,คุณสมบัติของผู้เข้าศึกษาต้องเป็นไปตามข้อบังคับมหาวิทยาลัยธรรมศาสตร์ ว่าด้วยการศึกษาระดับปริญญาตรี พ.ศ. 2561 หมวด 2 การรับเข้าศึกษา ข้อ 14 การคัดเลือกผู้เข้าศึกษา,16,วัน – เวลาราชการปกติ,แบบชั้นเรียน (Onsite),144,30,108,0,6,22,,5,18,9,3,"S(ใช้ได้),U(ใช้ไม่ได้)","AUN-QA,สป.อว.","สอบผ่านและได้รับหน่วยกิตสะสมรายวิชาครบตามโครงสร้างหลักสูตร,ได้ค่าระดับเฉลี่ยสะสมไม่ต่ำกว่า 2.00 (จากระบบ 4 ระดับคะแนน),บรรลุผลลัพธ์การเรียนรู้ตามมาตรฐานคุณวุฒิระดับปริญญาตรี พ.ศ. 2565,ต้องปฏิบัติตามเงื่อนไขอื่นๆ ที่คณะสาธารณสุขศาสตร์ และมหาวิทยาลัยธรรมศาสตร์กำหนด"
3. วิทยาศาสตรบัณฑิต สาขาวิชาอาชีวอนามัยและความปลอดภัย (ปรับปรุง 2566) ศูนย์ลำปาง,1mgi3JoXd55-5uo7wv3LZMMGsvOuHmxsw,1YiIyiUx7GhdA_Zb8ny04sQE91pAXtxec,1,1,,คณะสาธารณสุขศาสตร์,หลักสูตรวิทยาศาสตรบัณฑิต สาขาวิชาอาชีวอนามัยและความปลอดภัย (ศูนย์ลำปาง),Bachelor of Science Program in Occupational Health and Safety,วิทยาศาสตรบัณฑิต (อาชีวอนามัยและความปลอดภัย),Bachelor of Science (Occupational Health and Safety),วท.บ. (อาชีวอนามัยและความปลอดภัย),B.Sc. (Occupational Health and Safety),ศูนย์ลำปาง,หลักสูตรระดับปริญญาตรี 4 ปี,หลักสูตรปริญญาตรีทางวิชาการ,จัดการศึกษาเป็นภาษาไทย,เป็นหลักสูตรของสถาบันโดยเฉพาะ,1,2566,"เจ้าหน้าที่ความปลอดภัยในการทำงาน (จป.) ตามที่กฎหมายกำหนด,นักวิชาการด้านอาชีวอนามัยและความปลอดภัย/นักสุขศาสตร์อุตสาหกรรม,นักวิชาการสาธารณสุข,พนักงานตรวจความปลอดภัย,นักวิทยาศาสตร์,อาชีพอื่น ๆ ที่เกี่ยวข้องในหน่วยงานของภาครัฐบาล เอกชนทั้งในและต่างประเทศ",โครงการปกติ,รับเฉพาะนักศึกษาไทย,คุณสมบัติของผู้เข้าศึกษาต้องเป็นไปตามข้อบังคับมหาวิทยาลัยธรรมศาสตร์ ว่าด้วยการศึกษาระดับปริญญาตรี พ.ศ. 2561 ข้อ 14,16,วัน – เวลาราชการปกติ,แบบชั้นเรียน (Onsite),144,30,108,0,6,28,,5,17,13,3,,"AUN-QA,สป.อว.","ได้ศึกษารายวิชาต่างๆ ครบตามโครงสร้างหลักสูตร และมีหน่วยกิตสะสมไม่ต่ำกว่า 144 หน่วยกิต,ได้ค่าระดับเฉลี่ยสะสมไม่ต่ำกว่า 2.00 (จากระบบ 4 ระดับคะแนน),บรรลุผลลัพธ์การเรียนรู้ตามมาตรฐานคุณวุฒิระดับปริญญาตรี พ.ศ. 2565,ต้องปฏิบัติตามเงื่อนไขอื่นๆ ที่คณะสาธารณสุขศาสตร์และมหาวิทยาลัยธรรมศาสตร์กำหนด"
1. วิทยาศาสตรบัณฑิต สาขาวิชาการสร้างเสริมสุขภาพเชิงนวัตกรรม (ปรับปรุง 2568),1RbFP1M8_gpixKSpbR8VWd5PcdM2O1WsQ,1Pitfo8CbPdvR_t48xklJVmJ5JEnChm7n,1,1,25490051100404,คณะสาธารณสุขศาสตร์,หลักสูตรวิทยาศาสตรบัณฑิต สาขาวิชาการสร้างเสริมสุขภาพเชิงนวัตกรรม,Bachelor of Science Program in Innovative Health Promotion,วิทยาศาสตรบัณฑิต (การสร้างเสริมสุขภาพเชิงนวัตกรรม),Bachelor of Science (Innovative Health Promotion),วท.บ. (การสร้างเสริมสุขภาพเชิงนวัตกรรม),B.Sc. (Innovative Health Promotion),ศูนย์รังสิต,หลักสูตรระดับปริญญาตรี 4 ปี,หลักสูตรปริญญาตรีทางวิชาชีพหรือปฏิบัติการ,จัดการศึกษาเป็นภาษาไทย,เป็นหลักสูตรของสถาบันโดยเฉพาะ,1,2568,"นักวิชาการสาธารณสุข,นักวิชาการส่งเสริมสุขภาพ,นักสร้างเสริมสุขภาพ,นักวิจัยด้านสุขภาพ,นวัตกรด้านการสร้างเสริมสุขภาพ,ผู้ประกอบการด้านการสร้างเสริมสุขภาพ,ผู้จัดการโครงการด้านสุขภาพ,นักวิชาการอิสระ",โครงการปกติ,รับเฉพาะนักศึกษาไทย,"สำเร็จการศึกษาไม่ต่ำกว่าชั้นมัธยมศึกษาตอนปลายหรือเทียบเท่า,ไม่เป็นนักศึกษาของมหาวิทยาลัยหรือสถาบันอุดมศึกษาอื่น เว้นแต่การศึกษาในมหาวิทยาลัยเปิด หรือการศึกษาหลักสูตรทางไกล (Online) ที่ได้รับปริญญา,ไม่เป็นผู้ป่วยหรืออยู่ในสภาวะที่จะเป็นอุปสรรคร้ายแรงต่อการศึกษา,ไม่เป็นผู้ประพฤติผิดศีลธรรมอันดีหรือมีพฤติกรรมเสื่อมเสียอย่างร้ายแรง",16,วัน – เวลาราชการปกติ,แบบชั้นเรียน (Onsite),132,30,96,0,6,46,,7,38,18,6,,"AUN-QA,สป.อว.","ได้ศึกษารายวิชาต่างๆ ครบตามโครงสร้างหลักสูตร และมีหน่วยกิตสะสมไม่ต่ำกว่า 132 หน่วยกิต,ได้ค่าระดับเฉลี่ยสะสมไม่ต่ำกว่า 2.00 (จากระบบ 4 ระดับคะแนน),บรรลุผลลัพธ์การเรียนรู้ตามมาตรฐานคุณวุฒิระดับปริญญาตรี พ.ศ. 2565,ต้องปฏิบัติตามเงื่อนไขอื่นๆ ที่คณะสาธารณสุขศาสตร์และมหาวิทยาลัยธรรมศาสตร์กำหนด"
15. วท.บ.เทคโนโลยีการเกษตร,1u56mScImkiZdtOqZ9l7QfAgGHwc7_T8-,1ccg91_uYM-v2-njOAOqZGhrmE_K7iRb6,1,1,25400051100213,คณะวิทยาศาสตร์และเทคโนโลยี,หลักสูตรวิทยาศาสตรบัณฑิต สาขาวิชาเทคโนโลยีการเกษตร,Bachelor of Science Program in Agricultural Technology,วิทยาศาสตรบัณฑิต (เทคโนโลยีการเกษตร),Bachelor of Science (Agricultural Technology),วท.บ. (เทคโนโลยีการเกษตร),B.Sc. (Agricultural Technology),ศูนย์รังสิต,หลักสูตรระดับปริญญาตรี 4 ปี,หลักสูตรปริญญาตรีทางวิชาการ,จัดการศึกษาเป็นภาษาไทย,เป็นหลักสูตรของสถาบันโดยเฉพาะ,1,2566,"อาจารย์ในสถาบันการศึกษาทั้งภาครัฐและเอกชน,นักวิจัย นักวิชาการเกษตร และนักส่งเสริมการเกษตรทั้งในภาครัฐและเอกชน,ประกอบธุรกิจการเกษตร,ศึกษาต่อในระดับบัณฑิตศึกษา",โครงการปกติ,รับเฉพาะนักศึกษาไทย,คุณสมบัติของผู้เข้าศึกษาต้องเป็นไปตามข้อบังคับมหาวิทยาลัยธรรมศาสตร์ ว่าด้วยการศึกษาชั้นปริญญาตรี พ.ศ. 2561 ข้อ 14,16,วัน – เวลาราชการปกติ,แบบชั้นเรียน (Onsite),136,30,100,0,0,187,8,16,16,8,3,"S(ใช้ได้),U(ใช้ไม่ได้)",AUN-QA,"บรรลุผลลัพธ์การเรียนรู้ตามมาตรฐานคุณวุฒิระดับปริญญาตรี,ได้ศึกษารายวิชาต่าง ๆ ครบตามโครงสร้างหลักสูตรและมีหน่วยกิตสะสมไม่ต่ำกว่า 136 หน่วยกิต,ได้ค่าระดับเฉลี่ยสะสมไม่ต่ำกว่า 2.00 (จากระบบ 4 ระดับคะแนน),ได้ค่าระดับ S (ใช้ได้) ในวิชาฝึกภาคสนาม รวม 4 วิชา ได้แก่ ทก.191 ทก.291 ทก.292 และ ทก.391 สำหรับแผนการศึกษาที่ 1 และ ทก.191 ทก.291 และ ทก.292 สำหรับแผนการศึกษาที่ 2,ต้องปฏิบัติตามเงื่อนไขอื่น ๆ ที่คณะวิทยาศาสตร์และเทคโนโลยี และมหาวิทยาลัยธรรมศาสตร์กำหนด"
12. วท.บ.เทคโนโลยีชีวภาพ,1v7VEPL7k3IAoaNP2QvvNkt7bYaoPj-6S,1zWT0rfCjWdpGpAudGUDXmYdcROqrhmUY,1,1,25380051100132,คณะวิทยาศาสตร์และเทคโนโลยี,หลักสูตรวิทยาศาสตรบัณฑิต สาขาวิชาเทคโนโลยีชีวภาพ,Bachelor of Science Program in Biotechnology,วิทยาศาสตรบัณฑิต (เทคโนโลยีชีวภาพ),Bachelor of Science (Biotechnology),วท.บ. (เทคโนโลยีชีวภาพ),B.Sc. (Biotechnology),ศูนย์รังสิต,หลักสูตรระดับปริญญาตรี 4 ปี,หลักสูตรปริญญาตรีทางวิชาการ,จัดการศึกษาเป็นภาษาไทย,เป็นหลักสูตรของสถาบันโดยเฉพาะ,1,2566,"อาจารย์ทั้งในหน่วยงานราชการและเอกชน,นักวิจัย นักวิทยาศาสตร์ และผู้ช่วยวิจัยทั้งในหน่วยงานราชการและเอกชน,นักวิเคราะห์ข้อมูลทางชีวภาพ ข้อมูลทางการแพทย์ และข้อมูลทั่วไป,ผู้ควบคุม ดูแลข้อมูล ประมวลผลข้อมูลทางชีวภาพและข้อมูลทั่วไปทั้งหน่วยงานรัฐและเอกชน,พนักงานราชการและพนักงานรัฐวิสาหกิจ,นักนวัตกรรมด้านเทคโนโลยีชีวภาพ,ผู้ประกอบการด้านเทคโนโลยีชีวภาพ,นักออกแบบยา ผลิตภัณฑ์เวชแพทย์ด้านโปรตีน และสารจากสิ่งมีชีวิต,ฝ่ายควบคุมการผลิต ฝ่ายตรวจคุณภาพสินค้า หรือผู้แทนขายอุปกรณ์และสารเคมีทางเทคโนโลยีชีวภาพ ในสถานประกอบการต่างๆ,อาชีพอิสระ",โครงการปกติ,รับทั้งนักศึกษาไทยและนักศึกษาต่างชาติ,"สำเร็จการศึกษาไม่ต่ำกว่าชั้นมัธยมศึกษาตอนปลายหรือเทียบเท่า,ไม่เป็นนักศึกษาของมหาวิทยาลัยหรือสถาบันอุดมศึกษาอื่น เว้นแต่การศึกษาในมหาวิทยาลัยเปิด หรือการศึกษาหลักสูตรทางไกล (Online) ที่ได้รับปริญญา,ไม่เป็นผู้ป่วยหรืออยู่ในสภาวะที่จะเป็นอุปสรรคร้ายแรงต่อการศึกษา,ไม่เป็นผู้ประพฤติผิดศีลธรรมอันดีหรือมีพฤติกรรมเสื่อมเสียอย่างร้ายแรง",16,วัน – เวลาราชการปกติ,แบบชั้นเรียน (Onsite),134,30,98,26,6,53,13,7,25,0,9,"S(ใช้ได้),U(ใช้ไม่ได้)","AUN-QA,สป.อว.","ได้ศึกษารายวิชาต่างๆ ครบตามโครงสร้างหลักสูตร และมีหน่วยกิตสะสมไม่ต่ำกว่า 134 หน่วยกิต,ได้ค่าระดับเฉลี่ยสะสมไม่ต่ำกว่า 2.00 (จากระบบ 4 ระดับคะแนน),ได้ค่าระดับ S (ใช้ได้) วิชา ทช.491 ฝึกงานภาคสนาม,ต้องปฏิบัติตามเงื่อนไขอื่นๆ ที่คณะวิทยาศาสตร์และเทคโนโลยี และมหาวิทยาลัยธรรมศาสตร์กำหนด,บรรลุผลลัพธ์การเรียนรู้ตามมาตรฐานคุณวุฒิระดับปริญญาตรี"
2. FIN,1iUDD8tMeBkzDGNMf6uDZa2J_YOy-t_Pd,12-stlb8sR577gRhqQ8Sg0RUE2z9FHMFj,1,1,25610051100138,คณะวิทยาศาสตร์และเทคโนโลยี,หลักสูตรวิทยาศาสตรบัณฑิต สาขาวิชาวิทยาศาสตร์และนวัตกรรมทางอาหาร,Bachelor of Science Program in Food Science and Innovation,วิทยาศาสตรบัณฑิต (วิทยาศาสตร์และนวัตกรรมทางอาหาร),Bachelor of Science (Food Science and Innovation),วท.บ. (วิทยาศาสตร์และนวัตกรรมทางอาหาร),B.Sc. (Food Science and Innovation),ศูนย์รังสิต,หลักสูตรระดับปริญญาตรี 4 ปี,หลักสูตรปริญญาตรีทางวิชาการ,จัดการศึกษาเป็นภาษาไทย,เป็นหลักสูตรของสถาบันโดยเฉพาะ,1,2566,"หน่วยงานเอกชน โรงงานอุตสาหกรรมอาหาร ธุรกิจร้านอาหาร โรงแรม หรือครัวของสายการบิน ในตำแหน่งงาน วิจัยและพัฒนาผลิตภัณฑ์อาหาร และอื่นๆ ที่เกี่ยวข้อง,ประกอบธุรกิจส่วนตัว ทางด้านการผลิตและแปรรูปอาหารทั้งในรูป สตาร์ทอัพ SMEs หรือโรงงานอุตสาหกรรมอาหาร,หน่วยงานราชการหรือรัฐวิสาหกิจ ตำแหน่งเจ้าหน้าที่วิจัยและพัฒนาผลิตภัณฑ์อาหาร ในสังกัดกระทรวงสาธารณสุข กระทรวงอุตสาหกรรม และกระทรวงวิทยาศาสตร์และเทคโนโลยี",โครงการปกติ,รับเฉพาะนักศึกษาไทย,"สำเร็จการศึกษาระดับมัธยมศึกษาตอนปลาย ที่เรียนวิชาวิทยาศาสตร์ ได้แก่ เคมี ชีววิทยา ฟิสิกส์ และคณิตศาสตร์,ผ่านการสอบคัดเลือกตามหลักเกณฑ์ของ สกอ. และ/หรือมหาวิทยาลัย",16,วัน – เวลาราชการปกติ,แบบชั้นเรียน (Onsite),128,30,92,0,6,33,2,5,16,7,7,,"AUN-QA,EdPEx","ต้องได้ศึกษารายวิชาต่างๆ ครบตามโครงสร้างหลักสูตรและมีหน่วยกิตสะสมไม่ต่ำกว่า 128 หน่วยกิต,บรรลุผลลัพธ์การเรียนรู้ตามมาตรฐานคุณวุฒิระดับปริญญาตรี,ได้ค่าระดับเฉลี่ยสะสมไม่ต่ำกว่า 2.00 (จากระบบ 4 ระดับคะแนน),ต้องปฏิบัติตามเงื่อนไขอื่นๆ ที่หลักสูตรคณะฯ และมหาวิทยาลัยกำหนด ตามข้อบังคับฯ ว่าด้วยการศึกษาชั้นปริญญาตรี พ.ศ.2561"
18. วท.บ.คณิตศาสตร์,1gwWIYZ85IixmONX93azaaoldIcBxGEcJ,1HxevGKdBDIspHwD5Gr2y8G0ZB1XU7pV9,1,1,,คณะวิทยาศาสตร์และเทคโนโลยี,หลักสูตรวิทยาศาสตรบัณฑิต สาขาวิชาคณิตศาสตร์,Bachelor of Science Program in Digital Technology and Innovation,วิทยาศาสตรบัณฑิต สาขาวิชาเทคโนโลยีและนวัตกรรมดิจิทัล,Bachelor of Science in Digital Technology and Innovation,วท.บ. (เทคโนโลยีและนวัตกรรมดิจิทัล),B.Sc. (Digital Technology and Innovation),ศูนย์ลำปาง,หลักสูตรระดับปริญญาตรี 4 ปี,หลักสูตรปริญญาตรีทางวิชาการ,จัดการศึกษาเป็นภาษาไทย,เป็นหลักสูตรของสถาบันโดยเฉพาะ,1,2566,"นักพัฒนาซอฟต์แวร์ นักพัฒนาเอพีไอ ผู้มีความสามารถในการวิเคราะห์และปรับปรุงสมรรถนะของโปรแกรม, นักวิทยาการข้อมูล นักวิเคราะห์ข้อมูล ผู้ใส่คำประกอบชุดข้อมูล, นักพัฒนาบนระบบประมวลผลสมรรถนะสูง ผู้ดูแลระบบคลาวด์ เจ้าหน้าที่คอมพิวเตอร์เพื่องานคำนวณสมรรถนะสูง, อาชีพและสายงานที่เกี่ยวข้องกับปัญญาประดิษฐ์, นักพัฒนาระบบสมองกลฝังตัว นักพัฒนาไอโอที นักพัฒนาผลิตภัณฑ์ดิจิทัล และนวัตกรรมด้านไอโอที, นักออกแบบผลิตภัณฑ์ดิจิทัล นักวิเคราะห์ธุรกิจ นักออกแบบระบบติดต่อกับผู้ใช้ นักออกแบบผลิตสื่อดิจิทัลแบบปฏิสัมพันธ์, นักวิชาการคอมพิวเตอร์ เจ้าหน้าที่คอมพิวเตอร์ เจ้าหน้าที่สารสนเทศ เจ้าหน้าที่สนับสนุนและบริการระบบสารสนเทศ ในหน่วยงานของรัฐ เอกชน ตำรวจ ทหาร สถานพยาบาล, เจ้าของกิจการ สตาร์ตอัป สำหรับพัฒนาผลิตภัณฑ์ดิจิทัล หรือกิจการที่ให้บริการด้านสารสนเทศ รับจ้างจัดเก็บข้อมูล ติดตั้งระบบไอโอที จัดทำชุดข้อมูล ใส่คำประกอบชุดข้อมูล, นักเขียนบทความอิสระ ผู้ดูแลเว็บไซต์, ผู้ช่วยจัดการฝึกอบรมด้านไอที ผู้ช่วยวิจัย อาจารย์ผู้ช่วยสอนวุฒิปริญญาตรี",โครงการปกติ,รับทั้งนักศึกษาไทยและนักศึกษาต่างชาติ,ผู้สำเร็จการศึกษาชั้นมัธยมศึกษา ปีที่ 6 หรือ เทียบเท่า เช่น สายสามัญ กศน. ปวช. หรือ สำเร็จการศึกษาจากหลักสูตรนานาชาติ หรือ มีวุฒิจากต่างประเทศ ตามประกาศแนวทางการเทียบวุฒิการศึกษาฯ ของมหาวิทยาลัยธรรมศาสตร์ หรือ เป็นผู้สำเร็จการศึกษาจากหลักสูตร GED (General Educational Development),16,วัน – เวลาราชการปกติ,แบบชั้นเรียน (Onsite),120,30,84,15,6,24,1,5,11,6,1,"S(ใช้ได้),U(ใช้ไม่ได้)",EQANIE,"สอบผ่านและได้รับหน่วยกิตสะสมรายวิชาครบตามโครงสร้างหลักสูตร,ได้ค่าระดับเฉลี่ยสะสมไม่ต่ำกว่า 2.00 (จากระบบ 4 ระดับคะแนน),ต้องปฏิบัติตามเงื่อนไขอื่น ๆ ที่คณะและมหาวิทยาลัยธรรมศาสตร์กำหนด"
3. วท.บ.วิทยาศาสตร์เทคโนโลยีการอาหาร,1_eSjEbbQju_1-nPRva_MIo6ZMagfB06C,10_gdaGhYrbutd4WwpSUwwcBtXvC9L4Bf,1,1,25360051100139,คณะวิทยาศาสตร์และเทคโนโลยี,หลักสูตรวิทยาศาสตรบัณฑิต สาขาวิชาวิทยาศาสตร์และเทคโนโลยีการอาหาร,Bachelor of Science Program in Food Science and Technology,วิทยาศาสตรบัณฑิต (วิทยาศาสตร์และเทคโนโลยีการอาหาร),Bachelor of Science (Food Science and Technology),วท.บ. (วิทยาศาสตร์และเทคโนโลยีการอาหาร),B.Sc. (Food Science and Technology),ศูนย์รังสิต,หลักสูตรระดับปริญญาตรี 4 ปี,หลักสูตรปริญญาตรีทางวิชาการ,จัดการศึกษาเป็นภาษาไทย,เป็นหลักสูตรของสถาบันโดยเฉพาะ,1,2566,"หน่วยงานเอกชน โรงงานอุตสาหกรรมอาหาร, ธุรกิจร้านอาหาร, โรงแรม, ครัวของสายการบิน, ตำแหน่งงานควบคุมการผลิต, การวางแผนการผลิต, การจัดซื้อ, การวิเคราะห์ตรวจสอบ, การประกันคุณภาพ, การสุขาภิบาลและความปลอดภัยของอาหาร, การวิจัยและพัฒนาผลิตภัณฑ์อาหาร, ประกอบธุรกิจส่วนตัว ในด้านธุรกิจการจัดจำหน่ายเครื่องมือและอุปกรณ์การวิเคราะห์ทดสอบอาหาร, เครื่องจักรกลการผลิตอาหาร, ธุรกิจจำหน่าย นำเข้า หรือส่งออกผลิตภัณฑ์อาหาร, ธุรกิจการผลิตและแปรรูปอาหารทั้งในรูป SMEs, โรงงานอุตสาหกรรมอาหาร, หน่วยงานราชการหรือรัฐวิสาหกิจ, ตำแหน่งเจ้าหน้าที่วิจัย, วิเคราะห์ตรวจสอบ, วางแผน, กำกับนโยบายทางด้านอาหาร",โครงการปกติ,รับทั้งนักศึกษาไทยและนักศึกษาต่างชาติ,"สำเร็จการศึกษาระดับมัธยมศึกษาตอนปลาย ที่เรียนวิชาวิทยาศาสตร์ ได้แก่ เคมี ชีววิทยา ฟิสิกส์ และคณิตศาสตร์, ผ่านการสอบคัดเลือกตามหลักเกณฑ์ของ สกอ. และ/หรือมหาวิทยาลัย",16,วัน – เวลาราชการปกติ,แบบชั้นเรียน (Onsite),136,30,100,6,6,51,8,5,16,6,7,"S(ใช้ได้),U(ใช้ไม่ได้)",AUN-QA,"สอบผ่านและได้รับหน่วยกิตสะสมรายวิชาครบตามโครงสร้างหลักสูตร,บรรลุผลลัพธ์การเรียนรู้ตามมาตรฐานคุณวุฒิระดับปริญญาตรี,ได้ค่าระดับเฉลี่ยสะสมไม่ต่ำกว่า 2.00,ต้องปฏิบัติตามเงื่อนไขอื่นๆ ที่คณะและมหาวิทยาลัยธรรมศาสตร์กำหนด"
6. วท.บ.ฟิสิกส์,1g_joOmrXqhPx3bnxfIBXKW_XtmOEB907,15rvvktk9KYUdpHdic9Ra1THG3f7WGsg5,1,1,25400051100404,คณะวิทยาศาสตร์และเทคโนโลยี,หลักสูตรวิทยาศาสตรบัณฑิต สาขาวิชาฟิสิกส์,Bachelor of Science Program in Physics,วิทยาศาสตรบัณฑิต (ฟิสิกส์),Bachelor of Science (Physics),วท.บ. (ฟิสิกส์),B.Sc. (Physics),ศูนย์รังสิต,หลักสูตรระดับปริญญาตรี 4 ปี,หลักสูตรปริญญาตรีทางวิชาการ,จัดการศึกษาเป็นภาษาไทย,เป็นหลักสูตรของสถาบันโดยเฉพาะ,1,2566,"นักวิทยาศาสตร์,นักดาราศาสตร์,นักวิจัย,นักวิชาการ,วิศวกร,เจ้าหน้าที่ประกัน/ควบคุมคุณภาพ,นักวิเคราะห์ระบบ,นักวิทยาศาสตร์ข้อมูล,บุคลากรทางการศึกษา,นักกระบวนกร,ผู้ประกอบการ",โครงการปกติ,รับทั้งนักศึกษาไทยและนักศึกษาต่างชาติ,"เป็นผู้สำเร็จการศึกษาระดับมัธยมศึกษาตอนปลายสายสามัญโปรแกรมที่เน้นวิทยาศาสตร์และคณิตศาสตร์ หรือเทียบเท่า,มีคุณสมบัติของผู้เข้าศึกษาเป็นไปตามข้อบังคับมหาวิทยาลัยธรรมศาสตร์ว่าด้วยการศึกษาชั้นปริญญาตรี พ.ศ. 2561 ข้อ 14",16,วัน – เวลาราชการปกติ,แบบชั้นเรียน (Onsite),124,30,88,22,6,41,,5,25,0,5,"S(ใช้ได้),U(ใช้ไม่ได้)",,"สอบผ่านและได้รับหน่วยกิตสะสมรายวิชาครบตามโครงสร้างหลักสูตร,ได้ค่าระดับเฉลี่ยสะสมไม่ต่ำกว่า 2.00 (จากระบบ 4 ระดับคะแนน),ได้ค่าระดับ S (ใช้ได้) วิชา ฟ.491 โครงงานทางฟิสิกส์,ต้องปฏิบัติตามเงื่อนไขอื่นๆ ที่คณะวิทยาศาสตร์และเทคโนโลยี และมหาวิทยาลัยธรรมศาสตร์ กำหนด"
10. วท.บ.เทคโนโลยีเพื่อการพัฒนายั่งยืน,1vAvJ85TatVdjvnUHjw53MZUpBGoAk54t,1P2dwgvf-M1a36RFfSJgH97B3O1QLOJcx,1,1,25520051102815,คณะวิทยาศาสตร์และเทคโนโลยี,หลักสูตรวิทยาศาสตรบัณฑิต สาขาวิชาเทคโนโลยีเพื่อการพัฒนายั่งยืน,Bachelor of Science Program in Sustainable Development Technology,วิทยาศาสตรบัณฑิต (เทคโนโลยีเพื่อการพัฒนายั่งยืน),Bachelor of Science (Sustainable Development Technology),วท.บ. (เทคโนโลยีเพื่อการพัฒนายั่งยืน),B.Sc. (Sustainable Development Technology),ศูนย์รังสิต,หลักสูตรระดับปริญญาตรี 4 ปี,หลักสูตรปริญญาตรีทางวิชาการ,จัดการศึกษาเป็นภาษาไทย,เป็นหลักสูตรของสถาบันโดยเฉพาะ,1,2566,"ผู้ประกอบการธุรกิจส่วนตัว,นักวิจัยและนักวิชาการด้านการพัฒนา,พนักงานบริษัท,พนักงานราชการ พนักงานท้องถิ่น และพนักงานรัฐวิสาหกิจ,อาชีพอิสระ,อาจารย์",โครงการปกติ,รับทั้งนักศึกษาไทยและนักศึกษาต่างชาติ,คุณสมบัติของผู้เข้าศึกษาต้องเป็นไปตามข้อบังคับมหาวิทยาลัยธรรมศาสตร์ ว่าด้วยการศึกษาชั้นปริญญาตรี พ.ศ. 2561 ข้อ 14,16,วัน – เวลาราชการปกติ,"แบบชั้นเรียน (Onsite),แบบทางไกล (Online),แบบประสมประสาน (Hybrid)",138,30,102,18,6,42,1,5,10,0,4,"S(ใช้ได้),U(ใช้ไม่ได้)","AUN-QA,สป.อว.","สอบผ่านและได้รับหน่วยกิตสะสมรายวิชาครบตามโครงสร้างหลักสูตร,ได้ค่าระดับเฉลี่ยสะสมไม่ต่ำกว่า 2.00 (จากระบบ 4 ระดับคะแนน),ต้องปฏิบัติตามเงื่อนไขอื่นๆ ที่คณะและมหาวิทยาลัยธรรมศาสตร์กำหนด,บรรลุผลลัพธ์การเรียนรู้ตามมาตรฐานคุณวุฒิระดับปริญญาตรี"
4. วท.บ.วิทยาการคอมพิวเตอร์,1SsD-yPwZmmmj5QFvhsdfJdjN76QaNdik,1K0XotQHkb71Q-y1v1f8ndkbtjZrPFrTj,1,1,25520051102624,คณะวิทยาศาสตร์และเทคโนโลยี,หลักสูตรวิทยาศาสตรบัณฑิต สาขาวิชาวิทยาการคอมพิวเตอร์,Bachelor of Science Program in Computer Science,วิทยาศาสตรบัณฑิต (วิทยาการคอมพิวเตอร์),Bachelor of Science (Computer Science),วท.บ. (วิทยาการคอมพิวเตอร์),B.Sc. (Computer Science),ศูนย์รังสิต,หลักสูตรระดับปริญญาตรี 4 ปี,หลักสูตรปริญญาตรีทางวิชาการ,จัดการศึกษาเป็นภาษาไทย,เป็นหลักสูตรของสถาบันโดยเฉพาะ,1,2566,"นักวิชาการสายวิทยาการคอมพิวเตอร์ หรือนักวิทยาศาสตร์คอมพิวเตอร์,นักวิเคราะห์และออกแบบระบบงานสารสนเทศ,ผู้พัฒนาซอฟต์แวร์,ผู้ดูแลระบบเครือข่ายและเครื่องแม่ข่าย,ผู้ดูแลระบบฐานข้อมูล,ผู้จัดการโครงการซอฟต์แวร์,ผู้ประสานงานโครงการซอฟต์แวร์,ผู้ประกอบการทางด้านซอฟต์แวร์,นักพัฒนาเว็บไซต์,นักพัฒนาแอปพลิเคชันบนมือถือ,นักวิทยาการข้อมูล นักวิเคราะห์ข้อมูล,นักวิชาชีพในสถานประกอบการที่มีการใช้วิทยาการคอมพิวเตอร์",โครงการปกติและโครงการพิเศษ,รับทั้งนักศึกษาไทยและนักศึกษาต่างชาติ,คุณสมบัติของผู้เข้าศึกษาต้องเป็นไปตามข้อบังคับมหาวิทยาลัยธรรมศาสตร์ ว่าด้วยการศึกษาชั้นปริญญาตรี พ.ศ. 2561 ข้อ 14,16,วัน – เวลาราชการปกติ,แบบชั้นเรียน (Onsite),123,30,87,0,6,43,1,6,22,0,14,,"AUN-QA,IQA,สป.อว.","บรรลุผลลัพธ์การเรียนรู้ตามมาตรฐานคุณวุฒิระดับปริญญาตรี,สอบผ่านและได้รับหน่วยกิตสะสมรายวิชาครบตามโครงสร้างหลักสูตร และมีหน่วยกิตสะสมไม่ต่ำกว่า 123 หน่วยกิต,ได้ค่าระดับเฉลี่ยสะสมไม่ต่ำกว่า 2.00 (จากระบบ 4 ระดับคะแนน),ต้องปฏิบัติตามเงื่อนไขอื่นๆ ที่คณะวิทยาศาสตร์และเทคโนโลยี และหาวิทยาลัยธรรมศาสตร์กำหนด,ได้ค่าระดับไม่ต่ำกว่า C ในรายวิชา คพ.101, คพ.102 และ คพ.111,ได้ค่าเฉลี่ยรวมได้ค่าเฉลี่ยรวมทั้ง 8 รายวิชา ไม่ต่ำกว่า 2.00 ได้แก่ รายวิชา คพ.100, คพ.101, คพ.102, คพ.111, คพ.232, คพ.240, คพ.251, และ คพ.261"
13. วท.บ.ประกันภัย,11C2pVxtz0IHosFPFO0DB0Xn6hqYx8gjP,1iwCe1ybM_xeZ2DRXJcHR5shV6b60VD3B,1,1,25570051101426,คณะวิทยาศาสตร์และเทคโนโลยี,หลักสูตรวิทยาศาสตรบัณฑิต สาขาวิชาวิทยาการประกันภัย,Bachelor of Science Program in Actuarial Science,วิทยาศาสตรบัณฑิต (วิทยาการประกันภัย),Bachelor of Science (Actuarial Science),วท.บ. (วิทยาการประกันภัย),B.Sc. (Actuarial Science),ศูนย์รังสิต,หลักสูตรระดับปริญญาตรี 4 ปี,หลักสูตรปริญญาตรีทางวิชาการ,จัดการศึกษาเป็นภาษาไทย,เป็นหลักสูตรของสถาบันโดยเฉพาะ,1,2566,"ประกอบอาชีพในองค์กร หรือ หน่วยงานทั้งภาครัฐและเอกชน เช่น อาชีพในสายงานด้านประกันชีวิตและประกันวินาศภัย เช่น งานพิจารณารับประกัน งานสินไหมทดแทน, นักคณิตศาสตร์ประกันภัย, นักจัดการความเสี่ยง, นักวิเคราะห์วางแผน วิจัยและประมวลผล, งานอื่น ๆ ที่ต้องใช้สถิติหรือคณิตศาสตร์ เช่น งานด้านพยากรณ์",โครงการพิเศษ,รับทั้งนักศึกษาไทยและนักศึกษาต่างชาติ,คุณสมบัติของผู้เข้าศึกษาต้องเป็นไปตามข้อบังคับมหาวิทยาลัยธรรมศาสตร์ ว่าด้วยการศึกษาชั้นปริญญาตรี พ.ศ.2561 ข้อ 14,16,วัน – เวลาราชการปกติ,แบบชั้นเรียน (Onsite),120,30,84,9,6,50,2,5,48,26,2,"S(ใช้ได้),U(ใช้ไม่ได้)",AUN-QA,"ได้ศึกษารายวิชาต่าง ๆ ครบตามโครงสร้างหลักสูตรและมีหน่วยกิตสะสมไม่ต่ำกว่า 120 หน่วยกิต,ได้ค่าระดับเฉลี่ยสะสมไม่ต่ำกว่า 2.00 (จากระบบ 4 ระดับคะแนน),ได้ค่าระดับ S (ใช้ได้) ในรายวิชา วป.495,ต้องปฏิบัติตามเงื่อนไขอื่น ๆ ที่คณะวิทยาศาสตร์และเทคโนโลยี และมหาวิทยาลัยธรรมศาสตร์ กำหนด,บรรลุผลลัพธ์การเรียนรูตามมาตรฐานคุณวุฒิระดับปริญญาตรี"
20. วท.บ.คอมพิวเตอร์เครือข่ายและความปลอดภัยทางไซเบอร์,1TYpYrsqHw3RcdF82X698yazMZu8LON9R,1gZf4ob2MscXVIodVEDe_Y5RhWfy02On9,1,1,,คณะวิทยาศาสตร์และเทคโนโลยี,หลักสูตรวิทยาศาสตรบัณฑิต สาขาวิชาคอมพิวเตอร์เครือข่ายและความปลอดภัยทางไซเบอร์,Bachelor of Science Program in Computer Networks and Cybersecurity,วิทยาศาสตรบัณฑิต (คอมพิวเตอร์เครือข่ายและความปลอดภัยทางไซเบอร์),Bachelor of Science (Computer Networks and Cybersecurity),วท.บ. (คอมพิวเตอร์เครือข่ายและความปลอดภัยทางไซเบอร์),B.Sc. (Computer Networks and Cybersecurity),ศูนย์รังสิต,หลักสูตรระดับปริญญาตรี 4 ปี,หลักสูตรปริญญาตรีทางวิชาการ,จัดการศึกษาเป็นภาษาไทย,เป็นหลักสูตรของสถาบันโดยเฉพาะ,1,2568,"นักวิเคราะห์ความมั่นคงปลอดภัย (Security Analyst),ที่ปรึกษาด้านความมั่นคงปลอดภัย (Security Consultant),ผู้ดูแลเครือข่ายคอมพิวเตอร์ (Computer Network Administrator),นักทดสอบช่องโหว่ระบบ (Penetration Tester),เจ้าหน้าที่ตอบสนองเหตุการณ์ด้านความมั่นคงปลอดภัย (Incident Response Team),ที่ปรึกษาด้านเครือข่ายคอมพิวเตอร์ (Computer Network Consultant),นักวิจัยด้านเครือข่ายคอมพิวเตอร์และความปลอดภัยทางไซเบอร์ (Computer Networks and Cybersecurity Researcher)",โครงการปกติ,รับทั้งนักศึกษาไทยและนักศึกษาต่างชาติ,คุณสมบัติของผู้เข้าศึกษาต้องเป็นไปตามข้อบังคับมหาวิทยาลัยธรรมศาสตร์ ว่าด้วยการศึกษาชั้นปริญญาตรี พ.ศ. 2561 ข้อ 14,16,วัน – เวลาราชการปกติ,แบบชั้นเรียน (Onsite),126,24,96,0,6,35,0,5,22,0,14,"S(ใช้ได้),U(ใช้ไม่ได้)",AUN-QA,"สอบผ่านและได้รับหน่วยกิตสะสมรายวิชาครบตามโครงสร้างหลักสูตร และมีหน่วยกิตสะสมไม่ต่ำกว่า 126 หน่วยกิต,บรรลุผลลัพธ์การเรียนรู้ตามมาตรฐานคุณวุฒิระดับปริญญาตรี,ได้ค่าระดับเฉลี่ยสะสมไม่ต่ำกว่า 2.00 (จากระบบ 4 ระดับคะแนน),ต้องปฏิบัติตามเงื่อนไขอื่น ๆ ที่คณะและมหาวิทยาลัยธรรมศาสตร์กำหนด,ต้องสอบไล่ได้ไม่ต่ำกว่าระดับ C ในรายวิชา คคป.101, คคป.102, คคป.222, คคป.231 และ คคป.235,ต้องสอบไล่ได้ค่าเฉลี่ยรวมทั้ง 7 รายวิชา ไม่ต่ำกว่า 2.00 ได้แก่ รายวิชา คคป.101, คคป.102, คคป.211, คคป.222, คคป.231, คคป.235 และ คคป.332"
1. BEB,1SS60J6yGt3CPcoGP68bui50j1nrwz7Ob,1x8U2CAjBt_LqtBMnjUdwFFiiK5dJJ53c,1,1,25610051100036,คณะวิทยาศาสตร์และเทคโนโลยี,หลักสูตรวิทยาศาสตรบัณฑิต สาขาวิชาเทคโนโลยีพลังงานชีวภาพและการแปรรูปเคมีชีวภาพ,Bachelor of Science Program in Bioenergy and Biochemical Refinery Technology,วิทยาศาสตรบัณฑิต (เทคโนโลยีพลังงานชีวภาพและการแปรรูปเคมีชีวภาพ),Bachelor of Science (Bioenergy and biochemical refinery technology),วท.บ. (เทคโนโลยีพลังงานชีวภาพและการแปรรูปเคมีชีวภาพ),B.Sc. (Bioenergy and biochemical refinery technology),ศูนย์รังสิต,หลักสูตรระดับปริญญาตรี 4 ปี,หลักสูตรปริญญาตรีทางวิชาการ,จัดการศึกษาเป็นภาษาไทย,เป็นหลักสูตรของสถาบันโดยเฉพาะ,1,2566,"นักเทคโนโลยีในสถานประกอบการ,ผู้ประกอบการอุตสาหกรรม,นักวิจัยและนักวิทยาศาสตร์ทั้งในหน่วยงานราชการและเอกชน,พนักงานราชการและพนักงานรัฐวิสาหกิจ,อาจารย์ทั้งในหน่วยงานราชการและเอกชน,อาชีพอิสระ",โครงการพิเศษ,รับเฉพาะนักศึกษาไทย,คุณสมบัติของผู้เข้าศึกษาต้องเป็นไปตามข้อบังคับมหาวิทยาลัยธรรมศาสตร์ ว่าด้วยการศึกษาชั้นปริญญาตรี พ.ศ. 2561 ข้อ 14,16,วัน – เวลาราชการปกติ,แบบชั้นเรียน (Onsite),123,30,87,0,6,103,0,5,39,0,1,,"AUN-QA,สป.อว.","สอบผ่านและได้รับหน่วยกิตสะสมรายวิชาครบตามโครงสร้างหลักสูตร,ได้ค่าระดับเฉลี่ยสะสมไม่ต่ำกว่า 2.00 (จากระบบ 4 ระดับคะแนน),กลุ่มวิชาสหกิจศึกษา ต้องผ่านวิชา ทพป.496 และ ทพป.497 โดยได้เกรดไม่ต่ำกว่า C,กลุ่มวิจัยบูรณาการ ต้องผ่านวิชา ทพป.486 และ ทพป.487 โดยได้เกรดไม่ต่ำกว่า C หรือ ต้องผ่านวิชา ทพป.488 และ ทพป.489 โดยได้เกรดไม่ต่ำกว่า C,ยื่นคะแนนผลการทดสอบภาษาอังกฤษ TU-GET หรือ TOEFL หรือ IELTS หรือ TOEIC ที่มีผลการสอบไม่เกิน 2 ปีเพื่อสำเร็จการศึกษาของนักศึกษาระดับปริญญาบัณฑิต,ต้องปฏิบัติตามเงื่อนไขอื่นๆ ที่คณะวิทยาศาสตร์และเทคโนโลยี และมหาวิทยาลัยธรรมศาสตร์กำหนด,บรรลุผลลัพธ์การเรียนรู้ตามมาตรฐานคุณวุฒิระดับปริญญาตรี"
5.วท.บ.ฟิสิกส์อิเล็กทรอนิกส์,1p6JtDfNI9yNO1u47EzH2le77vFGXZjxW,193NHO6PfsxF5tcStrwPDTT4bU0WqlKKr,1,1,25400051100393,คณะวิทยาศาสตร์และเทคโนโลยี,หลักสูตรวิทยาศาสตรบัณฑิต สาขาวิชาฟิสิกส์อิเล็กทรอนิกส์,Bachelor of Science Program in Electronics Physics,วิทยาศาสตรบัณฑิต (ฟิสิกส์อิเล็กทรอนิกส์),Bachelor of Science (Electronics Physics),วท.บ. (ฟิสิกส์อิเล็กทรอนิกส์),B.Sc. (Electronics Physics),ศูนย์รังสิต,หลักสูตรระดับปริญญาตรี 4 ปี,หลักสูตรปริญญาตรีทางวิชาการ,จัดการศึกษาเป็นภาษาไทย,เป็นหลักสูตรของสถาบันโดยเฉพาะ,1,2566,"นักวิทยาศาสตร์, นักวิจัย, นักวิชาการ, บุคลากรทางการศึกษา, ผู้ประกอบการทางด้านวิทยาศาสตร์และเทคโนโลยี, บุคคลที่มีศักยภาพทางวิชาการด้านฟิสิกส์สำหรับศึกษาต่อในขั้นสูง",โครงการปกติ,รับเฉพาะนักศึกษาไทย,"เป็นผู้สำเร็จการศึกษาระดับมัธยมศึกษาตอนปลายสายสามัญโปรแกรมที่เน้นวิทยาศาสตร์และคณิตศาสตร์ หรือเทียบเท่า, มีคุณสมบัติของผู้เข้าศึกษาเป็นไปตามข้อบังคับมหาวิทยาลัยธรรมศาสตร์ว่าด้วยการศึกษาชั้นปริญญาตรี พ.ศ. 2561 (พร้อมฉบับแก้ไขเพิ่มเติม) ข้อ 14",16,วัน – เวลาราชการปกติ,แบบชั้นเรียน (Onsite),122,30,86,6,6,31,2,5,25,0,9,"S(ใช้ได้),U(ใช้ไม่ได้)",สป.อว.,"สอบผ่านและได้รับหน่วยกิตสะสมรายวิชาครบตามโครงสร้างหลักสูตร,ได้ค่าระดับเฉลี่ยสะสมไม่ต่ำกว่า 2.00,ได้ระดับ S (ใช้ได้) ในรายวิชา ฟอ.190 การเรียนรู้เชิงแนวคิดเพื่อการสร้างสรรค์และนวัตกรรม ฟอ.391 โครงงานพิเศษ 1 และ ฟอ.490 โครงงานพิเศษ 2,ต้องปฏิบัติตามเงื่อนไขอื่นๆ ที่คณะและมหาวิทยาลัยธรรมศาสตร์กำหนด,บรรลุผลลัพธ์การเรียนรูตามมาตรฐานคุณวุฒิระดับปริญญาตรี"
14. วท.บ.สถิติ,1tLuwBkyNhhc2Vr2dyZ4GhvrS6PSl5M7q,15uXq6-bU0tvfs-_tAxgXGwkbMyj8Al4Y,1,1,25400051100371,คณะวิทยาศาสตร์และเทคโนโลยี,หลักสูตรวิทยาศาสตรบัณฑิต สาขาวิชาสถิติ,Bachelor of Science Program in Statistics,วิทยาศาสตรบัณฑิต (สถิติ),Bachelor of Science (Statistics),วท.บ. (สถิติ),B.Sc. (Statistics),ศูนย์รังสิต,หลักสูตรระดับปริญญาตรี 4 ปี,หลักสูตรปริญญาตรีทางวิชาการ,จัดการศึกษาเป็นภาษาไทย,เป็นหลักสูตรของสถาบันโดยเฉพาะ,1,2566,"นักสำรวจ และนักวิเคราะห์ข้อมูลทางสถิติ,นักวิเคราะห์วางแผน วิจัย และประมวลผล,โปรแกรมเมอร์ นักวิเคราะห์ระบบงานคอมพิวเตอร์,งานด้านประกันชีวิต และประกันวินาศภัย,นักสถิติการศึกษา,งานอื่นๆ ที่ต้องใช้สถิติหรือคณิตศาสตร์ เช่น งานด้านการพยากรณ์ การควบคุมคุณภาพสินค้า",โครงการปกติและโครงการพิเศษ,รับเฉพาะนักศึกษาไทย,"เป็นผู้สำเร็จการศึกษาชั้นมัธยมศึกษาปีที่ 6,ต้องมีหน่วยกิตกลุ่มสาระขั้นต่ำตลอดหลักสูตรวิชาวิทยาศาสตร์ 22 หน่วยกิต และวิชาคณิตศาสตร์ 12 หน่วยกิต",16,วัน – เวลาราชการปกติ,แบบชั้นเรียน (Onsite),124,30,88,15,6,34,34,6,48,0,3,"S(ใช้ได้),U(ใช้ไม่ได้)",AUN-QA,"สอบผ่านและได้รับหน่วยกิตสะสมรายวิชาครบตามโครงสร้างหลักสูตร และมีหน่วยกิตสะสมไม่ต่ำกว่า 124 หน่วยกิต, บรรลุผลลัพธ์การเรียนรู้ตามมาตรฐานคุณวุฒิระดับปริญญาตรี, ได้ค่าระดับเฉลี่ยสะสมไม่ต่ำกว่า 2.00 (จากระบบ 4 ระดับคะแนน), สอบได้ค่าระดับไม่ต่ำกว่า C, นักศึกษาวิชาเอกสถิติศาสตร์ต้องสอบได้ค่าระดับไม่ต่ำกว่า C ในรายวิชา ส.211, ส.212, ส.321, ส.322, ส.351 และ ส.422, นักศึกษาวิชาเอกวิทยาการวิเคราะห์ข้อมูลต้องสอบได้ค่าระดับไม่ต่ำกว่า C ในรายวิชา ส.211, ส.212 และ ส.321, ได้ค่าระดับ S (ใช้ได้) ในรายวิชา ส.190, ส.494 และ ส.495, ต้องปฏิบัติตามเงื่อนไขอื่นๆที่คณะวิทยาศาสตร์และเทคโนโลยี และมหาวิทยาลัยธรรมศาสตร์ กำหนด"
17. วท.บ. คณิตศาสตร์การจัดการ,1OT0XyDwTdPDbe-ADv1SKT2nhadmbbvPY,1ZtmaCEVldvkR6z62E7DIOtKC6t58Bzpz,1,1,25560051100042,คณะวิทยาศาสตร์และเทคโนโลยี,หลักสูตรวิทยาศาสตรบัณฑิต สาขาวิชาคณิตศาสตร์การจัดการ,Bachelor of Science Program in Management Mathematics,วิทยาศาสตรบัณฑิต (คณิตศาสตร์การจัดการ),Bachelor of Science (Management Mathematics),วท.บ. (คณิตศาสตร์การจัดการ),B.Sc. (Management Mathematics),ศูนย์รังสิต,หลักสูตรระดับปริญญาตรี 4 ปี,หลักสูตรปริญญาตรีทางวิชาการ,จัดการศึกษาเป็นภาษาไทย,เป็นหลักสูตรความร่วมมือระหว่างสาขาวิชาคณิตศาสตร์และสถิติ คณะวิทยาศาสตร์และเทคโนโลยี และภาควิชาเทคโนโลยีการจัดการ สถาบันเทคโนโลยีนานาชาติสิรินธร,1,2566,"นักวิเคราะห์ข้อมูลและแผนงานในหน่วยงานภาครัฐ หรือภาคเอกชน,นักวิเคราะห์ระบบหรือออกแบบระบบในภาคธุรกิจการผลิตและการบริการต่าง ๆ อาทิเช่น สายงานธุรกิจด้านโลจิสติกส์ สายงานธุรกิจด้านการผลิตหรือโรงงานอุตสาหกรรม สายงานธุรกิจเกี่ยวกับวิทยาการข้อมูล สายงานธุรกิจด้านการบินหรือโรงแรม หรืออื่น ๆ เป็นต้น,อาชีพอื่น ๆ ที่ใช้ทักษะความรู้ทางด้านคณิตศาสตร์การจัดการ",โครงการพิเศษ,รับทั้งนักศึกษาไทยและนักศึกษาต่างชาติ,คุณสมบัติของผู้เข้าศึกษาต้องเป็นไปตามข้อบังคับมหาวิทยาลัยธรรมศาสตร์ ว่าด้วยการศึกษาชั้นปริญญาตรี พ.ศ. 2561 ข้อ 14,16,วัน – เวลาราชการปกติ,แบบชั้นเรียน (Onsite),121,30,85,15,6,27,,5,55,0,2,"S(ใช้ได้),U(ใช้ไม่ได้)",AUN-QA,"สอบผ่านและได้รับหน่วยกิตสะสมรายวิชาครบตามโครงสร้างหลักสูตร,บรรลุผลลัพธ์การเรียนรู้ตามมาตรฐานคุณวุฒิระดับปริญญาตรี,ได้ค่าระดับเฉลี่ยสะสมไม่ต่ำกว่า 2.00 (จากระบบ 4 ระดับคะแนน),ได้ค่าระดับ ใช้ได้ (S) ในรายวิชา คก.150 มุมมองและระบบนิเวศในคณิตศาสตร์การจัดการ และ รายวิชา คก.352 ฝึกปฏิบัติงานทางคณิตศาสตร์การจัดการ,ปฏิบัติตามเงื่อนไขอื่น ๆ ที่คณะวิทยาศาสตร์และเทคโนโลยีและมหาวิทยาลัยธรรมศาสตร์กำหนด"
19. วท.บ.เทคโนโลยีและนวัตกรรมดิจิทัล,1NeQtLgu037yBxpPeyxTKTi8ooX7YIHio,1iN6P6nYdCl1GLGuhCBwKFjlXdvDYuRI3,1,1,,คณะวิทยาศาสตร์และเทคโนโลยี,หลักสูตรวิทยาศาสตรบัณฑิต สาขาวิชาเทคโนโลยีและนวัตกรรมดิจิทัล,Bachelor of Science Program in Digital Technology and Innovation,วิทยาศาสตรบัณฑิต สาขาวิชาเทคโนโลยีและนวัตกรรมดิจิทัล,Bachelor of Science in Digital Technology and Innovation,วท.บ. (เทคโนโลยีและนวัตกรรมดิจิทัล),B.Sc. (Digital Technology and Innovation),ศูนย์ลำปาง,หลักสูตรระดับปริญญาตรี 4 ปี,หลักสูตรปริญญาตรีทางวิชาการ,จัดการศึกษาเป็นภาษาไทย,เป็นหลักสูตรของสถาบันโดยเฉพาะ,1,2566,"นักพัฒนาซอฟต์แวร์ นักพัฒนาเอพีไอ ผู้มีความสามารถในการวิเคราะห์และปรับปรุงสมรรถนะของโปรแกรม,นักวิทยาการข้อมูล นักวิเคราะห์ข้อมูล ผู้ใส่คำประกอบชุดข้อมูล,นักพัฒนาบนระบบประมวลผลสมรรถนะสูง ผู้ดูแลระบบคลาวด์ เจ้าหน้าที่คอมพิวเตอร์เพื่องานคำนวณสมรรถนะสูง,อาชีพและสายงานที่เกี่ยวข้องกับปัญญาประดิษฐ์,นักพัฒนาระบบสมองกลฝังตัว นักพัฒนาไอโอที นักพัฒนาผลิตภัณฑ์ดิจิทัล และนวัตกรรมด้านไอโอที,นักออกแบบผลิตภัณฑ์ดิจิทัล นักวิเคราะห์ธุรกิจ นักออกแบบระบบติดต่อกับผู้ใช้ นักออกแบบผลิตสื่อดิจิทัลแบบปฏิสัมพันธ์,นักวิชาการคอมพิวเตอร์ เจ้าหน้าที่คอมพิวเตอร์ เจ้าหน้าที่สารสนเทศ เจ้าหน้าที่สนับสนุนและบริการระบบสารสนเทศ ในหน่วยงานของรัฐ เอกชน ตำรวจ ทหาร สถานพยาบาล,เจ้าของกิจการ สตาร์ตอัป สำหรับพัฒนาผลิตภัณฑ์ดิจิทัล หรือกิจการที่ให้บริการด้านสารสนเทศ รับจ้างจัดเก็บข้อมูล ติดตั้งระบบไอโอที จัดทำชุดข้อมูล ใส่คำประกอบชุดข้อมูล,นักเขียนบทความอิสระ ผู้ดูแลเว็บไซต์,ผู้ช่วยจัดการฝึกอบรมด้านไอที ผู้ช่วยวิจัย อาจารย์ผู้ช่วยสอนวุฒิปริญญาตรี",โครงการปกติ,รับทั้งนักศึกษาไทยและนักศึกษาต่างชาติ,ผู้สำเร็จการศึกษาชั้นมัธยมศึกษา ปีที่ 6 หรือ เทียบเท่า เช่น สายสามัญ กศน. ปวช. หรือ สำเร็จการศึกษาจากหลักสูตรนานาชาติ หรือ มีวุฒิจากต่างประเทศ ตามประกาศแนวทางการเทียบวุฒิการศึกษาฯ ของมหาวิทยาลัยธรรมศาสตร์ หรือ เป็นผู้สำเร็จการศึกษาจากหลักสูตร GED (General Educational Development),16,วัน – เวลาราชการปกติ,แบบชั้นเรียน (Onsite),120,30,84,15,6,24,1,5,11,6,1,,EQANIE,"สอบผ่านและได้รับหน่วยกิตสะสมรายวิชาครบตามโครงสร้างหลักสูตร,ได้ค่าระดับเฉลี่ยสะสมไม่ต่ำกว่า 2.00,ต้องปฏิบัติตามเงื่อนไขอื่น ๆ ที่คณะและมหาวิทยาลัยธรรมศาสตร์กำหนด"
9. วท.บ.เคมี,1nrDdE11lGgRMEc4HUABuWN-ilxlqnAEh,1c4GzISqocm2MbTaCm-cat6bklGhPxy0t,1,1,25400051100382,คณะวิทยาศาสตร์และเทคโนโลยี,หลักสูตรวิทยาศาสตรบัณฑิต สาขาวิชาเคมี,Bachelor of Science Program in Chemistry,วิทยาศาสตรบัณฑิต (เคมี),Bachelor of Science (Chemistry),วท.บ. (เคมี),B.Sc. (Chemistry),ศูนย์รังสิต,หลักสูตรระดับปริญญาตรี 4 ปี,หลักสูตรปริญญาตรีทางวิชาการ,จัดการศึกษาเป็นภาษาไทย,เป็นหลักสูตรของสถาบันโดยเฉพาะ,1,2566,"ครู อาจารย์ นักวิชาการ,นักเคมี นักวิจัย นักวิทยาศาสตร์,นักนิติวิทยาศาสตร์ นักเคมีสิ่งแวดล้อม,ผู้เชี่ยวชาญด้านเคมี ผู้ประกอบการด้านเคมีและเทคโนโลยี",โครงการปกติ,รับเฉพาะนักศึกษาไทย,"สำเร็จการศึกษาไม่ต่ำกว่าระดับมัธยมศึกษาตอนปลายสายสามัญแผนการเรียนวิทยาศาสตร์และคณิตศาสตร์,ไม่มีภาวะตาบอดสีขั้นรุนแรงอันเป็นอุปสรรคต่อการศึกษา,ไม่มีความพิการทางร่างกายขั้นรุนแรงอันเป็นอุปสรรคต่อการศึกษา",16,วัน – เวลาราชการปกติ,แบบชั้นเรียน (Onsite),131,30,95,0,6,282,26,29,0,0,0,,,"สอบผ่านและได้รับหน่วยกิตสะสมรายวิชาครบตามโครงสร้างหลักสูตร,บรรลุผลลัพธ์การเรียนรู้ตามมาตรฐานคุณวุฒิระดับปริญญาตรี,ได้ค่าระดับเฉลี่ยสะสมไม่ต่ำกว่า 2.00 (จากระบบ 4 ระดับคะแนน),ต้องปฏิบัติตามเงื่อนไขอื่นๆ ที่คณะวิทยาศาสตร์และเทคโนโลยี และมหาวิทยาลัยธรรมศาสตร์ กำหนด"
8. วท.บ.วิทยาศาสตร์สิ่งแวดล้อม,1Z8qc-UCJfn1RwvU3gsJxonuqWGiJCA03,1ijte6xP5tGzwY7JhaTRDB9C1XPaTx0zq,1,1,25470051100378,คณะวิทยาศาสตร์และเทคโนโลยี,หลักสูตรวิทยาศาสตรบัณฑิต สาขาวิชาวิทยาศาสตร์สิ่งแวดล้อม,Bachelor of Science Program in Environmental Science,วิทยาศาสตรบัณฑิต (วิทยาศาสตร์สิ่งแวดล้อม),Bachelor of Science (Environmental Science),วท บ. (วิทยาศาสตร์สิ่งแวดล้อม),B.Sc. (Environmental Science),ศูนย์รังสิต,หลักสูตรระดับปริญญาตรี 4 ปี,หลักสูตรปริญญาตรีทางวิชาการ,จัดการศึกษาเป็นภาษาไทย,เป็นหลักสูตรของสถาบันโดยเฉพาะ,1,2566,"นักวิชาการด้านการจัดการสิ่งแวดล้อมในหน่วยงานราชการที่เกี่ยวข้องกับระบบการจัดการควบคุม และตรวจสอบด้านสิ่งแวดล้อม, นักวิชาการในบริษัทเอกชนหรือรัฐวิสาหกิจ, ประกอบธุรกิจส่วนตัวทางด้านการจัดการหรือเทคโนโลยีสิ่งแวดล้อม, อาชีพอิสระ",โครงการปกติ,รับทั้งนักศึกษาไทยและนักศึกษาต่างชาติ,คุณสมบัติของผู้เข้าศึกษาต้องเป็นไปตามข้อบังคับมหาวิทยาลัยธรรมศาสตร์ ว่าด้วยการศึกษาชั้นปริญญาตรี พ.ศ. 2561 ข้อ 14 และมีคุณสมบัติ ดังนี้,16,วัน – เวลาราชการปกติ,แบบชั้นเรียน (Onsite),133,30,97,9,6,101,0,5,13,0,6,"S(ใช้ได้),U(ใช้ไม่ได้)","AUN-QA,สป.อว.","สอบผ่านและได้รับหน่วยกิตสะสมรายวิชาครบตามโครงสร้างหลักสูตร,บรรลุผลลัพธ์การเรียนรู้ตามมาตรฐานคุณวุฒิระดับปริญญาตรี,ได้ค่าระดับเฉลี่ยสะสมไม่ต่ำกว่า 2.00 (จากระบบ 4 ระดับคะแนน),ต้องปฏิบัติตามเงื่อนไขอื่นๆ ที่คณะวิทยาศาสตร์และเทคโนโลยี และมหาวิทยาลัยธรรมศาสตร์ กำหนด,บรรลุผลลัพธ์การเรียนรู้ตามมาตรฐานคุณวุฒิระดับปริญญาตรี"
11. วท.บ.วิทยาศาสตร์และเทคโนโลยีสิ่งทอ,1slAFbNqoDEZYuDQ5P-kr0V-KO8-MqRZE,18pqMPqydEefMbkish--nWnfO7ihUEf8g,1,1,25520051102635,คณะวิทยาศาสตร์และเทคโนโลยี,หลักสูตรวิทยาศาสตรบัณฑิต สาขาวิชาวิทยาศาสตร์และเทคโนโลยีสิ่งทอ,Bachelor of Science Program in Textile Science and Technology,วิทยาศาสตรบัณฑิต (วิทยาศาสตร์และเทคโนโลยีสิ่งทอ),Bachelor of Science (Textile Science and Technology),วท.บ. (วิทยาศาสตร์และเทคโนโลยีสิ่งทอ),B.Sc. (Textile Science and Technology),ศูนย์รังสิต,หลักสูตรระดับปริญญาตรี 4 ปี,หลักสูตรปริญญาตรีทางวิชาการ,จัดการศึกษาเป็นภาษาไทย,เป็นหลักสูตรของสถาบันโดยเฉพาะ,1,2566,"นักวิเคราะห์ วิจัยและพัฒนาวัสดุสิ่งทอ,นักบริหารจัดการด้านการผลิตในโรงงานอุตสาหกรรมการผลิตเส้นใย เส้นด้าย ผ้าผืน เสื้อผ้า และผลิตภัณฑ์สิ่งทออื่นๆ,นักเคมีในอุตสาหกรรมฟอก ย้อม พิมพ์และตกแต่งสำเร็จ,นักวิเคราะห์และทดสอบวัสดุสิ่งทอ,นักธุรกิจเกี่ยวกับผลิตภัณฑ์สิ่งทอ,นักวิชาการ นักวิทยาศาสตร์ด้านวัสดุสิ่งทอ",โครงการปกติ,รับทั้งนักศึกษาไทยและนักศึกษาต่างชาติ,คุณสมบัติของผู้เข้าศึกษาต้องเป็นไปตามข้อบังคับมหาวิทยาลัยธรรมศาสตร์ ว่าด้วยการศึกษาชั้นปริญญาตรี พ.ศ. 2561 ข้อ 14,16,วัน – เวลาราชการปกติ,แบบชั้นเรียน (Onsite),135,30,99,18,6,62,10,5,0,0,0,"S(ใช้ได้),U(ใช้ไม่ได้)",TQF,"ได้ศึกษารายวิชาต่างๆ ครบตามโครงสร้างหลักสูตร และมีหน่วยกิตสะสมไม่ต่ำกว่า 135 หน่วยกิต,บรรลุผลลัพธ์การเรียนรู้ตามมาตรฐานคุณวุฒิระดับปริญญาตรี,ได้ค่าระดับเฉลี่ยสะสมไม่ต่ำกว่า 2.00 จากระบบ (ระดับคะแนน 4),ได้ค่าระดับ S ในรายวิชา สท.391 การฝึกงาน (ระบบเกรด S และ U),ต้องปฏิบัติตามเงื่อนไขอื่นๆ ที่คณะวิทยาศาสตร์และเทคโนโลยี และมหาวิทยาลัยธรรมศาสตร์กำหนด"
16. วท.บ.คณิตศาสตร์ประยุกต์,1vkqK3vSIUwr_pAWhCMikXBUdhhCFMHPw,1Iur3vr8ctMhwmOYOCXun0U9nA4p5GZvo,1,1,25410051100225,คณะวิทยาศาสตร์และเทคโนโลยี,หลักสูตรวิทยาศาสตรบัณฑิต สาขาวิชาคณิตศาสตร์ประยุกต์,Bachelor of Science Program in Applied Mathematics,วิทยาศาสตรบัณฑิต (คณิตศาสตร์ประยุกต์),Bachelor of Science (Applied Mathematics),วท.บ. (คณิตศาสตร์ประยุกต์),B.Sc. (Applied Mathematics),ศูนย์รังสิต,หลักสูตรระดับปริญญาตรี 4 ปี,หลักสูตรปริญญาตรีทางวิชาการ,จัดการศึกษาเป็นภาษาไทย,เป็นหลักสูตรของสถาบันโดยเฉพาะ,1,2566,"นักวิเคราะห์ระบบและนักวิเคราะห์ข้อมูล,นักออกแบบและนักจัดการงานระบบการผลิตการดำเนินงานในโรงงานอุตสาหกรรม,ครู อาจารย์,นักวิจัย นักวิชาการ,งานวิจัยในแผนกการวางแผนและพัฒนาของหน่วยงานภาครัฐและเอกชน,งานด้านประกันภัย ประกันชีวิต,นักวางแผนทางการเงิน งานด้านการเงิน การธนาคาร,ผู้พัฒนาซอฟต์แวร์หรือโปรแกรมเมอร์,นักออกแบบระบบการผลิตการดำเนินงานในโรงงานอุตสาหกรรมหรือสายการบิน,อาชีพอื่น ๆ ในหน่วยงานราชการและเอกชน ที่ใช้ทักษะความรู้ทางด้านคณิตศาสตร์ประยุกต์",โครงการปกติ,รับเฉพาะนักศึกษาไทย,คุณสมบัติของผู้เข้าศึกษาต้องเป็นไปตามข้อบังคับมหาวิทยาลัยธรรมศาสตร์ ว่าด้วยการศึกษาชั้นปริญญาตรี พ.ศ. 2561 ข้อ 14 และเป็นผู้สำเร็จการศึกษาระดับมัธยมศึกษาตอนปลายสายสามัญ โปรแกรมที่เน้นวิทยาศาสตร์และคณิตศาสตร์,16,วัน – เวลาราชการปกติ,แบบชั้นเรียน (Onsite),120,30,84,15,6,22,1,5,47,0,3,"S(ใช้ได้),U(ใช้ไม่ได้)",AUN-QA,"บรรลุผลลัพธ์การเรียนรู้ตามมาตรฐานคุณวุฒิระดับปริญญาตรี,สอบผ่านและได้รับหน่วยกิตสะสมรายวิชาครบตามโครงสร้างหลักสูตร และมีหน่วยกิตสะสมไม่ต่ำกว่า 120 หน่วยกิต,ได้ค่าระดับเฉลี่ยสะสมไม่ต่ำกว่า 2.00 (จากระบบ 4 ระดับคะแนน),ได้ค่าระดับไม่น้อยกว่า 2.00 ในรายวิชาบังคับ คือ คป.201, คป.231, คป.241, คป.321, คป.322 และ ส.221 อย่างน้อย 2 รายวิชา,ได้ค่าระดับ S (ใช้ได้) ในรายวิชา คป.100 แนวทางคณิตศาสตร์ประยุกต์ และ คป.361 ฝึกปฏิบัติงานทางคณิตศาสตร์ประยุกต์,ต้องปฏิบัติตามเงื่อนไขอื่นๆ ที่คณะวิทยาศาสตร์และเทคโนโลยีและมหาวิทยาลัยธรรมศาสตร์กำหนด"
7. วท.บ.วัสดุศาสตร์,1uJ2AWVmjq86LA9Ud6hQgUmxqfcmLxqfg,1_EhNuzyQUDnftnHGKYFVvKSnVL_nYpnJ,1,1,25400051100415,คณะวิทยาศาสตร์และเทคโนโลยี,หลักสูตรวิทยาศาสตรบัณฑิต สาขาวิชาวัสดุศาสตร์,Bachelor of Science Program in Materials Science,วิทยาศาสตรบัณฑิต (วัสดุศาสตร์),Bachelor of Science (Materials Science),วท.บ. (วัสดุศาสตร์),B.Sc. (Materials Science),ศูนย์รังสิต,หลักสูตรระดับปริญญาตรี 4 ปี,หลักสูตรปริญญาตรีทางวิชาการ,จัดการศึกษาเป็นภาษาไทย,เป็นหลักสูตรของสถาบันโดยเฉพาะ,1,2566,"นักวิทยาศาสตร์,นักวิจัย,นักวิชาการ,พนักงานราชการ หรือรัฐวิสาหกิจ,ผู้ประกอบการ หรือลูกจ้างในหน่วยงานอุตสาหกรรมของภาคเอกชน,อาชีพอิสระ",โครงการปกติ,รับเฉพาะนักศึกษาไทย,คุณสมบัติของผู้เข้าศึกษาต้องเป็นไปตามข้อบังคับมหาวิทยาลัยธรรมศาสตร์ว่าด้วยการศึกษาชั้นปริญญาตรี พ.ศ. 2561 ข้อ 14,16,วัน – เวลาราชการปกติ,แบบชั้นเรียน (Onsite),135,30,99,12,6,103,,5,7,0,3,"S(ใช้ได้),U(ใช้ไม่ได้)",สป.อว.,"ได้ศึกษารายวิชาต่างๆ ครบตามโครงสร้างหลักสูตร และมีหน่วยกิตสะสมไม่ต่ำกว่า 135,ได้ค่าระดับเฉลี่ยสะสมไม่ต่ำกว่า 2.00 จากระบบ (ระดับคะแนน 4),ได้ค่าระดับ S ในรายวิชา วด.396 การฝึกงาน,ต้องปฏิบัติตามเงื่อนไขอื่นๆ ที่คณะวิทยาศาสตร์และเทคโนโลยี และ มหาวิทยาลัยธรรมศาสตร์กำหนด"
ศศ.บ. (ปรัชญา การเมือง และเศรษฐศาสตร์) ท่าพระจันทร์,1EivZ4C9cxnX3W5KsPPuaXzVy0pc667DJ,1upOAVx516a6ZNvWiyht11k8pIgYYWZlQ,1,1,25550051100164,วิทยาลัยสหวิทยาการ,หลักสูตรศิลปศาสตรบัณฑิต สาขาวิชาปรัชญา การเมือง และเศรษฐศาสตร์ (ท่าพระจันทร์),"Bachelor of Arts Program in Philosophy, Politics and Economics",ศิลปศาสตรบัณฑิต (ปรัชญา การเมือง และเศรษฐศาสตร์),"Bachelor of Arts (Philosophy, Politics and Economics)",ศศ.บ. (ปรัชญา การเมือง และเศรษฐศาสตร์),"B.A. (Philosophy, Politics and Economics)",ศูนย์ท่าพระจันทร์,หลักสูตรระดับปริญญาตรี 4 ปี,หลักสูตรปริญญาตรีทางวิชาการ,จัดการศึกษาเป็นภาษาไทย,เป็นหลักสูตรของสถาบันโดยเฉพาะ,1,2566,"นักพัฒนาสังคม,นักการเมือง,ปลัดอำเภอ,นักวิชาการศึกษา,นักการทูต และเจ้าหน้าที่ในองค์กรระหว่างประเทศ,เจ้าหน้าที่บุคคล,ผู้สื่อข่าว,นักธุรกิจ,นักวิชาการและนักวิจัย,เจ้าของกิจการและอาชีพอิสระอื่นๆ",โครงการพิเศษ,รับทั้งนักศึกษาไทยและนักศึกษาต่างชาติ,คุณสมบัติของผู้เข้าศึกษาต้องเป็นไปตามข้อบังคับมหาวิทยาลัยธรรมศาสตร์ ว่าด้วยการศึกษาชั้นปริญญาตรี พ.ศ. 2561 ข้อ 14,16,วัน – เวลาราชการปกติ,แบบชั้นเรียน (Onsite),126,30,90,0,6,25,28,10,14,1,4,,AUN-QA,"สอบผ่านและได้รับหน่วยกิตสะสมรายวิชาครบตามโครงสร้างหลักสูตร และมีหน่วยกิตสะสมไม่ต่ำกว่า 126 หน่วยกิต,ได้ค่าระดับเฉลี่ยสะสมไม่ต่ำกว่า 2.00 (จากระบบ 4 ระดับคะแนน),ต้องปฏิบัติตามเงื่อนไขอื่นๆ ที่คณะและมหาวิทยาลัยธรรมศาสตร์กำหนด,บรรลุผลลัพธ์การเรียนรู้ตามมาตรฐานคุณวุฒิระดับปริญญาตรี ตามเกณฑ์มาตรฐานหลักสูตรระดับปริญญาตรี พ.ศ. 2565"
ศศ.บ. (สหวิทยาการ) ศูนย์รังสิต,1nnmuLxY5quGQKRbw__IaBJrC3t4EKcKO,1Fi9lNJRxdktZ8Oqy2xeOD_P8SGF14Cn0,1,1,25520051102782,วิทยาลัยสหวิทยาการ,หลักสูตรศิลปศาสตรบัณฑิต สาขาวิชาสหวิทยาการ (ศูนย์รังสิต),Bachelor of Arts Program in Interdisciplinary Studies,ศิลปศาสตรบัณฑิต (สหวิทยาการ),Bachelor of Arts (Interdisciplinary Studies),ศศ.บ. (สหวิทยาการ),B.A. (Interdisciplinary Studies),ศูนย์รังสิต,หลักสูตรระดับปริญญาตรี 4 ปี,หลักสูตรปริญญาตรีทางวิชาการ,จัดการศึกษาเป็นภาษาไทย,เป็นหลักสูตรของสถาบันโดยเฉพาะ,1,2567,"อาจารย์,นักวิจัย,นักวิชาการด้านอนุภูมิภาคลุ่มน้ำโขง,นักวิชาการศึกษาในสถาบันอุดมศึกษา,นักพัฒนาสังคมท้องถิ่น,เจ้าหน้าที่วิเคราะห์นโยบายและแผน,เจ้าหน้าที่สถานทูตและองค์กรระหว่างประเทศนักพัฒนาสินค้าและบริการ,ล่าม,ผู้ประกอบการสินค้าและตลาดไทย-อนุภูมิภาคลุ่มน้ำโขง,ธุรกิจนำเข้า-ส่งออก,ธุรกิจ Start Up, ผู้ประกอบการธุรกิจรายย่อย, ผู้ประกอบการทางสังคม,เจ้าหน้าที่ในองค์กรพัฒนาเอกชน (NGO),เจ้าหน้าที่ประสานงานธุรกิจระหว่างประเทศ,เลขานุการ, นักพัฒนาการท่องเที่ยว,นักส่งเสริมการท่องเที่ยว และนักวิชาการท่องเที่ยว,ผู้ประกอบการที่พัก, ร้านอาหาร, ร้านขายของที่ระลึก,Blogger สายท่องเที่ยว,นักรีวิวสถานที่ท่องเที่ยว,ผู้ประกอบการบริษัทนำเที่ยว,มัคคุเทศก์ส่วนตัว,นักออกแบบและวางแผนการท่องเที่ยว,ผู้ประกอบการธุรกิจในอุตสาหกรรมท่องเที่ยว,ฝ่ายประสานงานบริษัททัวร์,ที่ปรึกษาการด้านท่องเที่ยว,ฝ่ายบริการข้อมูลลูกค้าด้านสถานที่ท่องเที่ยว,เจ้าหน้าที่ออกแบบโปรแกรมนำเที่ยว,ฝ่ายประชาสัมพันธ์,พนักงานฝ่ายต้อนรับส่วนหน้า,ฝ่ายธุรการ,พนักงานบริการบนเรือสำราญ,เจ้าหน้าที่ประสานงานและดูแลลูกค้า,นักท่องเที่ยว,พนักงานบริษัทรับจัดอีเว้นท์,เจ้าหน้าที่ประสานงานการประชุมและการแสดงสินค้า,ฝ่ายวางแผนและดำเนินการจัดกิจกรรมพิเศษ,พนักงานบริการผู้โดยสารบนเครื่องบิน (แอร์โฮสเตส/สจ๊วต),พนักงานสำรองตั๋วเครื่องบินและพนักงานบริการผู้โดยสารภาคพื้น,อาจารย์,นักวิจัย,นักวิชาการด้านการจัดการทรัพยากรทางสังคมวัฒนธรรม,นักวิชาการศึกษาในสถาบันอุดมศึกษา,นักสื่อสารมวลชน,นักสื่อความหมาย,พัฒนากร,ผู้ประสานงานโครงการภาครัฐและเอกชน,เจ้าหน้าที่ฝ่ายทำธุรกิจเพื่อสังคม,เจ้าหน้าที่วิเคราะห์นโยบายและแผน,เจ้าหน้าที่ในองค์กรพัฒนาเอกชน (NGO),เจ้าหน้าที่ในองค์กรปกครองส่วนท้องถิ่น,เจ้าหน้าที่ฝ่ายบุคคลหรือพัฒนาทรัพยากรมนุษย์,เจ้าหน้าที่หอศิลป์และพิพิธภัณฑ์,เจ้าหน้าที่ฝึกอบรมและเจ้าหน้าที่กิจกรรมเพื่อสังคม,ผู้จัดการในธุรกิจท่องเที่ยวและบริการ,ผู้ประกอบการธุรกิจ Start Up,ผู้ประกอบการเกี่ยวกับสินค้าในชุมชน และผู้ประกอบการอุตสาหกรรมวัฒนธรรม",โครงการพิเศษ,รับทั้งนักศึกษาไทยและนักศึกษาต่างชาติ,คุณสมบัติของผู้เข้าศึกษาต้องเป็นไปตามข้อบังคับมหาวิทยาลัยธรรมศาสตร์ ว่าด้วยการศึกษาชั้นปริญญาตรี พ.ศ. 2561 ข้อ 14,16,วัน – เวลาราชการปกติ,แบบประสมประสาน (Hybrid),120,30,69,15,6,60,60,9,9,0,1,,GREATS,"สอบผ่านและได้รับหน่วยกิตสะสมรายวิชาครบตามโครงสร้างหลักสูตร โดยมีหน่วยกิตสะสมไม่ต่ำกว่า 120 หน่วยกิต,ได้ค่าระดับเฉลี่ยสะสมไม่ต่ำกว่า 2.00 (จากระบบ 4 ระดับคะแนน),ต้องปฏิบัติตามเงื่อนไขอื่นๆ ที่คณะและมหาวิทยาลัยธรรมศาสตร์กำหนด"
วท.บ. (วิทยาศาสตร์และนวัตกรรมข้อมูล),1WGfoelYEzGJadyS0VlgsIynZlCyO96jL,1pESL4JtoZ0uxzZ1-eyTKQrFhajvN8Ig7,1,1,25610054001412,วิทยาลัยสหวิทยาการ,หลักสูตรวิทยาศาสตรบัณฑิต สาขาวิชาวิทยาศาสตร์และนวัตกรรมข้อมูล,Bachelor of Science Program in Data Science and Innovation,วิทยาศาสตรบัณฑิต (วิทยาศาสตร์และนวัตกรรมข้อมูล),Bachelor of Science (Data Science and Innovation),วท.บ. (วิทยาศาสตร์และนวัตกรรมข้อมูล),B.Sc. (Data Science and Innovation),ศูนย์รังสิต,หลักสูตรระดับปริญญาตรี 4 ปี,หลักสูตรปริญญาตรีทางวิชาชีพหรือปฏิบัติการ,จัดการศึกษาเป็นภาษาไทย,เป็นหลักสูตรที่ได้รับความร่วมมือระหว่างวิทยาลัยสหวิทยาการ และวิทยาลัยนวัตกรรม มหาวิทยาลัยธรรมศาสตร์ บริษัท อี-ซี.โอ.พี (ประเทศไทย) จำกัด และ บริษัท กสิกร แล็ป จำกัด,1,2566,"นักวิทยาศาสตร์ข้อมูล (Data Scientist),นักวิเคราะห์ข้อมูล (Data Analyst),วิศวกรข้อมูล (Data Engineer),นักวิเคราะห์สถิติ (Statistic Analyst),ผู้เชี่ยวชาญข้อมูลเชิงธุรกิจ (Business Analyst),นักออกแบบสถาปัตยกรรมข้อมูล (Data Architect),นักวิเคราะห์สำหรับอุตสาหกรรมประกันภัย (Actuarial Scientist),เจ้าหน้าที่นิติวิทยาศาสตร์คอมพิวเตอร์ (Digital Forensic Scientist)",โครงการพิเศษ,รับทั้งนักศึกษาไทยและนักศึกษาต่างชาติ,คุณสมบัติของผู้เข้าศึกษาต้องเป็นไปตามข้อบังคับมหาวิทยาลัยธรรมศาสตร์ ว่าด้วยการศึกษาชั้นปริญญาตรี พ.ศ.2561 ข้อ 14,16,วัน – เวลาราชการปกติ,แบบชั้นเรียน (Onsite),130,30,81,12,6,27,0,5,5,12,3,"S(ใช้ได้),U(ใช้ไม่ได้)",AUN-QA,"ต้องได้ศึกษารายวิชาต่าง ๆ ครบตามโครงสร้างหลักสูตร และมีหน่วยกิตสะสมไม่ต่ำกว่า 130 หน่วยกิต,ได้ค่าระดับเฉลี่ยสะสมไม่ต่ำกว่า 2.00 (จากระบบ 4 ระดับคะแนน),ต้องได้ค่าระดับ ใช้ได้ (S) ในรายวิชา วข.380 ฝึกปฏิบัติงานทางวิทยาศาสตร์ข้อมูล วข.381 การเตรียมความพร้อมสำหรับสหกิจศึกษา และ วข.480 สหกิจศึกษาและการศึกษาเชิงบูรณาการกับการทำงาน,ต้องปฏิบัติตามเงื่อนไขอื่น ๆ ที่วิทยาลัยสหวิทยาการ และมหาวิทยาลัยธรรมศาสตร์กำหนด"
ศศ.บ. (ปรัชญา การเมือง และเศรษฐศาสตร์) นานาชาติ,1n0XrdpHxom7LNE_BLCY1xAF8qlOI7agl,1hTqcgHypzuJLRsO63Bl7IOTmOVi67LEB,1,1,25630051100104,วิทยาลัยสหวิทยาการ,หลักสูตรศิลปศาสตรบัณฑิต สาขาวิชาปรัชญา การเมือง และเศรษฐศาสตร์ (หลักสูตรนานาชาติ),"Bachelor of Arts Program in Philosophy, Politics and Economics (International Program)",ศิลปศาสตรบัณฑิต (ปรัชญา การเมือง และเศรษฐศาสตร์),"Bachelor of Arts (Philosophy, Politics and Economics)",ศศ.บ. (ปรัชญา การเมือง และเศรษฐศาสตร์),"B.A. (Philosophy, Politics and Economics)",ศูนย์ท่าพระจันทร์,หลักสูตรระดับปริญญาตรี 4 ปี,หลักสูตรปริญญาตรีทางวิชาการ,จัดการศึกษาเป็นภาษาอังกฤษ,เป็นหลักสูตรของสถาบันโดยเฉพาะ,1,2566,"นักการเมือง,ผู้สื่อข่าว,เจ้าหน้าที่หน่วยงานรัฐและรัฐวิสาหกิจ,เจ้าหน้าที่บุคคล,นักการทูต และเจ้าหน้าที่ในองค์กรระหว่างประเทศ,พนักงานบริษัทเอกชนทั้งในต่างประเทศ,นักธุรกิจ,เจ้าของกิจการและอาชีพอิสระอื่นๆ,นักวิชาการและนักวิจัย",โครงการพิเศษ,รับทั้งนักศึกษาไทยและนักศึกษาต่างชาติ,คุณสมบัติของผู้เข้าศึกษาต้องเป็นไปตามข้อบังคับมหาวิทยาลัยธรรมศาสตร์ว่าด้วยการศึกษาชั้นปริญญาตรี พ.ศ. 2561 ข้อ 14,16,วัน – เวลาราชการปกติ,แบบชั้นเรียน (Onsite),126,30,72,15,9,5,16,5,5,0,1,,,"ได้ศึกษารายวิชาต่างๆ ครบตามโครงสร้างหลักสูตร และมีหน่วยกิตสะสมไม่ต่ำกว่า 126 หน่วยกิต, ได้ค่าระดับเฉลี่ยสะสมไม่ต่ำกว่า 2.00 (จากระบบ 4 ระดับคะแนน), สอบผ่านวิชาปกน.501 ภาคนิพนธ์ 1 และ ปกน.502 ภาคนิพนธ์ 2, ต้องปฏิบัติตามเงื่อนไขอื่นๆ ที่คณะและมหาวิทยาลัยธรรมศาสตร์กำหนด"
ศศ.บ. (ปรัชญา การเมือง และเศรษฐศาสตร์) ศูนย์ลำปาง,1DJUmnQfwp6JOWNcrHmnIFLeEN1laPlca,1nQMML5ZDlv89WIqhkOyB7PVW7qX3gy_w,1,1,,วิทยาลัยสหวิทยาการ,หลักสูตรศิลปศาสตรบัณฑิต สาขาวิชาปรัชญา การเมือง และเศรษฐศาสตร์ (ศูนย์ลำปาง),"Bachelor of Arts Program in Philosophy, Politics and Economics",ศิลปศาสตรบัณฑิต (ปรัชญา การเมือง และเศรษฐศาสตร์),"Bachelor of Arts (Philosophy, Politics and Economics)",ศศ.บ. (ปรัชญา การเมือง และเศรษฐศาสตร์),"B.A. (Philosophy, Politics and Economics)",ศูนย์ลำปาง,หลักสูตรระดับปริญญาตรี 4 ปี,หลักสูตรปริญญาตรีทางวิชาการ,จัดการศึกษาเป็นภาษาไทย,เป็นหลักสูตรของสถาบันโดยเฉพาะ,1,2566,"นักพัฒนาสังคมหน่วยงานภาครัฐ องค์กรพัฒนาเอกชน และหน่วยงานเอกชน/ธุรกิจ,นักขับเคลื่อนสังคมในองค์กรระหว่างประเทศ,นักการเมืองระดับท้องถิ่น และระดับชาติ,นักพัฒนาทรัพยากรมนุษย์,นักวิเคราะห์ตลาด นักการตลาด,ผู้ประกอบการ,นักเขียน สื่อมวลชน,บุคลากรในสายงานปกครอง,บุคลากรในสายงานการระหว่างประเทศ,บุคลากรในสายงานวิชาการและบริหารการศึกษา",โครงการพิเศษ,รับทั้งนักศึกษาไทยและนักศึกษาต่างชาติ,คุณสมบัติของผู้เข้าศึกษาต้องเป็นไปตามข้อบังคับมหาวิทยาลัยธรรมศาสตร์ ว่าด้วยการศึกษาชั้นปริญญาตรี พ.ศ. 2561 ข้อ 14,16,วัน – เวลาราชการปกติ,แบบชั้นเรียน (Onsite),126,30,90,0,6,9,14,10,14,1,3,,,"สอบผ่านและได้รับหน่วยกิตสะสมรายวิชาครบตามโครงสร้างหลักสูตร และมีหน่วยกิตสะสมไม่ต่ำกว่า 126 หน่วยกิต,ได้ค่าระดับเฉลี่ยสะสมไม่ต่ำกว่า 2.00 (จากระบบ 4 ระดับคะแนน),บรรลุผลลัพธ์การเรียนรู้ตามมาตรฐานคุณวุฒิระดับปริญญาตรี,ต้องปฏิบัติตามเงื่อนไขอื่น ๆ ที่คณะและมหาวิทยาลัยธรรมศาสตร์กำหนด"
ศศ.บ. (สหวิทยาการ) ศูนย์ลำปาง,1AGKHDdnL98ZaPfs3XR1_q3b7WuMxps9v,1XUKxpv3ag6OmNjwtPM7vqnBnE-7Khcu6,1,1,25520051102782,วิทยาลัยสหวิทยาการ,หลักสูตรศิลปศาสตรบัณฑิต สาขาวิชาสหวิทยาการ (ศูนย์ลำปาง),Bachelor of Arts Program in Interdisciplinary Studies,ศิลปศาสตรบัณฑิต (สหวิทยาการ),Bachelor of Arts (Interdisciplinary Studies),ศศ.บ. (สหวิทยาการ),B.A. (Interdisciplinary Studies),ศูนย์ลำปาง,หลักสูตรระดับปริญญาตรี 4 ปี,หลักสูตรปริญญาตรีทางวิชาการ,จัดการศึกษาเป็นภาษาไทย,เป็นหลักสูตรของสถาบันโดยเฉพาะ,1,2566,"อาจารย์,นักวิจัย,นักวิชาการศึกษาด้านจีนศึกษา,นักวิชาการศึกษาในสถาบันอุดมศึกษา,เจ้าหน้าที่วิเคราะห์นโยบายและแผน,เจ้าหน้าที่สถานทูตและองค์กรระหว่างประเทศ,ล่าม/นักแปล,ผู้ประกอบการสินค้าและตลาดไทย-จีน,ธุรกิจนำเข้า-ส่งออก,ธุรกิจ Start Up,เจ้าหน้าที่ในองค์กรพัฒนาเอกชน (NGO)/องค์กรไม่แสวงหาผลกำไร,ผู้ประกอบการธุรกิจรายย่อย,ผู้ประกอบการทางสังคม,เจ้าหน้าที่ประสานงานธุรกิจระหว่างประเทศ,เลขานุการ,นักพัฒนาการท่องเที่ยว,นักส่งเสริมการท่องเที่ยว,นักวิชาการท่องเที่ยว,ผู้ประกอบการที่พัก,ร้านอาหาร,ร้านขายของที่ระลึก,Blogger สายท่องเที่ยว,นักรีวิวสถานที่ท่องเที่ยว,ผู้ประกอบการบริษัทนำเที่ยว,มัคคุเทศก์ส่วนตัว,นักออกแบบและวางแผนการท่องเที่ยว,ผู้ประกอบการธุรกิจในอุตสาหกรรมท่องเที่ยว,ฝ่ายประสานงานบริษัททัวร์,ที่ปรึกษาการด้านท่องเที่ยว,ฝ่ายบริการข้อมูลลูกค้าด้านสถานที่ท่องเที่ยว,เจ้าหน้าที่ออกแบบโปรแกรมนำเที่ยว,ฝ่ายประชาสัมพันธ์,พนักงานฝ่ายต้อนรับส่วนหน้า,ฝ่ายธุรการ,พนักงานบริการบนเรือสำราญ,เจ้าหน้าที่ประสานงานและดูแลลูกค้า,นักท่องเที่ยว,พนักงานบริษัทรับจัดอีเว้นท์,เจ้าหน้าที่ประสานงานการประชุมและการแสดงสินค้า,ฝ่ายวางแผนและดำเนินการจัดกิจกรรมพิเศษ,พนักงานบริการผู้โดยสารบนเครื่องบิน (แอร์โฮสเตส/สจ๊วต),พนักงานสำรองตั๋วเครื่องบินและพนักงานบริการผู้โดยสารภาคพื้น,นักสื่อสารมวลชน,นักสื่อความหมาย,พัฒนากร,ผู้ประสานงานโครงการภาครัฐและเอกชน,เจ้าหน้าที่ฝ่ายทำธุรกิจเพื่อสังคม,เจ้าหน้าที่หอศิลป์และพิพิธภัณฑ์,เจ้าหน้าที่ฝึกอบรม,เจ้าหน้าที่กิจกรรมเพื่อสังคม,ผู้จัดการในธุรกิจท่องเที่ยวและบริการ,ผู้ประกอบการเกี่ยวกับสินค้าในชุมชน,ผู้ประกอบการอุตสาหกรรมวัฒนธรรม,เจ้าหน้าที่กิจกรรมเพื่อสังคม (CSR),เจ้าหน้าที่ประสานโครงการที่เกี่ยวข้องกับความยั่งยืน,เจ้าหน้าที่องค์กรระหว่างประเทศที่เกี่ยวข้องกับการพัฒนา,นักออกแบบนวัตกรรมสังคม (Social Innovation Designer),นักออกแบบผลิตภัณฑ์ (Product Designer),นักออกแบบบริการ (Service Designer),นักออกแบบสื่อสาร (Communication Designer),นักออกแบบเพื่อชุมชน (Community Designer),นักออกแบบประสบการณ์ (Experience Designer),นักจัดการด้านการออกแบบ และนวัตกรรมสังคม (Design and Social Innovation Officer),นักพัฒนาการออกแบบในหน่วยงานภาครัฐ (Design Development Officer in Government Agencies),นักออกแบบกิจกรรมเพื่อสังคม (Social Activity Designer),ผู้ประกอบการทางสังคมด้านการออกแบบ (Social Entrepreneur in Design),ผู้ประกอบการธุรกิจด้านการออกแบบ (Design Business Entrepreneur),ผู้ประสานงานด้านการออกแบบ (Design Coordinator),นักวิจัย-วิชาการออกแบบผลิตภัณฑ์,บุคลากรทางการศึกษาด้านศิลปะออกแบบ,นักออกแบบผลิตภัณฑ์หัตถอุตสาหกรรม,นักออกแบบผลิตภัณฑ์อุตสาหกรรม,นักออกแบบผลิตภัณฑ์เครื่องเรือน,นักออกแบบกราฟิก เลขนภัณฑ์บรรจุภัณฑ์,นักออกแบบศิลปะและผลิตภัณฑ์เซรามิกส์,นักออกแบบนิทรรศการและบริเวณจัดแสดง,นักพัฒนาผลิตภัณฑ์ชุมชน-วิสาหกิจชุมชน,นักจัดการบริหารงานออกแบบ,นักออกแบบอิสระ,ผู้ประกอบการงานออกแบบ",โครงการปกติ,รับทั้งนักศึกษาไทยและนักศึกษาต่างชาติ,คุณสมบัติของผู้เข้าศึกษาต้องเป็นไปตามข้อบังคับมหาวิทยาลัยธรรมศาสตร์ ว่าด้วยการศึกษาชั้นปริญญาตรี พ.ศ. 2561 ข้อ 14,16,วัน – เวลาราชการปกติ,แบบประสมประสาน (Hybrid),120,30,69,15,6,113,20,24,25,2,5,,CHEQAOnline,"สอบผ่านและได้รับหน่วยกิตสะสมรายวิชาครบตามโครงสร้างหลักสูตร โดยมีหน่วยกิตสะสมไม่ต่ำกว่า 120 หน่วยกิต,ได้ค่าระดับเฉลี่ยสะสมไม่ต่ำกว่า 2.00 (จากระบบ 4 ระดับคะแนน),ต้องปฏิบัติตามเงื่อนไขอื่นๆ ที่คณะและมหาวิทยาลัยธรรมศาสตร์กำหนด"
วทบ-นวัตกรรมบริการ66,1MXLayzFYuKjEdJaZkScjCFEC4891Y5EQ,1548JHcwmK8jEIz3E1joiDD5r7vNDVg3f,1,1,25570051102405,วิทยาลัยนวัตกรรม,หลักสูตรศิลปศาสตรบัณฑิต สาขาวิชานวัตกรรมการบริการ (หลักสูตรนานาชาติ),Bachelor of Arts Program in Service Innovation (International Program),ศิลปศาสตรบัณฑิต (นวัตกรรมการบริการ),Bachelor of Arts (Service Innovation),ศศ.บ. (นวัตกรรมการบริการ),B.A. (Service Innovation),"ศูนย์รังสิต, ท่าพระจันทร์",หลักสูตรระดับปริญญาตรี 4 ปี,หลักสูตรปริญญาตรีทางวิชาการ,จัดการศึกษาเป็นภาษาอังกฤษ,เป็นหลักสูตรของสถาบันโดยเฉพาะ,1,2566,"พนักงานฝ่ายลูกค้าสัมพันธ์ ฝ่ายบริการของโรงแรม สายการบิน และธุรกิจนำเที่ยว,พนักงานฝ่ายบริการของโรงพยาบาล,พนักงานฝ่ายบริการของธนาคาร สถาบันการเงิน,พนักงานฝ่ายการวางแผนการจัดงานอีเวนท์,เจ้าของธุรกิจที่เกี่ยวข้องกับการบริการ",โครงการพิเศษ,รับทั้งนักศึกษาไทยและนักศึกษาต่างชาติ,"การคัดเลือกผู้เข้าศึกษาให้เป็นไปตามระเบียบคัดเลือกเพื่อเข้าศึกษาในสถาบันการศึกษาขั้นอุดมศึกษาของส่วนราชการหรือหน่วยงานอื่นดำเนินการตามการมอบหมายของมหาวิทยาลัย หรือตามข้อตกลง หรือการคัดเลือกตามวิธีการที่มหาวิทยาลัยกำหนดโดยความเห็นชอบของสภามหาวิทยาลัยและออกเป็นประกาศมหาวิทยาลัย,ต้องมีคะแนนสอบภาษาอังกฤษเป็นไปตามประกาศที่วิทยาลัยกำหนด,ในกรณีที่นักศึกษาต่างชาติเป็นผู้ที่มีสัญชาติและมีถิ่นฐานอยู่ในประเทศที่ใช้ภาษาอังกฤษเป็นภาษาราชการ จะได้รับการพิจารณายกเว้นไม่จำเป็นต้องส่งผลทดสอบภาษาอังกฤษ ซึ่งมีรายชื่อประเทศดังนี้ ออสเตรเลีย สหราชอาณาจักร นิวซีแลนด์ ไอร์แลนด์ แคนาดา และสหรัฐอเมริกา",16,วัน – เวลาราชการปกติ,แบบชั้นเรียน (Onsite),129,30,93,12,6,24,1,5,30,0,29,"S(ใช้ได้),U(ใช้ไม่ได้)","UNWTO.TedQual,AUN-QA","สอบผ่านและได้รับหน่วยกิตสะสมรายวิชาครบตามโครงสร้างหลักสูตร และมีหน่วยกิตสะสมไม่น้อยกว่า 129 หน่วยกิต,ได้ค่าระดับเฉลี่ยสะสมไม่ต่ำกว่า 2.00 (จากระบบ 4 ระดับคะแนน),ได้ค่าระดับ S (ใช้ได้) ในรายวิชา นบ.484 การฝึกงานสำหรับอุตสาหกรรมการบริการ,ต้องปฏิบัติตามเงื่อนไขอื่น ๆ ที่วิทยาลัยและมหาวิทยาลัยธรรมศาสตร์กำหนด,บรรลุผลลัพธ์การเรียนรู้ตามมาตรฐานคุณวุฒิระดับปริญญาตรี พ.ศ. 2565"
ศศบ-การจัดการมรดกวัฒนธรรม-66,1bfF6bsAAyeRFJar1IoZTKBONs44vJKPK,1pRStCgDNJJt3imPNfHeVnjj2Yk7TGPF_,1,1,25570051102416,วิทยาลัยนวัตกรรม,หลักสูตรศิลปศาสตรบัณฑิต สาขาวิชาการจัดการมรดกวัฒนธรรมและอุตสาหกรรมสร้างสรรค์ (หลักสูตรพหุวิทยาการ),Bachelor of Arts Program in Management of Cultural Heritage and Creative Industries (Multidisciplinary),ศิลปศาสตรบัณฑิต (การจัดการมรดกวัฒนธรรมและอุตสาหกรรมสร้างสรรค์),Bachelor of Arts (Management of Cultural Heritage and Creative Industries),ศศ.บ. (การจัดการมรดกวัฒนธรรมและอุตสาหกรรมสร้างสรรค์,B.A. (Management of Cultural Heritage and Creative Industries),ศูนย์ท่าพระจันทร์,หลักสูตรระดับปริญญาตรี 4 ปี,หลักสูตรปริญญาตรีทางวิชาการ,จัดการศึกษาเป็นภาษาไทย,เป็นหลักสูตรของสถาบันโดยเฉพาะ,1,2566,"พนักงานและผู้ประกอบการด้านมรดกวัฒนธรรม,พนักงานและผู้ประกอบการด้านอุตสาหกรรมสร้างสรรค์,บุคลากรสายวิชาการ และพนักงานสายสนับสนุนด้านการจัดการมรดกวัฒนธรรมและอุตสาหกรรมสร้างสรรค์,นักวิจัยหรือผู้ช่วยนักวิจัยในโครงการขององค์การยูเนสโก และงานด้านวัฒนธรรมอื่น ๆ ที่เกี่ยวข้อง,ภัณฑารักษ์หรือผู้ดูแลพิพิธภัณฑ์,พนักงานองค์กรฝ่ายการตลาดและการประชาสัมพันธ์ทางวัฒนธรรม,พนักงานองค์กรฝ่ายวิเคราะห์และวางแผนโครงการทางวัฒนธรรม,พนักงานองค์กรฝ่ายประสานงานโครงการทางวัฒนธรรมและโครงการอื่น ๆ ที่เกี่ยวข้อง,พนักงานองค์กรด้านการออกแบบสื่อวัฒนธรรมสร้างสรรค์,เจ้าหน้าที่บริษัทผลิตรายการโทรทัศน์และภาพยนตร์และสื่อสมัยใหม่,เจ้าหน้าที่บริษัทรับจัดงานและการแสดงทางวัฒนธรรม (Event),อาชีพอิสระ เช่น ผู้ผลิตงานสร้างสรรค์ (ภาพยนตร์ เพลง ศิลปะการแสดง ฯลฯ) ผู้ประกอบกิจการสตาร์ทอัป (Startup)",โครงการพิเศษ,รับทั้งนักศึกษาไทยและนักศึกษาต่างชาติ,คุณสมบัติของผู้เข้าศึกษาต้องเป็นไปตามข้อบังคับมหาวิทยาลัยธรรมศาสตร์ ว่าด้วยการศึกษาชั้นปริญญาตรี พ.ศ. 2561 ข้อ 14,16,วัน – เวลาราชการปกติ,แบบชั้นเรียน (Onsite),129,30,90,15,9,12,3,5,30,0,29,"S(ใช้ได้),U(ใช้ไม่ได้)",,"สอบผ่านและได้รับหน่วยกิตสะสมรายวิชาครบตามโครงสร้างหลักสูตร,ได้ค่าระดับเฉลี่ยสะสมไม่ต่ำกว่า 2.00 (จากระบบ 4 ระดับคะแนน),ได้ค่าระดับ S (ใช้ได้) ในรายวิชา จวอ. 400 การศึกษาเฉพาะเรื่อง และ จวอ. 411 การฝึกปฏิบัติงานด้านการจัดการทางวัฒนธรรมและอุตสาหกรรมสร้างสรรค์,ต้องปฏิบัติตามเงื่อนไขอื่นๆ ที่วิทยาลัยนวัตกรรมและมหาวิทยาลัยธรรมศาสตร์กำหนด"
วทบ-นวัตกรรมการแปรรูปดิจิทัล66,1GdwYYn6lokzCkouYV9NjS-nnt7aDooNP,1dZQKMFVkn9A13pkhue_veJm-YNgvddvx,1,1,25610054001377,วิทยาลัยนวัตกรรม,หลักสูตรวิทยาศาสตรบัณฑิต สาขาวิชานวัตกรรมและการแปรรูปทางดิจิทัล (หลักสูตรพหุวิทยาการ),Bachelor of Science Program in Digital Transformation and Innovation (Multidisciplinary),วิทยาศาสตรบัณฑิต (นวัตกรรมและการแปรรูปทางดิจิทัล),Bachelor of Science (Digital Transformation and Innovation),วท.บ. (นวัตกรรมและการแปรรูปทางดิจิทัล),B.S. (Digital Transformation and Innovation),ศูนย์รังสิต,หลักสูตรระดับปริญญาตรี 4 ปี,หลักสูตรปริญญาตรีทางวิชาการ,จัดการศึกษาเป็นภาษาไทย,เป็นหลักสูตรของสถาบันโดยเฉพาะ,1,2566,"นักบริหารดิจิทัล,นักวิเคราะห์ข้อมูล,นักการตลาดดิจิทัล,ผู้ปฏิบัติงานด้าน Cyber Security,พนักงานองค์การด้านนวัตกรรม,พนักงานองค์กรฝ่ายวิเคราะห์และวางแผนโครงการทางดิจิทัล",โครงการพิเศษ,รับทั้งนักศึกษาไทยและนักศึกษาต่างชาติ,คุณสมบัติของผู้เข้าศึกษาต้องเป็นไปตามข้อบังคับมหาวิทยาลัยธรรมศาสตร์ ว่าด้วยการศึกษาชั้นปริญญาตรี พ.ศ. 2561 ข้อ 14,16,วัน – เวลาราชการปกติ,แบบชั้นเรียน (Onsite),129,30,93,15,6,20,3,5,30,0,29,"S(ใช้ได้),U(ใช้ไม่ได้)",,"สอบผ่านและได้รับหน่วยกิตสะสมรายวิชาครบตามโครงสร้างหลักสูตร และมีหน่วยกิตสะสมไม่น้อยกว่า 129 หน่วยกิต, ได้ค่าระดับเฉลี่ยสะสมไม่ต่ำกว่า 2.00 (จากระบบ 4 ระดับคะแนน), ได้ค่าระดับ S (ใช้ได้) ในรายวิชา ดท.380 การฝึกปฏิบัติงานด้านธุรกิจดิจิทัล, ต้องปฏิบัติตามเงื่อนไขอื่น ๆ ที่วิทยาลัยนวัตกรรมและมหาวิทยาลัยธรรมศาสตร์กำหนด"
เศรษฐศาสตรบัณฑิต (นานาชาติ-ปรับปรุง 2566),12eLSINUIFfXkx918zIz1ovz-5DU0YVdu,19JeWR0GgGlk-ROXvkSI1uvU9eHVzr4Xw,1,1,25510051108732,คณะเศรษฐศาสตร์,หลักสูตรเศรษฐศาสตรบัณฑิต (หลักสูตรนานาชาติ),Bachelor of Economics Program (International Program),เศรษฐศาสตรบัณฑิต,Bachelor of Economics,ศ.บ.,B.Econ.,ศูนย์ท่าพระจันทร์,หลักสูตรระดับปริญญาตรี 4 ปี,หลักสูตรปริญญาตรีทางวิชาการ,จัดการศึกษาเป็นภาษาอังกฤษ,เป็นหลักสูตรของสถาบันโดยเฉพาะ,1,2566,"นักเศรษฐศาสตร์,นักวิจัยด้านเศรษฐศาสตร์,นักวิเคราะห์ด้านนโยบายและการวางแผน,นักวิเคราะห์ด้านการตลาด,นักวิเคราะห์ด้านการลงทุน,นักวิเคราะห์ด้านการเงิน,ประกอบอาชีพอิสระธุรกิจส่วนตัวหรือเจ้าของกิจการ,นักข่าวและสื่อสารมวลชน,อาจารย์,งานองค์กรระหว่างประเทศ,นักวิจัยอิสระ,เจ้าหน้าที่งบประมาณ,ตัวแทนประกันภัย,นักวิชาการ",โครงการพิเศษ,รับทั้งนักศึกษาไทยและนักศึกษาต่างชาติ,"สำเร็จการศึกษาไม่ต่ำกว่าชั้นมัธยมศึกษาตอนปลายหรือเทียบเท่า,ไม่เป็นนักศึกษาของมหาวิทยาลัยหรือสถาบันอุดมศึกษาอื่น เว้นแต่การศึกษาในมหาวิทยาลัยเปิด หรือการศึกษาหลักสูตรทางไกล (Online) ที่ได้รับปริญญา,ไม่เป็นผู้ป่วยหรืออยู่ในสภาวะที่จะเป็นอุปสรรคร้ายแรงต่อการศึกษา,ไม่เป็นผู้ประพฤติผิดศีลธรรมอันดีหรือมีพฤติกรรมเสื่อมเสียอย่างร้ายแรง",16,วัน – เวลาราชการปกติ,แบบชั้นเรียน (Onsite),131,30,71,24,6,16,3,5,78,0,9,,"AUN-QA,สป.อว.","สอบผ่านและได้รับหน่วยกิตสะสมรายวิชาครบตามโครงสร้างหลักสูตร และมีหน่วยกิตสะสมไม่ต่ำกว่า 131 หน่วยกิต,ได้ค่าระดับเฉลี่ยสะสมไม่ต่ำกว่า 2.00 (จากระบบ 8 ระดับคะแนน),ต้องปฏิบัติตามเงื่อนไขอื่น ๆ ที่คณะเศรษฐศาสตร์ และมหาวิทยาลัยธรรมศาสตร์กำหนด"
เศรษฐศาสตรบัณฑิต (ปรับปรุง 2566),1Gdb1axWooZ9YATPVDw3KYL1SeQ7oyF5q,1TszijVcj4WFJNfEneYZzGxTQzfvAqJki,1,1,25400051100191,คณะเศรษฐศาสตร์,หลักสูตรเศรษฐศาสตรบัณฑิต,Bachelor of Economics Program,เศรษฐศาสตรบัณฑิต,Bachelor of Economics,ศ.บ.,B.Econ.,ศูนย์รังสิต,หลักสูตรระดับปริญญาตรี 4 ปี,หลักสูตรปริญญาตรีทางวิชาการ,จัดการศึกษาเป็นภาษาไทย,เป็นหลักสูตรของสถาบันโดยเฉพาะ,1,2566,"นักเศรษฐศาสตร์,นักวิจัยด้านเศรษฐศาสตร์,นักวิเคราะห์ด้านนโยบายและการวางแผน,นักวิเคราะห์ด้านการตลาด,นักวิเคราะห์ด้านการลงทุน,นักวิเคราะห์ด้านการเงิน,ประกอบอาชีพอิสระธุรกิจส่วนตัวหรือเจ้าของกิจการ,นักข่าวและสื่อสารมวลชน,อาจารย์,งานองค์กรระหว่างประเทศ,นักวิจัยอิสระ,เจ้าหน้าที่งบประมาณ,ตัวแทนประกันภัย,นักวิชาการ",โครงการปกติ,รับทั้งนักศึกษาไทยและนักศึกษาต่างชาติ,"สำเร็จการศึกษาไม่ต่ำกว่าชั้นมัธยมศึกษาตอนปลายหรือเทียบเท่า,ไม่เป็นนักศึกษาของมหาวิทยาลัยหรือสถาบันอุดมศึกษาอื่น เว้นแต่การศึกษาในมหาวิทยาลัยเปิด หรือการศึกษาหลักสูตรทางไกล (Online) ที่ได้รับปริญญา,ไม่เป็นผู้ป่วยหรืออยู่ในสภาวะที่จะเป็นอุปสรรคร้ายแรงต่อการศึกษา,ไม่เป็นผู้ประพฤติผิดศีลธรรมอันดีหรือมีพฤติกรรมเสื่อมเสียอย่างร้ายแรง",16,วัน – เวลาราชการปกติ,แบบชั้นเรียน (Onsite),131,30,71,24,6,14,1,5,78,0,8,,IQA,"สอบผ่านและได้รับหน่วยกิตสะสมรายวิชาครบตามโครงสร้างหลักสูตร และมีหน่วยกิตสะสมไม่ต่ำกว่า 131 หน่วยกิต,ได้ค่าระดับเฉลี่ยสะสมไม่ต่ำกว่า 2.00 (จากระบบ 8 ระดับคะแนน),ต้องปฏิบัติตามเงื่อนไขอื่น ๆ ที่คณะเศรษฐศาสตร์ และมหาวิทยาลัยธรรมศาสตร์กำหนด"
ศป.บ.ศิลปะการออกแบบพัสตราภรณ์(ปรับปรุง2566),13HjjKM7vmBqwB8Nm1hET_-bpGNdRHBO3,1EeySrskC1-UywSTdvvRcnvQGMCYm7aQV,1,1,25400051100112,คณะศิลปกรรมศาสตร์,หลักสูตรศิลปกรรมศาสตรบัณฑิต สาขาวิชาศิลปะการออกแบบพัสตราภรณ์,Bachelor of Fine and Applied Arts Program in Textile and Fashion Design,ศิลปกรรมศาสตรบัณฑิต (ศิลปะการออกแบบพัสตราภรณ์),Bachelor of Fine and Applied Arts (Textile and Fashion Design),ศป.บ. (ศิลปะการออกแบบพัสตราภรณ์),B.F.A (Textile and Fashion Design),ศูนย์รังสิต,หลักสูตรระดับปริญญาตรี 4 ปี,หลักสูตรปริญญาตรีทางวิชาการ,จัดการศึกษาเป็นภาษาไทย,เป็นหลักสูตรของสถาบันโดยเฉพาะ,1,2566,"นักออกแบบสิ่งทอและแฟชั่น,นักจัดการสินค้าสิ่งทอและแฟชั่น,ผู้ประกอบการในการผลิตและจำหน่ายงานประเภทสิ่งทอและแฟชั่น,นักพัฒนาผลิตภัณฑ์,นักวิชาการทางด้านการออกแบบสิ่งทอและแฟชั่น,ผู้ออกแบบรูปแบบการแต่งกาย (stylist),นักออกแบบในสาขาที่เกี่ยวข้อง",โครงการปกติ,รับทั้งนักศึกษาไทยและนักศึกษาต่างชาติ,"คุณสมบัติของผู้เข้าศึกษาต้องเป็นไปตามข้อบังคับมหาวิทยาลัยธรรมศาสตร์ ว่าด้วยการศึกษาชั้นปริญญาตรี พ.ศ. 2561 ข้อ 14,การคัดเลือกผู้เข้าศึกษา การคัดเลือกผู้เข้าศึกษาให้เป็นไปตามระเบียบคัดเลือกเพื่อเข้าศึกษาในสถาบันการศึกษาขั้น
อุดมศึกษาของส่วนราชการหรือหน่วยงานอื่นดําเนินการตามการมอบหมายของมหาวิทยาลัยหรือตาม
ข้อตกลง หรือ การคัดเลือกตามวิธีการที่มหาวิทยาลัยกําหนดโดยความเห็นชอบของสภามหาวิทยาลัย
และออกเป็นประกาศมหาวิทยาลัย",16,วัน – เวลาราชการปกติ,แบบชั้นเรียน (Onsite),127,30,91,0,6,10,15,6,11,0,21,"S(ใช้ได้),U(ใช้ไม่ได้)",,"ได้ศึกษารายวิชาต่าง ๆ ครบตามโครงสร้างหลักสูตร และมีหน่วยกิตสะสมไม่ต่ำกว่า 127 หน่วยกิต,ได้ค่าคะแนนเฉลี่ยสะสมไม่ต่ำกว่า 2.00 จากระบบ (4 ระดับคะแนน),ต้องสอบไล่ได้ไม่ต่ำกว่าระดับ C ในรายวิชา,ต้องปฏิบัติตามเงื่อนไขอื่น ๆ ที่คณะศิลปกรรมศาสตร์ และมหาวิทยาลัยธรรมศาสตร์กำหนด"
ศป.บ.ออกแบบหัตถอุตสาหกรรมสร้างสรรค์(ใหม่2569),1U64DKb7CkMTUwi62TvpoNmTszCyGimyc,1Z1yqquXlgKTRaK7AEBGMV2fbxUqti3kO,1,1,,คณะศิลปกรรมศาสตร์,หลักสูตรศิลปกรรมศาสตรบัณฑิต สาขาวิชาออกแบบหัตถอุตสาหกรรมสร้างสรรค์,Bachelor of Fine and Applied Arts Program in Creative Industrial Crafts Design,ศิลปกรรมศาสตรบัณฑิต (ออกแบบหัตถอุตสาหกรรมสร้างสรรค์),Bachelor of Fine and Applied Arts (Creative Industrial Crafts Design),ศป.บ. (ออกแบบหัตถอุตสาหกรรมสร้างสรรค์),B.F.A. (Creative Industrial Crafts Design),ศูนย์ลำปาง,หลักสูตรระดับปริญญาตรี 4 ปี,หลักสูตรปริญญาตรีทางวิชาการ,จัดการศึกษาเป็นภาษาไทย,เป็นหลักสูตรของสถาบันโดยเฉพาะ,1,2569,"นักออกแบบผลิตภัณฑ์หัตถอุตสาหกรรม,นักออกแบบผลิตภัณฑ์อุตสาหกรรม,นักพัฒนาผลิตภัณฑ์ชุมชน-วิสาหกิจชุมชน,นักวิจัย นักวิชาการทางศิลปะและการออกแบบ,นักออกแบบผลิตภัณฑ์เฟอร์นิเจอร์ สิ่งประกอบเคหภัณฑ์,นักออกแบบนิเทศศิลป์ สื่อทัศนสร้างสรรค์,นักออกแบบบรรจุภัณฑ์/อัตลักษณ์แบรนด์,นักออกแบบมาสคอตสัญลักษณ์นำโชค,นักออกแบบศิลปะและผลิตภัณฑ์เซรามิกส์,นักบริหารจัดการงานศิลปออกแบบและพลังละมุน,นักอนุรักษ์มรดกวัฒนธรรมทางสร้างสรรค์,นักออกแบบนิทรรศการและกิจกรรมพิเศษ,นักจัดการงานออกแบบโดยมิติภูมิปัญญาวัฒนธรรม,นักออกแบบอิสระ ผู้ประกอบการงานศิลปะออกแบบสร้างสรรค์",โครงการปกติ,รับทั้งนักศึกษาไทยและนักศึกษาต่างชาติ,คุณสมบัติของผู้เข้าศึกษาต้องเป็นไปตามข้อบังคับมหาวิทยาลัยธรรมศาสตร์ ว่าด้วยการศึกษาชั้นปริญญาตรี พ.ศ. 2568,16,วัน – เวลาราชการปกติ,แบบชั้นเรียน (Onsite),123,24,93,0,6,42,305,8,8,0,20,,AUN-QA,"สอบผ่านและได้รับหน่วยกิตสะสมรายวิชาครบตามโครงสร้างหลักสูตร,บรรลุผลลัพธ์การเรียนรู้ตามมาตรฐานคุณวุฒิระดับปริญญาตรี,ได้ค่าระดับเฉลี่ยสะสมไม่ต่ำกว่า 2.00 (จากระบบ 4 ระดับคะแนน),ต้องปฏิบัติตามเงื่อนไขอื่น ๆ ที่คณะและมหาวิทยาลัยธรรมศาสตร์กำหนด"
ศป.บ.การละคอน(ปรับปรุง2566),1_99b8jRadk5o-5Zvv0uFCIrMEn4dlHQI,1R-yy2YdhHZvmigUX97nhWVHyl8soOwyV,1,1,25410051100192,คณะศิลปกรรมศาสตร์,หลักสูตรศิลปกรรมศาสตรบัณฑิต สาขาวิชาการละคอน,Bachelor of Fine and Applied Arts Program in Theatre and Performance Practice,ศิลปกรรมศาสตรบัณฑิต (การละคอน),Bachelor of Fine and Applied Arts (Theatre and Performance Practice),ศป.บ. (การละคอน),B.F.A. (Theatre and Performance Practice),ศูนย์รังสิต,หลักสูตรระดับปริญญาตรี 4 ปี,หลักสูตรปริญญาตรีทางวิชาการ,จัดการศึกษาเป็นภาษาไทย,เป็นหลักสูตรของสถาบันโดยเฉพาะ,1,2566,"ผู้อำนวยการผลิต (Producer),ผู้อำนวยการบริหาร (Executive Director/Managing Director),ผู้กำกับศิลป์ (Artistic Director),ผู้กำกับการแสดง (Director),ผู้ช่วยผู้กำกับการแสดง (Assistant Director),ผู้เขียนบทละคอน (Playwright),นักออกแบบกิจกรรมในการใช้ละคอนประยุกต์ (Creative Designer/Facilitator for Applied Theatre),นักออกแบบฉากและเวทีสำหรับการแสดง (Set Designer),นักออกแบบเครื่องแต่งกายสำหรับการแสดง (Costume Designer),ศิลปินสร้างสรรค์งานแต่งหน้า (Make up Artsist),ผู้ออกแบบภาพลักษณ์ (Stylist),ผู้จัดการเวที (Stage Manager),ผู้จัดการงานอีเว้นท์ (Event Organizer),นักแสดง (Actor),ผู้ฝึกหัดนักแสดง (Acting Coach),ครู/อาจารย์/ผู้สอนด้านการละคอน (Teacher/Performance Instructor)",โครงการปกติ,รับทั้งนักศึกษาไทยและนักศึกษาต่างชาติ,คุณสมบัติของผู้เข้าศึกษาต้องเป็นไปตามข้อบังคับมหาวิทยาลัยธรรมศาสตร์ ว่าด้วยการศึกษาชั้นปริญญาตรี พ.ศ. 2561 ข้อ 14,16,วัน – เวลาราชการปกติ,แบบชั้นเรียน (Onsite),120,30,84,15,6,12,35,5,11,0,21,,สป.อว.,"ได้ศึกษารายวิชาต่างๆ ครบตามโครงสร้างหลักสูตร และมีหน่วยกิตสะสมไม่ต่ำกว่า 120, ได้ค่าคะแนนเฉลี่ยสะสมไม่ต่ำกว่า 2.00 (จากระบบ 4 ระดับคะแนน), ต้องปฏิบัติตามเงื่อนไขอื่นๆ ที่คณะศิลปกรรมศาสตร์ และมหาวิทยาลัยธรรมศาสตร์ กำหนด"
ศป.บ.การบริหารจัดการศิลปะ(ใหม่2568),1mKiUqi1dvoBV5BzJownogYarPNqnnT1q,1Zjr_4BKERh-aL2CyoxKrkY4YJDkeDFzD,1,1,,คณะศิลปกรรมศาสตร์,หลักสูตรศิลปกรรมศาสตรบัณฑิต สาขาวิชาการบริหารจัดการศิลปะ,Bachelor of Fine and Applied Arts Program in Arts Administration,ศิลปกรรมศาสตรบัณฑิต (การบริหารจัดการศิลปะ),Bachelor of Fine and Applied Arts (Arts Administration),ศป.บ. (การบริหารจัดการศิลปะ),B.F.A. (Arts Administration),ศูนย์รังสิต,หลักสูตรระดับปริญญาตรี 4 ปี,หลักสูตรปริญญาตรีทางวิชาการ,จัดการศึกษาเป็นภาษาไทย,เป็นหลักสูตรของสถาบันโดยเฉพาะ,1,2568,"ผู้อำนวยการผลิต (Producer),ผู้อำนวยการบริหาร (Executive Director/Managing Director),ผู้จัดการงานอีเว้นท์ (Event Organizer),นักจัดการศิลปะ (Arts Administrator),ภัณฑารักษ์ (Senior Curator),นักจัดการศิลปะวัฒนธรรม (Cultural Arts Manager),ผู้ดูแลการเข้าชม (Admission Attendant),ผู้ช่วยแกลเลอรี่ (Gallery Assistant),นักจัดการพิพิธภัณฑ์ (Museum Administrator),นักจัดการธุรกิจดนตรี (Music Business Manager),ผู้จัดการหอศิลป์ (Art Gallery Manager),ผู้จัดการเทศการศิลปะแขนงต่างๆ (Festival Manager),ผู้จัดการโครงการที่เกี่ยวกับศิลปะ (Arts Project Manager),ผู้จัดการงานที่เกี่ยวข้องกับการแสดง (Show Manager),ผู้จัดการกองถ่าย (Production Manager),ผู้จัดการธุรกิจแฟชั่นและสิ่งทอ (Fashion and Textile Business Manager),ผู้ผลิตนโยบายศิลปะ (Arts Policy Maker)",โครงการพิเศษ,รับทั้งนักศึกษาไทยและนักศึกษาต่างชาติ,"สำเร็จการศึกษาไม่ต่ำกว่าชั้นมัธยมศึกษาตอนปลายหรือเทียบเท่า,ไม่เป็นนักศึกษาของมหาวิทยาลัยหรือสถาบันอุดมศึกษาอื่น เว้นแต่การศึกษาในมหาวิทยาลัยเปิด หรือการศึกษาหลักสูตรทางไกล (Online) ที่ได้รับปริญญา,ไม่เป็นผู้ป่วยหรืออยู่ในสภาวะที่จะเป็นอุปสรรคร้ายแรงต่อการศึกษา,ไม่เป็นผู้ประพฤติผิดศีลธรรมอันดีหรือมีพฤติกรรมเสื่อมเสียอย่างร้ายแรง",16,วัน – เวลาราชการปกติ,แบบชั้นเรียน (Onsite),126,30,90,9,6,5,19,5,0,0,21,,"AUN-QA,สป.อว.","ได้ศึกษารายวิชาต่างๆ ครบตามโครงสร้างหลักสูตร และมีหน่วยกิตสะสมไม่ต่ำกว่า 126 หน่วยกิต,ได้ค่าคะแนนเฉลี่ยสะสมไม่ต่ำกว่า 2.00 (จากระบบ 4 ระดับคะแนน),บรรลุผลลัพธ์การเรียนรู้ตามเกณฑ์มาตรฐานคุณวุฒิระดับปริญญาตรี,ต้องปฏิบัติตามเงื่อนไขอื่นๆ ที่คณะศิลปกรรมศาสตร์ และมหาวิทยาลัยธรรมศาสตร์กำหนด"
270868 มคอ.2 ศศ.บ. โลกคดีศึกษาและการประกอบการสังคม(นานาชาติ ปป. 2566),17dfIqnawJ-WBtwXa7Ekr637Y55h-X63G,1sCi6RBE2tDy2bygskUy4MkDwde3r5bDr,1,1,25570051100234,วิทยาลัยโลกคดีศึกษา,หลักสูตรศิลปศาสตรบัณฑิต สาขาวิชาโลกคดีศึกษาและการประกอบการสังคม (หลักสูตรนานาชาติ),Bachelor of Arts Program in Global Studies and Social Entrepreneurship (International Program),ศิลปศาสตรบัณฑิต (โลกคดีศึกษาและการประกอบการสังคม),Bachelor of Arts (Global Studies and Social Entrepreneurship),ศศ.บ. (โลกคดีศึกษาและการประกอบการสังคม),B.A. (Global Studies and Social Entrepreneurship),ศูนย์รังสิต,หลักสูตรระดับปริญญาตรี 4 ปี,หลักสูตรปริญญาตรีทางวิชาการ,จัดการศึกษาเป็นภาษาอังกฤษ,"เป็นหลักสูตรที่ได้รับความร่วมมือสนับสนุนจากสถาบันอื่น โดยได้ลงนามในบันทึกความเข้าใจ(Memorandum Of Understanding) เพื่อส่งเสริมให้คณาจารย์ เจ้าหน้าที่และผู้เรียนมีโอกาสในการแลกเปลี่ยนเรียนรู้และสร้างความร่วมมือด้านการวิจัย โดยมีบันทึกความเข้าใจกับองค์กรดังต่อไปนี้ 1. University of California สถาบันการศึกษาชั้นนำของประเทศสหรัฐอเมริกา 2. Urban Village Charitable Trust องค์กรไม่แสวงหาผลกำไรของประเทศอินเดียที่มีจุดมุ่งหมายในการส่งเสริมความยั่งยืนและการพัฒนาชุมชนผ่านการสร้างความร่วมมือกับชุมชน 3. The Department of Culture and Society (DiCS) at the University of Palermo, Italy ภาควิชาด้านมนุษยศาสตร์ สังคมศาสตร์ และวัฒนธรรมศึกษา มุ่งศึกษาปัญหาในสังคม วัฒนธรรมและการสื่อสารยุคร่วมสมัย โดยเฉพาะเจาะจงในพื้นที่เมดิเตอร์เรเนียน",1,2566,"เจ้าหน้าที่พัฒนาธุรกิจ หน้าที่ และความรับผิดชอบ (CSR),นักวางแผน,นักวิชาการ,นักปฏิบัติการเชิงวิชาชีพทางการสื่อสารเพื่อขับเคลื่อนนวัตกรรม,นักสื่อสารสังคม,นักพัฒนาองค์กร,นักออกแบบนวัตกรรมสังคม",โครงการพิเศษ,รับทั้งนักศึกษาไทยและนักศึกษาต่างชาติ,"คุณสมบัติของผู้เข้าศึกษาต้องเป็นไปตามข้อบังคับมหาวิทยาลัยธรรมศาสตร์ ว่าด้วยการศึกษาชั้น ปริญญาตรี พ.ศ. 2561 ข้อ 14 และมีผลสอบภาษาอังกฤษตามประกาศรับสมัครบุคคลเข้าศึกษาในระดับ ปริญญาตรี ของมหาวิทยาลัยธรรมศาสตร์ และ/หรือ วิทยาลัยโลกคดีศึกษา มหาวิทยาลัยธรรมศาสตร์ การคัดเลือกผู้เข้าศึกษา ผู้เข้าศึกษาต้องผ่านการสอบสัมภาษณ์ และ/หรือ สอบข้อเขียนโดยจะประกาศให้ทราบเป็นตามรอบ, เงื่อนไขอื่นๆ ให้เป็นไปตามประกาศรับสมัครบุคคลเข้าศึกษาในระดับปริญญาตรีของมหาวิทยาลัยธรรมศาสตร์ และ/หรือ วิทยาลัยโลกคดีศึกษา มหาวิทยาลัยธรรมศาสตร์""",16,วัน – เวลาราชการปกติ,แบบชั้นเรียน (Onsite),129,30,93,0,6,18,11,5,17,2,16,,"AUN-QA,IQA","สอบผ่านและได้รับหน่วยกิตสะสมรายวิชาครบตามโครงสร้างหลักสูตร,ได้ค่าระดับเฉลี่ยสะสมไม่ต่ำกว่า 2.00 (จากระบบ 4 ระดับคะแนน),ต้องปฏิบัติตามเงื่อนไขอื่นๆ ที่คณะและมหาวิทยาลัยธรรมศาสตร์กำหนด และบรรลุผลลัพธ์การเรียนรู้ตามมาตรฐานคุณวุฒิระดับปริญญาตรี"
4-BUP66-26-การผังเมืองบัณฑิต66-กมอ.10-1-67,1vZ7uc4y4XILt5-GRkVjkguUos4TlHagL,1cKi0LRelM0-ZcU5AL96eQSiycopvxxUn,1,1,25450051100466,คณะสถาปัตยกรรมศาสตร์และการผังเมือง,หลักสูตรการผังเมืองบัณฑิต,Bachelor of Urban Environmental Planning and Development Program,การผังเมืองบัณฑิต,Bachelor of Urban Environmental Planning and Development,ผ.บ.,B.U.E.P.D.,ศูนย์รังสิต,หลักสูตรระดับปริญญาตรี 4 ปี,หลักสูตรปริญญาตรีทางวิชาชีพหรือปฏิบัติการ,จัดการศึกษาเป็นภาษาไทย,เป็นหลักสูตรของสถาบันโดยเฉพาะ,1,2566,"นักผังเมือง,นักวิเคราะห์แผนและนโยบาย,นักวางแผนบริหารจัดการที่เกี่ยวข้องกับเมือง ชุมชน และสภาพแวดล้อม,ที่ปรึกษาด้านการวางแผนและจัดการสิ่งแวดล้อม,นักวิจัยและผู้ช่วยวิจัย",โครงการปกติและโครงการพิเศษ,รับทั้งนักศึกษาไทยและนักศึกษาต่างชาติ,คุณสมบัติของผู้เข้าศึกษาเป็นผู้มีคุณสมบัติเป็นไปตามข้อบังคับมหาวิทยาลัยธรรมศาสตร์ ว่าด้วยการศึกษาชั้นปริญญาตรี พ.ศ. 2561 ข้อ 14,16,วัน – เวลาราชการปกติ,แบบชั้นเรียน (Onsite),136,30,100,9,6,81,2,5,82,21,52,"S(ใช้ได้),U(ใช้ไม่ได้)",สป.อว.,"ได้ศึกษารายวิชาต่างๆ ครบตามโครงสร้างหลักสูตร และมีหน่วยกิตสะสมกรณีเลือกศึกษา วิชาเลือก จะต้องศึกษาไม่ต่ำกว่า 136 หน่วยกิต กรณีเลือกศึกษาวิชาโท จะต้องศึกษาไม่ต่ำกว่า 142 หน่วยกิต,ได้ค่าระดับเฉลี่ยสะสมไม่ต่ำกว่า 2.00 (จากระบบ 4 ระดับคะแนน),ได้ค่าระดับ S (ใช้ได้) ในวิชา ผม. 355 การฝึกปฏิบัติวิชาชีพการผังเมือง,ได้ค่าระดับ S (ใช้ได้) ในวิชา ผม. 500 สารนิพนธ์,ได้ระดับ S (ใช้ได้) ในการสอบประมวลความรู้ (Exit Examination),ต้องปฏิบัติตามเงื่อนไขอื่นๆ ที่คณะสถาปัตยกรรมศาสตร์และการผังเมือง และ มหาวิทยาลัย ธรรมศาสตร์กำหนด"
5-BRD66-วทบ-สถาปัตยกรรม เพื่อการพัฒนาอสังหาริมทรัพย์66-กมอ.10-1-67,1hOy-05SaiFbVMX2wnx6Q1VKIgb4jKF4l,1RrCZzxTK2BEYeQ4zWqerQRD1eqzVGSk4,1,1,25450051100444,คณะสถาปัตยกรรมศาสตร์และการผังเมือง,หลักสูตรวิทยาศาสตรบัณฑิต สาขาวิชาสถาปัตยกรรม เพื่อการพัฒนาอสังหาริมทรัพย์,Bachelor of Science Program in Architecture for Real Estate Development,วิทยาศาสตรบัณฑิต (สถาปัตยกรรม เพื่อการพัฒนาอสังหาริมทรัพย์),Bachelor of Science (Architecture for Real Estate Development),วท.บ. (สถาปัตยกรรม เพื่อการพัฒนาอสังหาริมทรัพย์),B.Sc. (Architecture for Real Estate Development),ศูนย์รังสิต,หลักสูตรระดับปริญญาตรี 4 ปี,หลักสูตรปริญญาตรีทางวิชาชีพหรือปฏิบัติการ,จัดการศึกษาเป็นภาษาไทย,เป็นหลักสูตรของสถาบันโดยเฉพาะ,1,2566,"สถาปนิก,นักพัฒนาอสังหาริมทรัพย์,นักบริหารโครงการและธุรกิจอสังหาริมทรัพย์",โครงการพิเศษ,รับทั้งนักศึกษาไทยและนักศึกษาต่างชาติ,คุณสมบัติของผู้เข้าศึกษาเป็นผู้มีคุณสมบัติเป็นไปตามข้อบังคับมหาวิทยาลัยธรรมศาสตร์ ว่าด้วยการศึกษาชั้นปริญญาตรี พ.ศ. 2561 ข้อ 14,16,วัน – เวลาราชการปกติ,แบบชั้นเรียน (Onsite),135,30,99,9,6,1,44,5,82,60,52,"S(ใช้ได้),U(ใช้ไม่ได้)",สป.อว.,"ได้ศึกษารายวิชาต่างๆ ครบตามโครงสร้างหลักสูตร และมีหน่วยกิตสะสมกรณีเลือกศึกษาวิชาเลือก จะต้องศึกษาไม่ต่ำกว่า 135 หน่วยกิต กรณีเลือกศึกษาวิชาโท จะต้องศึกษาไม่ต่ำกว่า 141 หน่วยกิต,ได้ค่าระดับเฉลี่ยสะสมไม่ต่ำกว่า 2.00 (จากระบบ 4 ระดับคะแนน),ได้ระดับ S (ใช้ได้) ในการสอบประมวลความรู้ (Exit Examination),ต้องปฏิบัติตามเงื่อนไขอื่นๆ ที่คณะสถาปัตยกรรมศาสตร์และการผังเมือง และมหาวิทยาลัยธรรมศาสตร์กำหนด"
3-BLN66-ภูมิสถาปัตยกรรมบัณฑิต66-10-1-67,13Hdll8yNyPXrHkyR7DGtaJFJM2iarCQu,1MwM9xlg74KT6QJJdwL1mTW1K5HF7M5wU,1,1,25470051100479,คณะสถาปัตยกรรมศาสตร์และการผังเมือง,หลักสูตรภูมิสถาปัตยกรรมศาสตรบัณฑิต,Bachelor of Landscape Architecture Program,ภูมิสถาปัตยกรรมศาสตรบัณฑิต,Bachelor of Landscape Architecture,ภ.สถ.บ.,B.L.A.,ศูนย์รังสิต,หลักสูตรระดับปริญญาตรี 4 ปี,หลักสูตรปริญญาตรีทางวิชาชีพหรือปฏิบัติการ,จัดการศึกษาเป็นภาษาไทย,เป็นหลักสูตรของสถาบันโดยเฉพาะ,1,2566,"ภูมิสถาปนิก,นักวางผังบริเวณ,ที่ปรึกษาด้านสิ่งแวดล้อม,ที่ปรึกษาด้านการก่อสร้างภูมิสถาปัตยกรรม,นักบริหารโครงการด้านภูมิสถาปัตยกรรมหรือที่เกี่ยวข้อง,อาชีพอื่น ๆ ที่เกี่ยวข้อง",โครงการพิเศษ,รับทั้งนักศึกษาไทยและนักศึกษาต่างชาติ,คุณสมบัติของผู้เข้าศึกษาเป็นผู้มีคุณสมบัติเป็นไปตามข้อบังคับมหาวิทยาลัยธรรมศาสตร์ ว่าด้วยการศึกษาชั้นปริญญาตรี พ.ศ. 2561 ข้อ 14,16,วัน – เวลาราชการปกติ,แบบชั้นเรียน (Onsite),138,30,102,9,6,39,8,5,82,40,52,"S(ใช้ได้),U(ใช้ไม่ได้)",สป.อว.,"ได้ศึกษารายวิชาต่างๆ ครบตามโครงสร้างหลักสูตร และมีหน่วยกิตสะสมกรณีเลือกศึกษา วิชาเลือก จะต้องศึกษาไม่ต่ำกว่า 138 หน่วยกิต กรณีเลือกศึกษาวิชาโท จะต้องศึกษาไม่ต่ำกว่า 144 หน่วยกิต,ได้ค่าระดับเฉลี่ยสะสมไม่ต่ำกว่า 2.00 (จากระบบ 4 ระดับคะแนน),ได้ค่าระดับ S (ใช้ได้) ใน วิชา ภส. 333 การฝึกปฏิบัติวิชาชีพภูมิสถาปัตยกรรม,ได้ระดับ S (ใช้ได้) ในการสอบประมวลความรู้ (Exit Examination),ต้องปฏิบัติตามเงื่อนไขอื่นๆ ที่คณะสถาปัตยกรรมศาสตร์และการผังเมือง และ มหาวิทยาลัยธรรมศาสตร์กำหนด"
6-B-DBTM66-วท.บ.การจัดการออกแบบ ธุรกิจฯ66-กมอ.10-68(P20-10-68),1-25pRUN3jWbGuQE42aJ_lyhRAQ0dcf1o,1df9rSzuFNIDAnG5yOBf9OCZHD7qIJH_E,1,1,25570051102304,คณะสถาปัตยกรรมศาสตร์และการผังเมือง,หลักสูตรวิทยาศาสตรบัณฑิต สาขาวิชาการจัดการออกแบบ ธุรกิจ และเทคโนโลยี (หลักสูตรนานาชาติ),"Bachelor of Science Program in Design, Business and Technology Management (International Program)",วิทยาศาสตรบัณฑิต (การจัดการออกแบบ ธุรกิจ และเทคโนโลยี),"Bachelor of Science (Design, Business and Technology Management)",วท.บ. (การจัดการออกแบบ ธุรกิจ และเทคโนโลยี),"B.Sc. (Design, Business and Technology Management)",ศูนย์รังสิต,หลักสูตรระดับปริญญาตรี 4 ปี,หลักสูตรปริญญาตรีทางวิชาชีพหรือปฏิบัติการ,จัดการศึกษาเป็นภาษาอังกฤษ,เป็นหลักสูตรของสถาบันโดยเฉพาะ,1,2566,"ผู้จัดการออกแบบ นักวางแผนฝ่ายพัฒนาธุรกิจและผลิตภัณฑ์ใหม่,นวัตกรทางด้านการออกแบบ,ผู้ประกอบการอิสระ",โครงการพิเศษ,รับทั้งนักศึกษาไทยและนักศึกษาต่างชาติ,"สอบผ่านการศึกษาชั้นมัธยมศึกษาปีที่ 6 หรือเทียบเท่า หรือสอบผ่านการศึกษาระดับเกรด 12 จากโรงเรียนนานาชาติที่กระทรวงศึกษาธิการรับรอง หรือ กำลังศึกษาอยู่ชั้นมัธยมศึกษาปีที่ 6 เทอมสุดท้าย หรือกำลังศึกษาในโรงเรียนนานาชาติระดับเกรด 12 เทอมสุดท้าย,เป็นผู้ที่สำเร็จการศึกษาจากสถาบันการศึกษาในต่างประเทศ เทียบเท่าระดับมัธยมศึกษาตอนปลาย โดยต้องมีคุณสมบัติตามเกณ์เทียบวุฒิที่กระทรวงศึกษาธิการและที่ประชุมอธิการบดีแห่งประเทศไทย (ทปอ.) ประกาศไว้,มีคะแนนมายื่นเพื่อประกอบการพิจารณา โดยต้องมีผลคะแนนดังนี้ SAT หรือ IGCSE/GCSE หรือ IB Diploma หรือ NCEA/ NZQA หรือ คะแนน National Test ของประเทศนั้นๆ,มีคะแนนเฉลี่ยสะสม (GPA) ไม่น้อยกว่า 2.50 หรือเทียบเท่า หรือมีคะแนน GED รวมไม่น้อยกว่า 500 คะแนน หรือมีคะแนน National Test ตามเกณฑ์ที่โครงการฯ กำหนด,ผู้เข้าศึกษาต้องมีผลสอบภาษาอังกฤษเป็นไปตามเกณฑ์ที่มหาวิทยาลัยกำหนด",16,วัน – เวลาราชการปกติ,แบบชั้นเรียน (Onsite),120,30,84,9,6,30,8,5,82,15,52,"S(ใช้ได้),U(ใช้ไม่ได้)",AUN-QA,"สอบผ่านและได้รับหน่วยกิตสะสมรายวิชาครบตามโครงสร้างหลักสูตร,ได้ค่าระดับเฉลี่ยสะสมไม่ต่ำกว่า 2.00 (จากระบบ 4 ระดับคะแนน),ได้ระดับ S (ใช้ได้) ในวิชา อธท. 243 ทัศนศึกษา,บรรลุผลลัพธ์การเรียนรู้ตามมาตรฐานคุณวุฒิระดับปริญญาตรี,ต้องปฏิบัติตามเงื่อนไขอื่นๆ ที่คณะและมหาวิทยาลัยธรรมศาสตร์กำหนด"
1-BAR66-วทบ-สถาปัตยกรรม66-กมอ.10-1-67,1vSDPuBde3GCRfhYjAN--E98TEO_uSl6-,1wJf177WdwGrJbCO-wpP6bsXJSVq4T9Vl,1,1,25500051100585,คณะสถาปัตยกรรมศาสตร์และการผังเมือง,หลักสูตรวิทยาศาสตรบัณฑิต สาขาวิชาสถาปัตยกรรม,Bachelor of Science Program in Architecture,วิทยาศาสตรบัณฑิต (สถาปัตยกรรม),Bachelor of Science (Architecture),วท.บ. (สถาปัตยกรรม),B.Sc. (Architecture),ศูนย์รังสิต,หลักสูตรระดับปริญญาตรี 4 ปี,หลักสูตรปริญญาตรีทางวิชาชีพหรือปฏิบัติการ,จัดการศึกษาเป็นภาษาไทย,เป็นหลักสูตรของสถาบันโดยเฉพาะ,1,2566,หลักสูตรวิทยาศาสตรบัณฑิตเป็นหลักสูตรต่อเนื่อง 4+2 ปี ที่นักศึกษาต้องเรียนต่อในหลักสูตรสถาปัตยกรรมมหาบัณฑิต ถ้านักศึกษาสิ้นสุดการศึกษาในระดับปริญญาตรี จะต้องมีประสบการณ์ทำงานเพิ่มเติมตามที่สภาสถาปนิกกำหนด จึงจะสามารถขอสอบใบอนุญาตประกอบวิชาชีพสถาปัตยกรรมควบคุมได้,โครงการพิเศษ,รับทั้งนักศึกษาไทยและนักศึกษาต่างชาติ,คุณสมบัติของผู้เข้าศึกษาเป็นผู้มีคุณสมบัติเป็นไปตามข้อบังคับมหาวิทยาลัยธรรมศาสตร์ ว่าด้วยการศึกษาชั้นปริญญาตรี พ.ศ. 2561 ข้อ 14,16,วัน – เวลาราชการปกติ,แบบชั้นเรียน (Onsite),146,30,110,9,6,6,19,5,82,114,52,"S(ใช้ได้),U(ใช้ไม่ได้)",สป.อว.,"ได้ศึกษารายวิชาต่างๆ ครบตามโครงสร้างหลักสูตร และมีหน่วยกิตสะสมกรณีเลือกศึกษา วิชาเลือก จะต้องศึกษาไม่ต่ำกว่า 146 หน่วยกิต กรณีเลือกศึกษาวิชาโท จะต้องศึกษาไม่ ต่ำกว่า 152 หน่วยกิต,ได้ค่าระดับเฉลี่ยสะสมไม่ต่ำกว่า 2.00 (จากระบบ 4 ระดับคะแนน),ได้ระดับไม่ต่ำกว่า C (2.00) ในรายวิชา สถ. 215, สถ. 216, สถ. 315, สถ. 316, สถ. 415, สถ. 416, สถ. 221, สถ. 321, สถ. 421,ได้ค่าระดับ S (ใช้ได้) ในวิชา สถ. 355 การฝึกปฏิบัติวิชาชีพสถาปัตยกรรม และการสอบ ประมวลความรู้ (Exit Examination),ต้องปฏิบัติตามเงื่อนไขอื่นๆ ที่คณะสถาปัตยกรรมศาสตร์และการผังเมือง และ มหาวิทยาลัยธรรมศาสตร์กำหนด"
2-BIA66-สถาปัตยกรรมภายในบัณฑิต66-กมอ.10-1-67,14n917iBG18bKYSC2MCAWGuvOvLQt04TB,1kP09HGn5PjJnMObXpVwXeSHRR8Uc5OON,1,1,25450051100455,คณะสถาปัตยกรรมศาสตร์และการผังเมือง,หลักสูตรสถาปัตยกรรมภายในบัณฑิต,Bachelor of Interior Architecture Program,สถาปัตยกรรมภายในบัณฑิต,Bachelor of Interior Architecture,สน.บ.,B.I.A.,ศูนย์รังสิต,หลักสูตรระดับปริญญาตรี 4 ปี,หลักสูตรปริญญาตรีทางวิชาชีพหรือปฏิบัติการ,จัดการศึกษาเป็นภาษาไทย,เป็นหลักสูตรของสถาบันโดยเฉพาะ,1,2566,"สถาปนิกภายใน,นักออกแบบงานนิทรรศการและงานจัดแสดงต่าง ๆ,นักออกแบบเครื่องเรือนและของตกแต่ง,นักเขียนแบบ 2 มิติ หรือ 3 มิติ",โครงการพิเศษ,รับทั้งนักศึกษาไทยและนักศึกษาต่างชาติ,คุณสมบัติของผู้เข้าศึกษาเป็นผู้มีคุณสมบัติเป็นไปตามข้อบังคับมหาวิทยาลัยธรรมศาสตร์ ว่าด้วยการศึกษาชั้นปริญญาตรี พ.ศ. 2561 ข้อ 14,16,วัน – เวลาราชการปกติ,แบบชั้นเรียน (Onsite),138,30,102,9,6,17,5,5,82,52,52,"S(ใช้ได้),U(ใช้ไม่ได้)",สป.อว.,"ได้ศึกษารายวิชาต่างๆ ครบตามโครงสร้างหลักสูตร และมีหน่วยกิตสะสมกรณีเลือกศึกษาวิชาเลือก จะต้องศึกษาไม่ต่ำกว่า 138 หน่วยกิต กรณีเลือกศึกษาวิชาโท จะต้องศึกษาไม่ต่ำกว่า 144 หน่วยกิต,ได้ค่าระดับเฉลี่ยสะสมไม่ต่ำกว่า 2.00 (จากระบบ 4 ระดับคะแนน),ได้ค่าระดับ S (ใช้ได้) ในวิชา สน. 352 การฝึกปฏิบัติวิชาชีพสถาปัตยกรรมภายใน,ได้ระดับ S (ใช้ได้) ในการสอบประมวลความรู้ (Exit Examination),ต้องปฏิบัติตามเงื่อนไขอื่นๆ ที่คณะสถาปัตยกรรมศาสตร์และการผังเมือง และมหาวิทยาลัยธรรมศาสตร์กำหนด"
ศศ.บ.นโยบายสังคมและการพัฒนา  (ใหม่ 2568),1dJYqqk3xCnjCcf7Wg-5Pnfr9qPjdlC0P,16pj3J7Ftk1cqd16lIulkAgWSqvy_2vvz,1,1,,คณะสังคมสงเคราะห์ศาสตร์,หลักสูตรศิลปศาสตรบัณฑิต สาขาวิชานโยบายสังคมและการพัฒนา,Bachelor of Arts Program in Social Policy and Development,ศิลปศาสตรบัณฑิต (นโยบายสังคมและการพัฒนา),Bachelor of Arts (Social Policy and Development),ศศ.บ. (นโยบายสังคมและการพัฒนา),B.A. (Social Policy and Development),ศูนย์ท่าพระจันทร์,หลักสูตรระดับปริญญาตรี 4 ปี,หลักสูตรปริญญาตรีทางวิชาการ,จัดการศึกษาเป็นภาษาไทย,เป็นหลักสูตรของสถาบันโดยเฉพาะ,1,2568,"นักวิเคราะห์นโยบายและแผนสังคม,นักพัฒนาสังคม เจ้าหน้าที่ด้านงานพัฒนาสังคมและคุ้มครองทางสังคมในงานหน่วยงานด้านสวัสดิการสังคมทั้งภาครัฐ รัฐวิสาหกิจ และเอกชน ทั้งในประเทศและต่างประเทศ โดยเฉพาะในภูมิภาคอาเซียน,เจ้าหน้าที่งานด้านสวัสดิการสังคมทั้งภาครัฐ รัฐวิสาหกิจ และเอกชน,ผู้ประกอบการทางสังคม,ผู้จัดบริการสังคม,ผู้จัดการโครงการพัฒนา,นักวิจัยและประเมินผลโครงการพัฒนา,นักวิชาการ,นักจัดการความรู้",โครงการพิเศษ,รับทั้งนักศึกษาไทยและนักศึกษาต่างชาติ,"สำเร็จการศึกษาไม่ต่ำกว่ามัธยมศึกษาตอนปลายหรือเทียบเท่า,ไม่เป็นนักศึกษาของมหาวิทยาลัยหรือสถาบันอุดมศึกษาอื่น เว้นแต่การศึกษาในมหาวิทยาลัยเปิด หรือการศึกษาหลักสูตรทางไกล (Online) ที่ได้รับปริญญา,ไม่เป็นผู้ป่วยหรืออยู่ในสภาวะที่เป็นอุปสรรคร้ายแรงต่อการศึกษา,ไม่เป็นผู้ประพฤติผิดศีลธรรมอันดีหรือมีพฤติกรรมเสื่อมเสียอย่างร้ายแรง",16,วัน – เวลาราชการปกติ,แบบชั้นเรียน (Onsite),126,24,96,12,6,21,20,5,5,0,2,,"AUN-QA,สป.อว.","บรรลุผลลัพธ์การเรียนรู้ระดับปริญญาตรี,สอบผ่านและได้รับหน่วยกิตสะสมรายวิชาครบตามโครงสร้างหลักสูตร,ได้ค่าระดับเฉลี่ยสะสมไม่ต่ำกว่า 2.00 (จากระบบ 4 ระดับคะแนน),ต้องปฏิบัติตามเงื่อนไขอื่น ๆ ที่คณะสังคมสงเคราะห์ศาสตร์ และมหาวิทยาลัยธรรมศาสตร์ กำหนด"
สังคมสงเคราะห์ศาสตรบัณฑิต (ปรับปรุง 2566) ศูนย์ลำปาง,1JxPQka2Gf0FqyiitHkGOJ6IWXIgUpyFJ,1209kgYFIGYXdIMgpMUxwEsrSuHypZPXl,1,1,25400051100202,คณะสังคมสงเคราะห์ศาสตร์,หลักสูตรสังคมสงเคราะห์ศาสตรบัณฑิต (ศูนย์ลำปาง),Bachelor of Social Work Program,สังคมสงเคราะห์ศาสตรบัณฑิต,Bachelor of Social Work,สส.บ.,B.S.W.,ศูนย์ลำปาง,หลักสูตรระดับปริญญาตรี 4 ปี,หลักสูตรปริญญาตรีทางวิชาชีพหรือปฏิบัติการ,จัดการศึกษาเป็นภาษาไทย,เป็นหลักสูตรของสถาบันโดยเฉพาะ,1,2566,"นักสังคมสงเคราะห์วิชาชีพ,นักจัดการรายกรณี,นักพัฒนาสังคม,นักสวัสดิการสังคม,นักพัฒนาชุมชน,นักทัณฑวิทยา,พนักงานคุมประพฤติ,พนักงานไกล่เกลี่ยข้อพิพาท,พนักงานคุ้มครองสิทธิ,เจ้าหน้าที่พัฒนาทรัพยากรมนุษย์,นักวิเคราะห์นโยบายและแผน,นักวิชาการ,นักวิจัย,เจ้าหน้าที่บริหารงานทั่วไป,ผู้ประสานงานโครงการ,ผู้ประกอบการทางสังคม,นักจัดการความรู้,อื่น ๆ",โครงการปกติ,รับทั้งนักศึกษาไทยและนักศึกษาต่างชาติ,"สำเร็จการศึกษาไม่ต่ำกว่าชั้นมัธยมศึกษาตอนปลายหรือเทียบเท่า,ไม่เป็นนักศึกษาของมหาวิทยาลัยหรือสถาบันอุดมศึกษาอื่น เว้นแต่การศึกษาในมหาวิทยาลัยเปิด หรือการศึกษาหลักสูตรทางไกล (Online) ที่ได้รับปริญญา,ไม่เป็นผู้ป่วยหรืออยู่ในสภาวะที่เป็นอุปสรรคร้ายแรงต่อการศึกษา,ไม่เป็นผู้ประพฤติผิดศีลธรรมอันดีหรือมีพฤติกรรมเสื่อมเสียอย่างร้ายแรง",16,วัน – เวลาราชการปกติ,แบบชั้นเรียน (Onsite),132,30,81,15,6,21,16,5,46,0,5,"S(ใช้ได้),U(ใช้ไม่ได้)",สป.อว.,"บรรลุผลลัพท์การเรียนรู้ตามมาตรฐานคุณวุฒิระดับปริญญาตรี,สอบผ่านและได้รับหน่วยกิตสะสมรายวิชาครบตามโครงสร้างหลักสูตร,ได้ค่าระดับเฉลี่ยสะสมไม่ต่ำกว่า 2.00 (จากระบบ 4 ระดับคะแนน),ต้องปฏิบัติตามเงื่อนไขอื่น ๆ ที่คณะสังคมสงเคราะห์ศาสตร์และมหาวิทยาลัยธรรมศาสตร์กำหนด"
ศศ.บ.นโยบายสังคมและการพัฒนา (นานาชาติ) (ปรับปรุง 2566),1lorchdahFI52VSvSvf4boaM3g4h5rJyl,18PKuRdpjXv9yI-8rY6VZaQ_0bl3kYda6,1,1,25560051101616,คณะสังคมสงเคราะห์ศาสตร์,หลักสูตรศิลปศาสตรบัณฑิต สาขาวิชานโยบายสังคมและการพัฒนา (หลักสูตรนานาชาติ),Bachelor of Arts Program in Social Policy and Development (International Program),ศิลปศาสตรบัณฑิต (นโยบายสังคมและการพัฒนา),Bachelor of Arts (Social Policy and Development),ศศ.บ. (นโยบายสังคมและการพัฒนา),B.A. (Social Policy and Development),ศูนย์ท่าพระจันทร์,หลักสูตรระดับปริญญาตรี 4 ปี,หลักสูตรปริญญาตรีทางวิชาการ,จัดการศึกษาเป็นภาษาอังกฤษ,เป็นหลักสูตรที่ได้รับความร่วมมือสนับสนุนจาก Tilburg Universit ประเทศเนเธอร์แลนด์ และUniversity of York ประเทศอังกฤษ,1,2566,"นักวิเคราะห์นโยบายและแผนสังคม, นักพัฒนาสังคม เจ้าหน้าที่ด้านงานพัฒนาสังคมและคุ้มครองทางสังคมในงานหน่วยงานด้านสวัสดิการสังคมทั้งภาครัฐ รัฐวิสาหกิจ และเอกชน ทั้งในประเทศและต่างประเทศ โดยเฉพาะในภูมิภาคอาเซียน, เจ้าหน้าที่งานด้านสวัสดิการสังคมทั้งภาครัฐ รัฐวิสาหกิจ และเอกชน, นักคุ้มครองทางสังคม, ผู้ประกอบการทางสังคม, ผู้จัดบริการสังคม, ผู้จัดโครงการโครงการพัฒนา, นักวิจัยและประเมินผลโครงการพัฒนา",โครงการพิเศษ,รับทั้งนักศึกษาไทยและนักศึกษาต่างชาติ,"สำเร็จการศึกษาไม่ต่ำกว่ามัธยมศึกษาตอนปลายหรือเทียบเท่า, มีคะแนนเฉลี่ยรวมในระดับมัธยมศึกษาตอนปลายหรือเทียบเท่า ไม่ต่ำกว่า 2.50 หรือต้องได้คะแนนเฉลี่ยในหมวดวิชาคณิตศาสตร์และสังคมศึกษา ไม่ต่ำกว่า 2.50, มีผลการทดสอบภาษาอังกฤษ ไม่ต่ำกว่า TU-GET (PBT) = 500, TU-GET (CBT) = 61 หรือ TOEFL (IBT)= 61, TOEFL (ITP, PBT) = 500, TOEFL (CBT) = 173, หรือ IELTS= 6, มีผลการทดสอบการใช้เหตุผลเอสเอที (SAT Reasoning Test) ในส่วนของ OLD SAT (Writing Part) 450 คะแนนขึ้นไป หรือสำหรับ NEW SAT (Evidence-Based Reading and Writing Part) 450 คะแนน ขึ้นไป หรือมีผลการสอบที่จัดสอบเองโดยคณะผ่านตามเกณฑ์ที่กำหนด",16,วัน – เวลาราชการปกติ,แบบชั้นเรียน (Onsite),132,30,96,0,6,17,19,5,5,0,3,"S(ใช้ได้),U(ใช้ไม่ได้)","AUN-QA,สป.อว.","บรรลุผลลัพธ์การเรียนรู้ตามมาตรฐานคุณวุฒิระดับปริญญาตรี,สอบผ่านและได้รับหน่วยกิตสะสมรายวิชาครบตามโครงสร้างหลักสูตร,ได้ค่าระดับเฉลี่ยสะสมไม่ต่ำกว่า 2.00 (จากระบบ 4 ระดับคะแนน),ต้องปฏิบัติตามเงื่อนไขอื่นๆ ที่คณะสังคมสงเคราะห์ศาสตร์ และมหาวิทยาลัยธรรมศาสตร์กำหนด"
สังคมสงเคราะห์ศาสตรบัณฑิต (ปรับปรุง 2566) ศูนย์รังสิต,1vVENhTLJaKiToKoybj4nZgqrhEqSKoQO,1ovL-Cbss6XwI3fm42_Ggfp9llJhT64tJ,1,1,25400051100202,คณะสังคมสงเคราะห์ศาสตร์,หลักสูตรสังคมสงเคราะห์ศาสตรบัณฑิต (ศูนย์รังสิต),Bachelor of Social Work Program,สังคมสงเคราะห์ศาสตรบัณฑิต,Bachelor of Social Work,สส.บ.,B.S.W.,ศูนย์รังสิต,หลักสูตรระดับปริญญาตรี 4 ปี,หลักสูตรปริญญาตรีทางวิชาชีพหรือปฏิบัติการ,จัดการศึกษาเป็นภาษาไทย,เป็นหลักสูตรของสถาบันโดยเฉพาะ,1,2566,"นักสังคมสงเคราะห์วิชาชีพ,นักจัดการรายกรณี,นักพัฒนาสังคม,นักสวัสดิการสังคม,นักพัฒนาชุมชน,นักทัณฑวิทยา,พนักงานคุมประพฤติ,พนักงานไกล่เกลี่ยข้อพิพาท,พนักงานคุ้มครองสิทธิ,เจ้าหน้าที่พัฒนาทรัพยากรมนุษย์,นักวิเคราะห์นโยบายและแผน,นักวิชาการ,นักวิจัย,เจ้าหน้าที่บริหารงานทั่วไป,ผู้ประสานงานโครงการ,ผู้ประกอบการทางสังคม,นักจัดการความรู้,อื่น ๆ",โครงการปกติ,รับทั้งนักศึกษาไทยและนักศึกษาต่างชาติ,"สำเร็จการศึกษาไม่ต่ำกว่าชั้นมัธยมศึกษาตอนปลายหรือเทียบเท่า,ไม่เป็นนักศึกษาของมหาวิทยาลัยหรือสถาบันอุดมศึกษาอื่น เว้นแต่การศึกษาในมหาวิทยาลัยเปิด หรือการศึกษาหลักสูตรทางไกล (Online) ที่ได้รับปริญญา,ไม่เป็นผู้ป่วยหรืออยู่ในสภาวะที่เป็นอุปสรรคร้ายแรงต่อการศึกษา,ไม่เป็นผู้ประพฤติผิดศีลธรรมอันดีหรือมีพฤติกรรมเสื่อมเสียอย่างร้ายแรง",16,วัน – เวลาราชการปกติ,แบบชั้นเรียน (Onsite),132,30,81,15,6,33,15,5,46,0,14,"S(ใช้ได้),U(ใช้ไม่ได้)",สป.อว.,"บรรลุผลลัพท์การเรียนรู้ตามมาตรฐานคุณวุฒิระดับปริญญาตรี,สอบผ่านและได้รับหน่วยกิตสะสมรายวิชาครบตามโครงสร้างหลักสูตร,ได้ค่าระดับเฉลี่ยสะสมไม่ต่ำกว่า 2.00 (จากระบบ 4 ระดับคะแนน),ต้องปฏิบัติตามเงื่อนไขอื่น ๆ ที่คณะสังคมสงเคราะห์ศาสตร์และมหาวิทยาลัยธรรมศาสตร์กำหนด"
พยาบาลศาสตรบัณฑิต (ปรับปรุง 66),1XORsVd_TlGxlPEOMghSPCOdSyvYDN4_i,1bnCEv_andCT_vhPXJh1v5LgDOOeKWAr5,1,1,25390051100043,คณะพยาบาลศาสตร์,หลักสูตรพยาบาลศาสตรบัณฑิต,Bachelor of Nursing Science Program,พยาบาลศาสตรบัณฑิต,Bachelor of Nursing Science,พย.บ.,B.N.S.,ศูนย์รังสิต,หลักสูตรระดับปริญญาตรี 4 ปี,หลักสูตรปริญญาตรีทางวิชาชีพหรือปฏิบัติการ,จัดการศึกษาเป็นภาษาไทย,เป็นหลักสูตรของสถาบันโดยเฉพาะ,1,2566,"พยาบาลวิชาชีพในโรงพยาบาลหรือสถานบริการสุขภาพทุกระดับ (ปฐมภูมิ ทุติยภูมิ ตติยภูมิ) ของภาครัฐและเอกชน,พยาบาลประจำโรงเรียน/สถานประกอบการด้านสุขภาพ,พยาบาลประจำสถานประกอบการอื่นๆ เช่น บริษัทน้ำมัน พยาบาลประจำโรงงาน,เป็นเจ้าของสถานประกอบการด้านสุขภาพและประกอบวิชาชีพอิสระที่ไม่ขัดต่อพระราชบัญญัติวิชาชีพการพยาบาลและการผดุงครรภ์",โครงการปกติ,รับทั้งนักศึกษาไทยและนักศึกษาต่างชาติ,"สำเร็จการศึกษาไม่ต่ำกว่าชั้นมัธยมศึกษาตอนปลายหรือเทียบเท่า,ไม่เป็นนักศึกษาของมหาวิทยาลัยหรือสถาบันอุดมศึกษาอื่น เว้นแต่การศึกษาในมหาวิทยาลัยเปิด หรือการศึกษาหลักสูตรทางไกล (Online) ที่ได้รับปริญญา,มีสุขภาพที่สมบูรณ์ทั้งร่างกายและจิตใจ ไม่เจ็บป่วยหรือเป็นโรคติดต่อร้ายแรง หรือมีความผิดปกติที่เป็นอุปสรรคต่อการศึกษา หรือไม่เป็นผู้ป่วยหรืออยู่ในสภาวะที่จะเป็นอุปสรรคร้ายแรงต่อการศึกษา,ไม่เป็นผู้ประพฤติผิดศีลธรรมอันดีหรือมีพฤติกรรมเสื่อมเสียอย่างร้ายแรง",8,วัน – เวลาราชการปกติ,แบบชั้นเรียน (Onsite),131,30,95,0,6,116,11,45,58,0,74,,"AUN-QA,IQA,สป.อว.,สภาการพยาบาล","สอบผ่านและได้รับหน่วยกิตสะสมรายวิชาครบตามโครงสร้างหลักสูตร,ได้ค่าระดับเฉลี่ยสะสมไม่ต่ำกว่า 2.00 (จากระบบ 4 ระดับคะแนน),ต้องได้ค่าระดับไม่ต่ำกว่า C (ค่าระดับ 2.00) ในทุกรายวิชาในกลุ่มวิชาชีพ ทั้งภาคทฤษฎีและภาคปฏิบัติ,ต้องปฏิบัติตามเงื่อนไขอื่นๆ ที่คณะและมหาวิทยาลัยธรรมศาสตร์กำหนด"
TEP วศ.บ.เครื่องกล 66,1110XJvn8QRfJL27RKgLsKrNHwFPvvXlp,1V2L-fba1sPcKEYK4c3uwrVGR4KHzpME5,1,1,25540051104549,คณะวิศวกรรมศาสตร์,หลักสูตรวิศวกรรมศาสตรบัณฑิต สาขาวิชาวิศวกรรมเครื่องกล (หลักสูตรนานาชาติ) (หลักสูตรสองสถาบัน),Bachelor of Engineering Program in Mechanical Engineering (International Program) (Twinning Program),วิศวกรรมศาสตรบัณฑิต (วิศวกรรมเครื่องกล),Bachelor of Engineering (Mechanical Engineering),วศ.บ.(วิศวกรรมเครื่องกล),B.Eng. (Mechanical Engineering),ศูนย์รังสิต,หลักสูตรระดับปริญญาตรี 4 ปี,หลักสูตรปริญญาตรีทางวิชาการ,จัดการศึกษาเป็นภาษาอังกฤษ,เป็นหลักสูตรของสถาบันโดยเฉพาะ,1,2566,"วิศวกรในส่วนต่าง ๆ ภาคการผลิต,วิศวกรในส่วนต่าง ๆ ภาคการบริการ,ผู้วิจัย หรือผู้ช่วยวิจัย,นักวิเคราะห์และออกแบบระบบการทำงาน,งานด้านการวิเคราะห์ความเป็นไปได้ของโครงการ,งานทางด้านการวางแผนการผลิตในอุตสาหกรรม",โครงการพิเศษ,รับทั้งนักศึกษาไทยและนักศึกษาต่างชาติ,"สำเร็จการศึกษาไม่ต่ำกว่าชั้นมัธยมศึกษาตอนปลายหรือเทียบเท่า,ไม่เป็นนักศึกษาของมหาวิทยาลัยหรือสถาบันอุดมศึกษาอื่น เว้นแต่การศึกษาในมหาวิทยาลัยเปิด หรือการศึกษาหลักสูตรทางไกล (Online) ที่ได้รับปริญญา,ไม่เป็นผู้ป่วยหรืออยู่ในสภาวะที่จะเป็นอุปสรรคร้ายแรงต่อการศึกษา,ไม่เป็นผู้ประพฤติผิดศีลธรรมอันดีหรือมีพฤติกรรมเสื่อมเสียอย่างร้ายแรง",16,วัน – เวลาราชการปกติ,แบบชั้นเรียน (Onsite),148,30,112,0,6,21,1,5,22,0,6,Pass(ผ่าน),"TABEE,IQA","สอบผ่านและได้รับหน่วยกิตสะสมรายวิชาครบตามโครงสร้างหลักสูตร,ได้ค่าระดับเฉลี่ยสะสมไม่ต่ำกว่า 2.00 (จากระบบ 4 ระดับคะแนน) ในส่วนที่ศึกษา ณ มหาวิทยาลัยธรรมศาสตร์,นักศึกษาสำเร็จการศึกษาจากมหาวิทยาลัยแห่งนอตติงแฮมอย่างน้อยด้วยระดับเกียรตินิยมอันดับสามหรือ สำเร็จการศึกษาจากมหาวิทยาลัยแห่งนิวเซาท์เวลส์ หรือมหาวิทยาลัย KU LEUVEN อย่างน้อยด้วยระดับ Pass,ต้องปฏิบัติตามเงื่อนไขอื่นๆ ที่คณะและมหาวิทยาลัยธรรมศาสตร์กำหนด และบรรลุผลลัพธ์การเรียนรู้ตามมาตรฐานคุณวุฒิระดับปริญญาตรี"
TEPE วศ.บ.เครื่องกลเเละการจัดการ 66,13MOdRfuBGrVHh-UG-74rHo-Kkm9NC-zt,1jsuScVHA9zZqVdzxlb6RGNez4aQ2UJ2f,1,1,25450051100332,คณะวิศวกรรมศาสตร์,หลักสูตรวิศวกรรมศาสตรบัณฑิต สาขาวิชาวิศวกรรมเครื่องกลและการจัดการ อุตสาหกรรม (หลักสูตรนานาชาติ),Bachelor of Engineering Program in Mechanical Engineering and Industrial Management (International Program),วิศวกรรมศาสตรบัณฑิต (วิศวกรรมเครื่องกลและการจัดการ อุตสาหกรรม),Bachelor of Engineering (Mechanical Engineering and Industrial Management),วศ.บ.(วิศวกรรมเครื่องกลและการจัดการอุตสาหกรรม),B.Eng. (Mechanical Engineering and Industrial Management),ศูนย์รังสิต,หลักสูตรระดับปริญญาตรี 4 ปี,หลักสูตรปริญญาตรีทางวิชาการ,จัดการศึกษาเป็นภาษาอังกฤษ,เป็นหลักสูตรของสถาบันโดยเฉพาะ,1,2566,"วิศวกรในส่วนต่าง ๆ ภาคการผลิต,วิศวกรในส่วนต่าง ๆ ภาคการบริการ,ผู้วิจัย หรือผู้ช่วยวิจัย,นักวิเคราะห์และออกแบบระบบการทำงาน,งานด้านการวิเคราะห์ความเป็นไปได้ของโครงการ,งานทางด้านการวางแผนการผลิตในอุตสาหกรรม",โครงการพิเศษ,รับทั้งนักศึกษาไทยและนักศึกษาต่างชาติ,"สำเร็จการศึกษาไม่ต่ำกว่าชั้นมัธยมศึกษาตอนปลายหรือเทียบเท่า,ไม่เป็นนักศึกษาของมหาวิทยาลัยหรือสถาบันอุดมศึกษาอื่น เว้นแต่การศึกษาในมหาวิทยาลัยเปิด หรือการศึกษาหลักสูตรทางไกล (Online) ที่ได้รับปริญญา,ไม่เป็นผู้ป่วยหรืออยู่ในสภาวะที่จะเป็นอุปสรรคร้ายแรงต่อการศึกษา,ไม่เป็นผู้ประพฤติผิดศีลธรรมอันดีหรือมีพฤติกรรมเสื่อมเสียอย่างร้ายแรง",16,วัน – เวลาราชการปกติ,แบบชั้นเรียน (Onsite),150,30,114,0,6,16,,5,22,0,6,,"TABEE,IQA","สอบผ่านและได้รับหน่วยกิตสะสมรายวิชาครบตามโครงสร้างหลักสูตร,ได้ค่าระดับเฉลี่ยสะสมไม่ต่ำกว่า 2.00 (จากระบบ 4 ระดับคะแนน),นักศึกษาต้องสอบได้คะแนน TOEFL (Internet - based test, IBT) ให้ได้คะแนนตั้งแต่ 79 คะแนนขึ้นไป เทียบเท่า TOEFL Paper Based ให้ได้คะแนนรวม 550 ขึ้นไป หรือ คะแนน IELTS ได้คะแนนรวม ตั้งแต่ 6.0 ขึ้นไป หรือ TU-GET ให้ได้คะแนนรวม 550 ขึ้นไป ในช่วงเวลาที่เป็นนักศึกษาขอหลักสูตรวิศวกรรมศาสตรบัณฑิต สาขาวิชาวิศวกรรมเครื่องกลและการจัดการอุตสาหกรรม,ต้องปฏิบัติตามเงื่อนไขอื่นๆ ที่คณะและมหาวิทยาลัยธรรมศาสตร์กำหนด และบรรลุผลลัพธ์การเรียนรู้ตามมาตรฐานคุณวุฒิระดับปริญญาตรี"
TEPE วศ.บ.โยธาเเละการพัฒนาอสังหาฯ 66,1Y3G9R6j4FrTeYq_B1BqVTvBiOlIg8yJ5,1ISRRR8f3qHH6OzD3QpjD2fHoB0J_EsFD,1,1,25450051100321,คณะวิศวกรรมศาสตร์,หลักสูตรวิศวกรรมศาสตรบัณฑิต สาขาวิชาวิศวกรรมโยธาและการพัฒนาอสังหาริมทรัพย์ (หลักสูตรนานาชาติ),Bachelor of Engineering Program in Civil Engineering and Real Estate Development (International Program),วิศวกรรมศาสตรบัณฑิต (วิศวกรรมโยธาและการพัฒนาอสังหาริมทรัพย์),Bachelor of Engineering (Civil Engineering and Real Estate Development),วศ.บ.(วิศวกรรมโยธาและการพัฒนาอสังหาริมทรัพย์),B.Eng. (Civil Engineering and Real Estate Development),ศูนย์รังสิต,หลักสูตรระดับปริญญาตรี 4 ปี,หลักสูตรปริญญาตรีทางวิชาการ,จัดการศึกษาเป็นภาษาอังกฤษ,เป็นหลักสูตรของสถาบันโดยเฉพาะ,1,2566,"วิศวกร,นักวิชาการ,นักวิจัย,ที่ปรึกษาโครงการ,ผู้บริหารโครงการ",โครงการปกติ,รับทั้งนักศึกษาไทยและนักศึกษาต่างชาติ,"สำเร็จการศึกษาไม่ต่ำกว่าชั้นมัธยมศึกษาตอนปลายหรือเทียบเท่า,ไม่เป็นนักศึกษาของมหาวิทยาลัยหรือสถาบันอุดมศึกษาอื่น เว้นแต่การศึกษาในมหาวิทยาลัยเปิด หรือการศึกษาหลักสูตรทางไกล (Online) ที่ได้รับปริญญา,ไม่เป็นผู้ป่วยหรืออยู่ในสภาวะที่จะเป็นอุปสรรคร้ายแรงต่อการศึกษา,ไม่เป็นผู้ประพฤติผิดศีลธรรมอันดีหรือมีพฤติกรรมเสื่อมเสียอย่างร้ายแรง",16,วัน – เวลาราชการปกติ,แบบชั้นเรียน (Onsite),151,30,115,9,6,314,,5,21,0,7,,"TABEE,EdPEx","สอบผ่านและได้รับหน่วยกิตสะสมรายวิชาครบตามโครงสร้างหลักสูตร,ได้ค่าระดับเฉลี่ยสะสมไม่ต่ำกว่า 2.00 (จากระบบ 4 ระดับคะแนน),นักศึกษาต้องสอบได้คะแนน TOEFL (Internet - based test, IBT) ให้ได้คะแนนตั้งแต่ 79 คะแนนขึ้นไป เทียบเท่า TOEFL Paper Based ให้ได้คะแนนรวม 550 ขึ้นไป หรือ คะแนน IELTS ได้คะแนนรวม ตั้งแต่ 6.0 ขึ้นไป หรือ TU-GET ให้ได้คะแนนรวม 550 ขึ้นไป ในช่วงเวลาที่เป็นนักศึกษาขอหลักสูตรวิศวกรรมศาสตรบัณฑิต สาขาวิชาวิศวกรรมโยธาและการพัฒนาอสังหาริมทรัพย์,ต้องปฏิบัติตามเงื่อนไขอื่นๆ ที่คณะและมหาวิทยาลัยธรรมศาสตร์กำหนด,และบรรลุผลลัพธ์การเรียนรู้ตามมาตรฐานคุณวุฒิระดับปริญญาตรี และบรรลุผลลัพธ์การเรียนรู้ตามมาตรฐานคุณวุฒิระดับปริญญาตรี"
TEPE วศ.บ.ไฟฟ้าเเละข้อมูล 66,1RujzHpdwVORdBaemuRHmuLZ6ZCuyNCz-,1XoZKkR5NnJNKWaqXHWsBfTllOOxnO6jv,1,1,25470051100389,คณะวิศวกรรมศาสตร์,หลักสูตรวิศวกรรมศาสตรบัณฑิต สาขาวิชาวิศวกรรมไฟฟ้าและข้อมูล (หลักสูตรนานาชาติ),Bachelor of Engineering Program in Electrical and Data Engineering (International Program),วิศวกรรมศาสตรบัณฑิต (วิศวกรรมไฟฟ้าและข้อมูล),Bachelor of Engineering (Electrical and Data Engineering),วศ.บ.(วิศวกรรมไฟฟ้าและข้อมูล),B.Eng. (Electrical and Data Engineering),ศูนย์รังสิต,หลักสูตรระดับปริญญาตรี 4 ปี,หลักสูตรปริญญาตรีทางวิชาการ,จัดการศึกษาเป็นภาษาอังกฤษ,เป็นหลักสูตรของสถาบันโดยเฉพาะ,1,2566,"วิศวกรไฟฟ้า วิศวกรข้อมูล,นักจัย นักวิชาการ หรือผู้เชี่ยวชาญทางด้านวิศวกรรมไฟฟ้า,ผู้จัดการโครงการ,ประกอบธุรกิจส่วนตัวที่เกี่ยวข้องกับสาขาทางด้านวิศวกรรมไฟฟ้า",โครงการพิเศษ,รับทั้งนักศึกษาไทยและนักศึกษาต่างชาติ,"สำเร็จการศึกษาไม่ต่ำกว่าชั้นมัธยมศึกษาตอนปลายหรือเทียบเท่า,ไม่เป็นนักศึกษาของมหาวิทยาลัยหรือสถาบันอุดมศึกษาอื่น เว้นแต่การศึกษาในมหาวิทยาลัยเปิด หรือการศึกษาหลักสูตรทางไกล (Online) ที่ได้รับปริญญา,ไม่เป็นผู้ป่วยหรืออยู่ในสภาวะที่จะเป็นอุปสรรคร้ายแรงต่อการศึกษา,ไม่เป็นผู้ประพฤติผิดศีลธรรมอันดีหรือมีพฤติกรรมเสื่อมเสียอย่างร้ายแรง",16,วัน – เวลาราชการปกติ,แบบชั้นเรียน (Onsite),150,30,114,0,6,235,9,5,31,0,8,,TABEE,"สอบผ่านและได้รับหน่วยกิตสะสมรายวิชาครบตามโครงสร้างหลักสูตร,ได้ค่าระดับเฉลี่ยสะสมไม่ต่ำกว่า 2.00 (จากระบบ 4 ระดับคะแนน),นักศึกษาต้องสอบได้คะแนน TOEFL (Internet - based test, IBT) ให้ได้คะแนนตั้งแต่ 79 คะแนนขึ้นไป เทียบเท่า TOEFL Paper Based ให้ได้คะแนนรวม 550 ขึ้นไป หรือ คะแนน IELTS ได้คะแนนรวม ตั้งแต่ 6.0 ขึ้นไป หรือ TU-GET ให้ได้คะแนนรวม 550 ขึ้นไป ในช่วงเวลาที่เป็นนักศึกษาขอหลักสูตรวิศวกรรมศาสตรบัณฑิต สาขาวิชาวิศวกรรมไฟฟ้าและข้อมูล,ต้องปฏิบัติตามเงื่อนไขอื่นๆ ที่คณะและมหาวิทยาลัยธรรมศาสตร์กำหนด,และบรรลุผลลัพธ์การเรียนรู้ตามมาตรฐานคุณวุฒิระดับปริญญาตรี"
TU PINE วศ.บ ซอฟเเวร์ 68,1XrkhAPppNQaMV0lshLecP-Xc1W_MeNAd,1RDlQnEt0bAjnEbxxfK01-ir03xZGH4aK,1,1,25570051100223,คณะวิศวกรรมศาสตร์,หลักสูตรวิศวกรรมศาสตรบัณฑิต สาขาวิชาวิศวกรรมซอฟต์แวร์,Bachelor of Engineering Program in Software Engineering,วิศวกรรมศาสตรบัณฑิต (วิศวกรรมซอฟต์แวร์),Bachelor of Engineering (Software Engineering),วศ.บ. (วิศวกรรมซอฟต์แวร์),B. Eng. (Software Engineering),ศูนย์รังสิต,หลักสูตรระดับปริญญาตรี 4 ปี,หลักสูตรปริญญาตรีทางวิชาการ,จัดการศึกษาเป็นภาษาไทย,เป็นหลักสูตรของสถาบันโดยเฉพาะ,1,2568,"วิศวกรซอฟต์แวร์ (Software Engineer) หรือนักเขียนโปรแกรม (Programmer/Software Developer), นักวิเคราะห์ระบบหรือนักออกแบบระบบ (System Analyst / Designer), วิศวกรความต้องการ (Requirement Engineer), นักประกันคุณภาพซอฟต์แวร์ (Software Quality Assurance), วิศวกรปรับปรุงกระบวนการซอฟต์แวร์ (Software Process Improvement Engineer), นักทดสอบระบบ (Software Tester), สถาปนิกซอฟต์แวร์ (Software Architect), นักบูรณาการระบบ (System Integrator), ผู้จัดการโครงการซอฟต์แวร์ (Software Project Manager)",โครงการพิเศษ,รับเฉพาะนักศึกษาไทย,คุณสมบัติของผู้เข้าศึกษาต้องเป็นไปตามข้อบังคับมหาวิทยาลัยธรรมศาสตร์ ว่าด้วยการศึกษาชั้นปริญญาตรี พ.ศ. 2561 ข้อ 14,16,วัน – เวลาราชการปกติ,แบบชั้นเรียน (Onsite),134,30,98,15,6,235,9,31,31,0,6,,"TABEE,EdPEx","สอบผ่านและได้รับหน่วยกิตสะสมรายวิชาครบตามโครงสร้างหลักสูตร,ได้ค่าระดับเฉลี่ยสะสมไม่ต่ำกว่า 2.00 (จากระบบ 4 ระดับคะแนน),นักศึกษาต้องสอบได้คะแนน TU-GET PBT ไม่ต่ำกว่า 300 คะแนน/TU-GET CBT ไม่ต่ำกว่า 36 คะแนน ในช่วงเวลาที่เป็นนักศึกษาของหลักสูตรวิศวกรรมศาสตรบัณฑิต สาขาวิศวกรรมซอฟต์แวร์,ต้องปฏิบัติตามเงื่อนไขอื่นๆ ที่คณะและมหาวิทยาลัยธรรมศาสตร์กำหนด"
TEP วศ.บ. โยธา 66,1kwvyBXqqhr_V8IiaChczjKCw4pDNI3jD,1ZoxAVdmBXxuoiTErjExvi3QqzHA6qfTn,1,1,25480051109032,คณะวิศวกรรมศาสตร์,หลักสูตรวิศวกรรมศาสตรบัณฑิต สาขาวิชาวิศวกรรมโยธา (หลักสูตรนานาชาติ) (หลักสูตรสองสถาบัน),Bachelor of Engineering Program in Civil Engineering (International Program) (Twinning Program),วิศวกรรมศาสตรบัณฑิต (วิศวกรรมโยธา),Bachelor of Engineering (Civil Engineering),วศ.บ.(วิศวกรรมโยธา),B.Eng. (Civil Engineering),"ศูนย์รังสิต, คณะวิศวกรรมศาสตร์ มหาวิทยาลัยแห่งนอตติงแฮม ประเทศอังกฤษ หรือ คณะวิศวกรรมศาสตร์ มหาวิทยาลัยแห่งนิวเซาท์เวลส์ ประเทศออสเตรเลีย",หลักสูตรระดับปริญญาตรี 4 ปี,หลักสูตรปริญญาตรีทางวิชาการ,จัดการศึกษาเป็นภาษาอังกฤษ,เป็นหลักสูตรที่ร่วมกับคณะวิศวกรรมศาสตร์ มหาวิทยาลัยแห่งนอตติงแฮม ประเทศอังกฤษ และ คณะวิศวกรรมศาสตร์ มหาวิทยาลัยแห่งนิวเซาท์เวลส์ ประเทศออสเตรเลีย,1,2566,"วิศวกร,นักวิชาการ,นักวิจัย,ที่ปรึกษาโครงการ,ผู้บริหารโครงการ",โครงการพิเศษ,รับทั้งนักศึกษาไทยและนักศึกษาต่างชาติ,"สำเร็จการศึกษาไม่ต่ำกว่าชั้นมัธยมศึกษาตอนปลายหรือเทียบเท่า,ไม่เป็นนักศึกษาของมหาวิทยาลัยหรือสถาบันอุดมศึกษาอื่น เว้นแต่การศึกษาในมหาวิทยาลัยเปิด หรือการศึกษาหลักสูตรทางไกล (Online) ที่ได้รับปริญญา,ไม่เป็นผู้ป่วยหรืออยู่ในสภาวะที่จะเป็นอุปสรรคร้ายแรงต่อการศึกษา,ไม่เป็นผู้ประพฤติผิดศีลธรรมอันดีหรือมีพฤติกรรมเสื่อมเสียอย่างร้ายแรง",16,วัน – เวลาราชการปกติ,แบบชั้นเรียน (Onsite),143,30,107,0,6,16,16,5,21,0,7,Pass(ผ่าน),"TABEE,EdPEx","สอบผ่านและได้รับหน่วยกิตสะสมรายวิชาครบตามโครงสร้างหลักสูตร,ได้ค่าระดับเฉลี่ยสะสมไม่ต่ำกว่า 2.00 (จากระบบ 4 ระดับคะแนน) ในส่วนที่ศึกษา ณ มหาวิทยาลัยธรรมศาสตร์,นักศึกษาสำเร็จการศึกษาจากมหาวิทยาลัยแห่งนอตติงแฮมอย่างน้อยด้วยระดับเกียรตินิยมอันดับสามหรือ สำเร็จการศึกษาจากมหาวิทยาลัยแห่งนิวเซาท์เวลส์ อย่างน้อยด้วยระดับ Pass,ต้องปฏิบัติตามเงื่อนไขอื่นๆ ที่คณะและมหาวิทยาลัยธรรมศาสตร์กำหนด และบรรลุผลลัพธ์การเรียนรู้ตามมาตรฐานคุณวุฒิระดับปริญญาตรี"
TEPE วศ.บ. เคมีเเละการจัดการ 68,1sKeauwjoyDctvjJqHERZtG0ArXoX4yji,1l9XwFCPxhWxGvRchd3ojXwkz6vKLgbke,1,1,25450051100319,คณะวิศวกรรมศาสตร์,หลักสูตรวิศวกรรมศาสตรบัณฑิต สาขาวิชาวิศวกรรมเคมีและการจัดการ (หลักสูตรนานาชาติ TEPE),Bachelor of Engineering Program in Chemical Engineering and Management (International Program),วิศวกรรมศาสตรบัณฑิต (วิศวกรรมเคมีและการจัดการ),Bachelor of Engineering (Chemical Engineering and Management),วศ.บ.(วิศวกรรมเคมีและการจัดการ),B.Eng. (Chemical Engineering and Management),ศูนย์รังสิต,หลักสูตรระดับปริญญาตรี 4 ปี,หลักสูตรปริญญาตรีทางวิชาการ,จัดการศึกษาเป็นภาษาอังกฤษ,เป็นหลักสูตรของสถาบันโดยเฉพาะ,1,2568,"วิศวกรผลิต, วิศวกรกระบวนการ, วิศวกรควบคุมคุณภาพ, อาชีพที่ทำงานด้านงานขาย, งานการตลาด, งานบริการเทคนิค, งานวิจัยและพัฒนา, งานอาจารย์, วิศวกรโครงการ, อาชีพที่ทำงานทางด้านการพัฒนาธุรกิจ",โครงการพิเศษ,รับทั้งนักศึกษาไทยและนักศึกษาต่างชาติ,"สำเร็จการศึกษาไม่ต่ำกว่าชั้นมัธยมศึกษาตอนปลายหรือเทียบเท่า, ไม่เป็นนักศึกษาของมหาวิทยาลัยหรือสถาบันอุดมศึกษาอื่น เว้นแต่การศึกษาในมหาวิทยาลัยเปิด หรือการศึกษาหลักสูตรทางไกล (Online) ที่ได้รับปริญญา, ไม่เป็นผู้ป่วยหรืออยู่ในสภาวะที่จะเป็นอุปสรรคร้ายแรงต่อการศึกษา, ไม่เป็นผู้ประพฤติผิดศีลธรรมอันดีหรือมีพฤติกรรมเสื่อมเสียอย่างร้ายแรง",16,วัน – เวลาราชการปกติ,แบบชั้นเรียน (Onsite),150,30,114,9,6,24,,5,18,0,6,,"TABEE,EdPEx","สอบผ่านและได้รับหน่วยกิตสะสมรายวิชาครบตามโครงสร้างหลักสูตร,ได้ค่าระดับเฉลี่ยสะสมไม่ต่ำกว่า 2.00 (จากระบบ 4 ระดับคะแนน),นักศึกษาต้องสอบได้คะแนน TOEFL (Internet - based test, IBT) ให้ได้คะแนนตั้งแต่ 79 คะแนนขึ้นไป เทียบเท่า TOEFL Paper Based ให้ได้คะแนนรวม 550 ขึ้นไป หรือ คะแนน IELTS ได้คะแนนรวม ตั้งแต่ 6.0 ขึ้นไป หรือ TU-GET ให้ได้คะแนนรวม 550 ขึ้นไป ในช่วงเวลาที่เป็นนักศึกษาของหลักสูตรวิศวกรรมศาสตรบัณฑิต สาขาวิชาวิศวกรรมเคมีและการจัดการ,ต้องปฏิบัติตามเงื่อนไขอื่นๆ ที่คณะและมหาวิทยาลัยธรรมศาสตร์กำหนด"
วศ.บ.วิศวกรรมเคมี 66,,1TwjKu3Au4IOtZ7LL3pt3SqJkOyg0UXtm,1,1,25400051100123,คณะวิศวกรรมศาสตร์,หลักสูตรวิศวกรรมศาสตรบัณฑิต สาขาวิชาวิศวกรรมเคมี,Bachelor of Engineering Program in Chemical Engineering,วิศวกรรมศาสตรบัณฑิต (วิศวกรรมเคมี),Bachelor of Engineering (Chemical Engineering),วศ.บ. (วิศวกรรมเคมี),B.Eng. (Chemical Engineering),ศูนย์รังสิต,หลักสูตรระดับปริญญาตรี 4 ปี,หลักสูตรปริญญาตรีทางวิชาการ,จัดการศึกษาเป็นภาษาไทย,เป็นหลักสูตรของสถาบันโดยเฉพาะ,1,2566,"วิศวกร/ผู้ปฏิบัติงาน ที่ทำงานเกี่ยวกับสายงานกระบวนการผลิตในอุตสาหกรรม, วิศวกร/ผู้ปฏิบัติงาน ที่ทำหน้าที่เกี่ยวกับสายงานการออกแบบ การก่อสร้าง การเริ่มดำเนินการผลิต การบริหารโครงการ ตลอดจนการพัฒนากระบวนการผลิต สำหรับโรงงานอุตสาหกรรม, วิศวกร/ผู้ปฏิบัติงาน ที่ทำหน้าที่เกี่ยวกับงานการตลาด งานขาย งานบริการทางเทคนิค และงานพัฒนาผลิตภัณฑ์, อาจารย์, นักวิชาการ, นักวิจัย, นักประดิษฐ์, เจ้าของกิจการ, ผู้ประกอบอาชีพอิสระ",โครงการปกติ,รับเฉพาะนักศึกษาไทย,คุณสมบัติของผู้เข้าศึกษาต้องเป็นไปตามข้อบังคับมหาวิทยาลัยธรรมศาสตร์ ว่าด้วยการศึกษาชั้นปริญญาตรี พ.ศ. 2561 ข้อ 14,16,วัน – เวลาราชการปกติ,แบบชั้นเรียน (Onsite),150,30,114,0,6,105,,18,18,0,6,,EdPEx,"สอบผ่านและได้รับหน่วยกิตสะสมรายวิชาครบตามโครงสร้างหลักสูตร,ได้ค่าระดับเฉลี่ยสะสมไม่ต่ำกว่า 2.00 (จากระบบ 4 ระดับคะแนน),นักศึกษาต้องสอบได้คะแนน TU-GET PBT ไม่ต่ำกว่า 300 คะแนน/TU-GET CBT ไม่ต่ำกว่า 36 คะแนน ในช่วงเวลาที่เป็นนักศึกษาของหลักสูตรวิศวกรรมศาสตร์บัณฑิต สาขาวิชาวิศวกรรมเคมี,ต้องปฏิบัติตามเงื่อนไขอื่น ๆ ที่คณะและมหาวิทยาลัยธรรมศาสตร์กำหนด"
วศ.บ.วิศวกรรมคอม 66,122M5aGrdgKIb68RJvdKp8hDQ6OJwia7c,1j-DK9lhz-1QQBRUnBpG9dkXG0Rpu0Wgl,1,1,25450051100387,คณะวิศวกรรมศาสตร์,หลักสูตรวิศวกรรมศาสตรบัณฑิต สาขาวิชาวิศวกรรมคอมพิวเตอร์,Bachelor of Engineering Program in Computer Engineering,วิศวกรรมศาสตรบัณฑิต (วิศวกรรมคอมพิวเตอร์),Bachelor of Engineering (Computer Engineering),วศ.บ. (วิศวกรรมคอมพิวเตอร์),B.Eng. (Computer Engineering),ศูนย์รังสิต,หลักสูตรระดับปริญญาตรี 4 ปี,หลักสูตรปริญญาตรีทางวิชาการ,จัดการศึกษาเป็นภาษาไทย,เป็นหลักสูตรของสถาบันโดยเฉพาะ,1,2566,"วิศวกรคอมพิวเตอร์,นักวิชาการคอมพิวเตอร์,นักวิเคราะห์และออกแบบระบบงาน,นักพัฒนาซอฟต์แวร์ หรือโปรแกรมประยุกต์,นักวิเคราะห์ และจัดการข้อมูลเชิงคอมพิวเตอร์,ผู้ดูแลระบบเครือข่าย และเครื่องแม่ข่าย,ผู้จัดการซอฟต์แวร์,ผู้จัดการโครงการด้านวิศวกรรมคอมพิวเตอร์ หรือระบบเทคโนโลยีสารสนเทศ,ผู้บริหารหน่วยงานเทคโนโลยีสารสนเทศ,ตำแหน่งงานอื่น ๆ ที่มีการใช้คอมพิวเตอร์ และเทคโนโลยีสารสนเทศ",โครงการปกติ,รับเฉพาะนักศึกษาไทย,คุณสมบัติของผู้เข้าศึกษาต้องเป็นไปตามข้อบังคับมหาวิทยาลัยธรรมศาสตร์ ว่าด้วยการศึกษาชั้นปริญญาตรี พ.ศ. 2561 ข้อ 14,16,วัน – เวลาราชการปกติ,แบบชั้นเรียน (Onsite),146,30,110,34,6,235,9,31,31,0,8,,"TABEE,EdPEx","สอบผ่านและได้รับหน่วยกิตสะสมรายวิชาครบตามโครงสร้างหลักสูตร,ได้ค่าระดับเฉลี่ยสะสมไม่ต่ำกว่า 2.00 (จากระบบ 4 ระดับคะแนน),นักศึกษาต้องสอบได้คะแนน TU-GET PBT ไม่ต่ำกว่า 300 คะแนน/TU-GET CBT ไม่ต่ำกว่า 36 คะแนนในช่วงเวลาที่เป็นนักศึกษาของหลักสูตรวิศวกรรมศาสตร์บัณฑิต สาขาวิชาวิศวกรรมคอมพิวเตอร์,ต้องปฏิบัติตามเงื่อนไขอื่น ๆ ที่คณะและมหาวิทยาลัยธรรมศาสตร์กำหนด และบรรลุผลลัพธ์การเรียนรู้ตามมาตรฐานคุณวุฒิระดับปริญญาตรี"
TEP วศ.บ. เคมี 68,1vr8L1faQksydaUgBkbPtQ8NY8earQmxJ,1SiXDdFlVnSWjghJ4PSFTbX2F8QQLjobN,1,1,25450051100319,คณะวิศวกรรมศาสตร์,หลักสูตรวิศวกรรมศาสตรบัณฑิต สาขาวิชาวิศวกรรมเคมีและการจัดการ (หลักสูตรนานาชาติ TEP),Bachelor of Engineering Program in Chemical Engineering and Management (International Program),วิศวกรรมศาสตรบัณฑิต (วิศวกรรมเคมีและการจัดการ),Bachelor of Engineering (Chemical Engineering and Management),วศ.บ.(วิศวกรรมเคมีและการจัดการ),B.Eng. (Chemical Engineering and Management),ศูนย์รังสิต,หลักสูตรระดับปริญญาตรี 4 ปี,หลักสูตรปริญญาตรีทางวิชาการ,จัดการศึกษาเป็นภาษาอังกฤษ,เป็นหลักสูตรของสถาบันโดยเฉพาะ,1,2568,"วิศวกรเคมี, วิศวกรผลิต, วิศวกรกระบวนการ, วิศวกรควบคุมคุณภาพ, งานขาย, งานการตลาด, งานบริการเทคนิค, งานวิจัยและพัฒนา, งานอาจารย์, วิศวกรโครงการ, งานวางแผน, งานวิเคราะห์, งานประเมินความเสี่ยง, งานพัฒนาธุรกิจ",โครงการพิเศษ,รับทั้งนักศึกษาไทยและนักศึกษาต่างชาติ,"สำเร็จการศึกษาไม่ต่ำกว่าชั้นมัธยมศึกษาตอนปลายหรือเทียบเท่า, ไม่เป็นนักศึกษาของมหาวิทยาลัยหรือสถาบันอุดมศึกษาอื่น เว้นแต่การศึกษาในมหาวิทยาลัยเปิด หรือการศึกษาหลักสูตรทางไกล (Online) ที่ได้รับปริญญา, ไม่เป็นผู้ป่วยหรืออยู่ในสภาวะที่จะเป็นอุปสรรคร้ายแรงต่อการศึกษา, ไม่เป็นผู้ประพฤติผิดศีลธรรมอันดีหรือมีพฤติกรรมเสื่อมเสียอย่างร้ายแรง",16,วัน – เวลาราชการปกติ,แบบชั้นเรียน (Onsite),150,30,114,9,6,24,,5,18,0,6,,EdPEx,"สอบผ่านและได้รับหน่วยกิตสะสมรายวิชาครบตามโครงสร้างหลักสูตร,ได้ค่าระดับเฉลี่ยสะสมไม่ต่ำกว่า 2.00 (จากระบบ 4 ระดับคะแนน),นักศึกษาต้องสอบได้คะแนน TOEFL (Internet - based test, IBT) ให้ได้คะแนนตั้งแต่ 79 คะแนนขึ้นไป เทียบเท่า TOEFL Paper Based ให้ได้คะแนนรวม 550 ขึ้นไป หรือ คะแนน IELTS ได้คะแนนรวม ตั้งแต่ 6.0 ขึ้นไป หรือ TU-GET ให้ได้คะแนนรวม 550 ขึ้นไป ในช่วงเวลาที่เป็นนักศึกษาของหลักสูตรวิศวกรรมศาสตรบัณฑิต สาขาวิชาวิศวกรรมเคมีและการจัดการ,ต้องปฏิบัติตามเงื่อนไขอื่นๆ ที่คณะและมหาวิทยาลัยธรรมศาสตร์กำหนด"
TU PINE วศ.บ.โยธาเเละการบริหารการก่อสร้าง 68,1UslO2Zh1_UOa7Cg-D9Wa8iFV-RBs5Iv-,1-RdsdTrP_nqvciTUj8RHtyl3nXKxwRVG,1,1,25550051104293,คณะวิศวกรรมศาสตร์,หลักสูตรวิศวกรรมศาสตรบัณฑิต สาขาวิชาวิศวกรรมโยธาและการบริหารการก่อสร้าง,Bachelor of Engineering Program in Civil Engineering and Construction Management,วิศวกรรมศาสตรบัณฑิต (วิศวกรรมโยธาและการบริหารการก่อสร้าง),Bachelor of Engineering (Civil Engineering and Construction Management),วศ.บ.(วิศวกรรมโยธาและการบริหารการก่อสร้าง),B.Eng.(Civil Engineering and Construction Management),ศูนย์รังสิต,หลักสูตรระดับปริญญาตรี 4 ปี,หลักสูตรปริญญาตรีทางวิชาการ,จัดการศึกษาเป็นภาษาไทย,เป็นหลักสูตรของสถาบันโดยเฉพาะ,1,2568,"วิศวกรออกแบบและควบคุมงานก่อสร้างต่างๆ อาทิ อาคารสูง โรงงาน ท่าอากาศยาน ถนน สะพาน อุโมงค์ใต้ดิน เขื่อน ฝายกั้นน้ำซึ่งมีแหล่งงานเป็นจำนวนมากตามบริษัทต่างๆ ได้แก่ บ.อิตัลไทย บ.ชิโนไทย, วิศวกรด้านการบริหารและการควบคุมการก่อสร้าง, วิศวกรด้านสำรวจการรังวัดและการจัดทำผังเมือง, วิศวกรออกแบบและดูแลระบบผลิตน้ำประปาและระบบบำบัดน้ำเสียประจำโรงงานและอาคารต่างๆ, วิศวกรสำรวจและบริหารงานด้านแหล่งน้ำและอุทกวิทยา, วิศวกรออกแบบและดูแลระบบไฮเวย์",โครงการพิเศษ,รับทั้งนักศึกษาไทยและนักศึกษาต่างชาติ,คุณสมบัติของผู้เข้าศึกษาต้องเป็นไปตามข้อบังคับมหาวิทยาลัยธรรมศาสตร์ ว่าด้วยการศึกษาชั้นปริญญาตรี พ.ศ. 2561 ข้อ 14,16,วัน – เวลาราชการปกติ,แบบชั้นเรียน (Onsite),147,30,111,9,6,314,314,21,21,0,6,,"TABEE,EdPEx","สอบผ่านและได้รับหน่วยกิตสะสมรายวิชาครบตามโครงสร้างหลักสูตร และบรรลุผลลัพธ์การเรียนรู้ตามมาตรฐานคุณวุฒิระดับปริญญาตรี,ได้ค่าระดับเฉลี่ยสะสมไม่ต่ำกว่า 2.00 (จากระบบ 4 ระดับคะแนน),นักศึกษาต้องสอบได้คะแนน TU-GET PBT ไม่ต่ำกว่า 300 คะแนน/TU-GET CBT ไม่ต่ำกว่า 36 คะแนน ในช่วงเวลาที่เป็นนักศึกษาของหลักสูตรวิศวกรรมศาสตรบัณฑิต สาขาวิศวกรรมโยธาและการบริหารการก่อสร้าง,ต้องปฏิบัติตามเงื่อนไขอื่นๆ ที่คณะและมหาวิทยาลัยธรรมศาสตร์กำหนด"
วศ.บ.วิศวกรรมโยธา 66,,15yssTqxLl0BYLGyTkOA8MzKcNJOxvOVa,1,1,25400051100134,คณะวิศวกรรมศาสตร์,หลักสูตรวิศวกรรมศาสตรบัณฑิต สาขาวิชาวิศวกรรมโยธา,Bachelor of Engineering Program in Civil Engineering,วิศวกรรมศาสตรบัณฑิต (วิศวกรรมโยธา),Bachelor of Engineering (Civil Engineering),วศ.บ. (วิศวกรรมโยธา),B.Eng. (Civil Engineering),ศูนย์รังสิต,หลักสูตรระดับปริญญาตรี 4 ปี,หลักสูตรปริญญาตรีทางวิชาการ,จัดการศึกษาเป็นภาษาไทย,เป็นหลักสูตรของสถาบันโดยเฉพาะ,1,2566,"วิศวกร,นักวิชาการ,ผู้วิจัย,ที่ปรึกษาโครงการ,ผู้บริหารโครงการ",โครงการปกติ,รับเฉพาะนักศึกษาไทย,คุณสมบัติของผู้เข้าศึกษาต้องเป็นไปตามข้อบังคับมหาวิทยาลัยธรรมศาสตร์ ว่าด้วยการศึกษาชั้นปริญญาตรี พ.ศ. 2561 ข้อ 14,16,วัน – เวลาราชการปกติ,แบบชั้นเรียน (Onsite),142,30,106,0,6,314,,21,21,0,7,,EdPEx,"สอบผ่านและได้รับหน่วยกิตสะสมรายวิชาครบตามโครงสร้างหลักสูตร,ได้ค่าระดับเฉลี่ยสะสมไม่ต่ำกว่า 2.00 (จากระบบ 4 ระดับคะแนน),นักศึกษาต้องสอบได้คะแนน TU-GET PBT ไม่ต่ำกว่า 300 คะแนน/TU-GET CBT ไม่ต่ำกว่า 36 คะแนน ในช่วงเวลาที่เป็นนักศึกษาของหลักสูตรวิศวกรรมศาสตร์บัณฑิต สาขาวิชาวิศวกรรมโยธา,ต้องปฏิบัติตามเงื่อนไขอื่น ๆ ที่คณะและมหาวิทยาลัยธรรมศาสตร์กำหนด"
TEP วศ.บ.ไฟฟ้า 68,1MKhvHm3I_F6Nm_9uXH3C631po8qaoTAd,15mqOcgKPnCLX-4A6GVlp06_NeJ17Trpd,1,1,25540051103818,คณะวิศวกรรมศาสตร์,หลักสูตรวิศวกรรมศาสตรบัณฑิต สาขาวิชาวิศวกรรมไฟฟ้า (หลักสูตรนานาชาติ) (หลักสูตรสองสถาบัน),Bachelor of Engineering Program in Electrical Engineering (International Program) (Twinning Program),วิศวกรรมศาสตรบัณฑิต (วิศวกรรมไฟฟ้า),Bachelor of Engineering (Electrical Engineering),วศ.บ.(วิศวกรรมไฟฟ้า),B.Eng. (Electrical Engineering),"ศูนย์รังสิต, คณะวิศวกรรมศาสตร์ มหาวิทยาลัยแห่งนอตติงแฮม ประเทศอังกฤษ,คณะวิศวกรรมศาสตร์มหาวิทยาลัยแห่งนิวเซาท์เวลส์ ประเทศออสเตรเลีย,คณะวิศวกรรมศาสตร์ มหาวิทยาลัย KU Leuven",หลักสูตรระดับปริญญาตรี 4 ปี,หลักสูตรปริญญาตรีทางวิชาการ,จัดการศึกษาเป็นภาษาอังกฤษ,เป็นหลักสูตรของสถาบันโดยเฉพาะ,1,2568,"วิศวกรไฟฟ้า,วิศวกรข้อมูล,นักวิจัย,นักวิชาการ,ผู้เชี่ยวชาญทางด้านวิศวกรรมไฟฟ้า,ผู้จัดการโครงการ,ประกอบธุรกิจส่วนตัวที่เกี่ยวข้องกับสาขาทางด้านวิศวกรรมไฟฟ้า",โครงการปกติ,รับทั้งนักศึกษาไทยและนักศึกษาต่างชาติ,"สำเร็จการศึกษาไม่ต่ำกว่าชั้นมัธยมศึกษาตอนปลายหรือเทียบเท่า,ไม่เป็นนักศึกษาของมหาวิทยาลัยหรือสถาบันอุดมศึกษาอื่น เว้นแต่การศึกษาในมหาวิทยาลัยเปิด หรือการศึกษาหลักสูตรทางไกล (Online) ที่ได้รับปริญญา,ไม่เป็นผู้ป่วยหรืออยู่ในสภาวะที่จะเป็นอุปสรรคร้ายแรงต่อการศึกษา,ไม่เป็นผู้ประพฤติผิดศีลธรรมอันดีหรือมีพฤติกรรมเสื่อมเสียอย่างร้ายแรง",16,วัน – เวลาราชการปกติ,แบบชั้นเรียน (Onsite),146,30,110,0,6,235,9,31,31,0,8,Pass(ผ่าน),TABEE,"สอบผ่านและได้รับหน่วยกิตสะสมรายวิชาครบตามโครงสร้างหลักสูตร,ได้ค่าระดับเฉลี่ยสะสมไม่ต่ำกว่า 2.00 (จากระบบ 4 ระดับคะแนน) ในส่วนที่ศึกษา ณ มหาวิทยาลัยธรรมศาสตร์,นักศึกษาสำเร็จการศึกษาจากมหาวิทยาลัยแห่งนอตติงแฮมอย่างน้อยด้วยระดับเกียรตินิยมอันดับสามหรือ สำเร็จการศึกษาจากมหาวิทยาลัยแห่งนิวเซาท์เวลส์ หรือมหาวิทยาลัย KU LEUVEN อย่างน้อยด้วยระดับ Pass,ต้องปฏิบัติตามเงื่อนไขอื่นๆ ที่คณะและมหาวิทยาลัยธรรมศาสตร์กำหนด"
วศ.บ.วิศวกรรมอุตสาหการ 66,1cVMEsnqK6Pm-EsHzflIREyCIfzTX7DyL,1iYBoehlf_SQVAZTlukVb6x9RUJb9eZHt,1,1,25470051100334,คณะวิศวกรรมศาสตร์,หลักสูตรวิศวกรรมศาสตรบัณฑิต สาขาวิชาวิศวกรรมอุตสาหการ,Bachelor of Engineering Program in Industrial Engineering,วิศวกรรมศาสตรบัณฑิต (วิศวกรรมอุตสาหการ),Bachelor of Engineering (Industrial Engineering),วศ.บ. (วิศวกรรมอุตสาหการ),B.Eng. (Industrial Engineering),ศูนย์รังสิต,หลักสูตรระดับปริญญาตรี 4 ปี,หลักสูตรปริญญาตรีทางวิชาการ,จัดการศึกษาเป็นภาษาไทย,เป็นหลักสูตรของสถาบันโดยเฉพาะ,1,2566,"วิศวกรในส่วนต่าง ๆ ภาคการผลิต,วิศวกรในส่วนต่าง ๆ ภาคการบริการ,ผู้วิจัย หรือ ผู้ช่วยวิจัย,นักวิเคราะห์และออกแบบระบบการทำงาน,งานด้านการวิเคราะห์ความเป็นไปได้ของโครงการ,งานทางด้านการเงิน,งานทางด้านการวางแผนการผลิต",โครงการปกติ,รับเฉพาะนักศึกษาไทย,คุณสมบัติของผู้เข้าศึกษาต้องเป็นไปตามข้อบังคับมหาวิทยาลัยธรรมศาสตร์ ว่าด้วยการศึกษาชั้นปริญญาตรี พ.ศ. 2561 ข้อ 14,16,วัน – เวลาราชการปกติ,แบบชั้นเรียน (Onsite),145,30,109,0,6,185,3,16,16,7,7,,"TABEE,EdPEx","สอบผ่านและได้รับหน่วยกิตสะสมรายวิชาครบตามโครงสร้างหลักสูตร,ได้ค่าระดับเฉลี่ยสะสมไม่ต่ำกว่า 2.00 (จากระบบ 4 ระดับคะแนน),นักศึกษาต้องสอบได้คะแนน TU-GET PBT ไม่ต่ำกว่า 300 คะแนน/TU-GET CBT ไม่ต่ำกว่า 36 คะแนน ในช่วงเวลาที่เป็นนักศึกษาของหลักสูตรวิศวกรรมศาสตร์บัณฑิต สาขาวิชาวิศวกรรมอุตสาหการ,ต้องปฏิบัติตามเงื่อนไขอื่น ๆ ที่คณะและมหาวิทยาลัยธรรมศาสตร์กำหนด กำหนด และบรรลุผลลัพธ์การเรียนรู้ตามมาตรฐานคุณวุฒิระดับปริญญาตรี"
วศ.บ.วิศวกรรมไฟฟ้า 66,1VAiy8yFAr8vY-Vs8ybEwF0wzLb8QOQSg,1OO9p6dBeKxYT4iIJp4IzbknCwYokvUAb,1,1,25400051100235,คณะวิศวกรรมศาสตร์,หลักสูตรวิศวกรรมศาสตรบัณฑิต สาขาวิชาวิศวกรรมไฟฟ้า,Bachelor of Engineering Program in Electrical Engineering,วิศวกรรมศาสตรบัณฑิต (วิศวกรรมไฟฟ้า),Bachelor of Engineering (Electrical Engineering),วศ.บ. (วิศวกรรมไฟฟ้า),B.Eng. (Electrical Engineering),ศูนย์รังสิต,หลักสูตรระดับปริญญาตรี 4 ปี,หลักสูตรปริญญาตรีทางวิชาการ,จัดการศึกษาเป็นภาษาไทย,เป็นหลักสูตรของสถาบันโดยเฉพาะ,1,2566,"วิศวกรไฟฟ้า,นักวิจัย นักวิชาการ หรือผู้เชี่ยวชาญทางด้านวิศวกรรมไฟฟ้า,ผู้จัดการโครงการ,ประกอบธุรกิจส่วนตัวที่เกี่ยวข้องกับสาขาทางด้านวิศวกรรมไฟฟ้า",โครงการปกติ,รับเฉพาะนักศึกษาไทย,คุณสมบัติของผู้เข้าศึกษาต้องเป็นไปตามข้อบังคับมหาวิทยาลัยธรรมศาสตร์ ว่าด้วยการศึกษาชั้นปริญญาตรี พ.ศ. 2561 ข้อ 14,16,วัน – เวลาราชการปกติ,แบบชั้นเรียน (Onsite),148,30,112,0,6,235,9,31,31,0,8,,TABEE,"สอบผ่านและได้รับหน่วยกิตสะสมรายวิชาครบตามโครงสร้างหลักสูตร,ได้ค่าระดับเฉลี่ยสะสมไม่ต่ำกว่า 2.00 (จากระบบ 4 ระดับคะแนน),นักศึกษาต้องสอบได้คะแนน TU-GET PBT ไม่ต่ำกว่า 300 คะแนน/TU-GET CBT ไม่ต่ำกว่า 36 คะแนน ในช่วงเวลาที่เป็นนักศึกษาของหลักสูตรวิศวกรรมศาสตร์บัณฑิต สาขาวิชาวิศวกรรมไฟฟ้า,ต้องปฏิบัติตามเงื่อนไขอื่น ๆ ที่คณะและมหาวิทยาลัยธรรมศาสตร์กำหนด และบรรลุผลลัพธ์การเรียนรู้ตามมาตรฐานคุณวุฒิระดับปริญญาตรี"
วศ.บ.วิศวกรรมเครื่องกล 66,,1FjDCpOciwFTPR9iAwKrlUK1p9d8J7Bei,1,1,25400051100156,คณะวิศวกรรมศาสตร์,หลักสูตรวิศวกรรมศาสตรบัณฑิต สาขาวิชาวิศวกรรมเครื่องกล,Bachelor of Engineering Program in Mechanical Engineering,วิศวกรรมศาสตรบัณฑิต (วิศวกรรมเครื่องกล),Bachelor of Engineering (Mechanical Engineering),วศ.บ. (วิศวกรรมเครื่องกล),B.Eng. (Mechanical Engineering),ศูนย์รังสิต,หลักสูตรระดับปริญญาตรี 4 ปี,หลักสูตรปริญญาตรีทางวิชาการ,จัดการศึกษาเป็นภาษาไทย,เป็นหลักสูตรของสถาบันโดยเฉพาะ,1,2566,"วิศวกรในส่วนต่าง ๆ ภาคการผลิต,วิศวกรในส่วนต่าง ๆ ภาคการบริการ,ผู้วิจัย หรือ ผู้ช่วยวิจัย,นักวิเคราะห์และออกแบบระบบการทำงาน,งานด้านการวิเคราะห์ความเป็นไปได้ของโครงการ,งานทางด้านการวางแผนการผลิต",โครงการปกติ,รับเฉพาะนักศึกษาไทย,คุณสมบัติของผู้เข้าศึกษาต้องเป็นไปตามข้อบังคับมหาวิทยาลัยธรรมศาสตร์ ว่าด้วยการศึกษาชั้นปริญญาตรี พ.ศ. 2561 ข้อ 14,16,วัน – เวลาราชการปกติ,แบบชั้นเรียน (Onsite),142,30,106,0,6,159,7,22,22,0,6,,IQA,"สอบผ่านและได้รับหน่วยกิตสะสมรายวิชาครบตามโครงสร้างหลักสูตร, ได้ค่าระดับเฉลี่ยสะสมไม่ต่ำกว่า 2.00 (จากระบบ 4 ระดับคะแนน), นักศึกษาต้องสอบได้คะแนน TU-GET PBT ไม่ต่ำกว่า 300 คะแนน/TU-GET CBT ไม่ต่ำกว่า 36 คะแนน ในช่วงเวลาที่เป็นนักศึกษาของหลักสูตรวิศวกรรมศาสตร์บัณฑิต สาขาวิชาวิศวกรรมเครื่องกล, ต้องปฏิบัติตามเงื่อนไขอื่น ๆ ที่คณะและมหาวิทยาลัยธรรมศาสตร์กำหนด"
วศ.บ. วิศวกรรมยานยนฯ 66,1F4Z0HLBznlieWUbD2XAHfWGYVctJEzQS,14TrrYbRLeHyIe-PW5AzV_ZleFsFfU0LN,1,1,25610051101033,คณะวิศวกรรมศาสตร์,หลักสูตรวิศวกรรมศาสตรบัณฑิต สาขาวิชาวิศวกรรมยานยนต์และระบบอัตโนมัติ,Bachelor of Engineering Program in Automotive Engineering and Industrial Automation,วิศวกรรมศาสตรบัณฑิต (วิศวกรรมยานยนต์และระบบอัตโนมัติ),Bachelor of Engineering (Automotive Engineering and Industrial Automation),วศ.บ. (วิศวกรรมยานยนต์และระบบอัตโนมัติ),B.Eng. (Automotive Engineering and Industrial Automation),ศูนย์พัทยา,หลักสูตรระดับปริญญาตรี 4 ปี,หลักสูตรปริญญาตรีทางวิชาการ,จัดการศึกษาเป็นภาษาไทย,เป็นหลักสูตรของสถาบันโดยเฉพาะ,1,2566,"วิศวกรในโรงงานอุตสาหกรรมการผลิตและประกอบชิ้นส่วนยานยนต์, วิศวกรในโรงงานอุตสาหกรรมเกี่ยวกับสายการประกอบรถยนต์, วิศวกรในสถาบันหรือหน่วยงานตรวจสอบคุณภาพยานยนต์, วิศวกรออกแบบระบบโครงสร้างและชิ้นส่วนยานยนต์, วิศวกรออกแบบระบบยานยนต์, ประกอบอาชีพอิสระส่วนตัว ธุรกิจด้านยานยนต์, นักวิชาการ นักวิจัยหรือรับราชการในกรมขนส่งทางบก การรถไฟแห่งประเทศไทย กระทรวงพลังงาน กระทรวงคมนาคม กระทรวงวิทยาศาสตร์และเทคโนโลยี",โครงการพิเศษ,รับเฉพาะนักศึกษาไทย,คุณสมบัติของผู้เข้าศึกษาต้องเป็นไปตามข้อบังคับมหาวิทยาลัยธรรมศาสตร์ ว่าด้วยการศึกษาชั้นปริญญาตรี พ.ศ. 2561 ข้อ 14,16,วัน – เวลาราชการปกติ,แบบชั้นเรียน (Onsite),140,30,104,0,6,159,7,22,7,0,3,,TABEE,"สอบผ่านและได้รับหน่วยกิตสะสมรายวิชาครบตามโครงสร้างหลักสูตร,ได้ค่าระดับเฉลี่ยสะสมไม่ต่ำกว่า 2.00 (จากระบบ 4 ระดับคะแนน),นักศึกษาต้องสอบได้คะแนน TU-GET PBT ไม่ต่ำกว่า 300 คะแนน/TU-GET CBT ไม่ต่ำกว่า 36 คะแนน ในช่วงเวลาที่เป็นนักศึกษาของหลักสูตรวิศวกรรมศาสตร์บัณฑิต สาขาวิชาวิศวกรรมยานยนต์และระบบอัตโนมัติ,ต้องปฏิบัติตามเงื่อนไขอื่น ๆ ที่คณะและมหาวิทยาลัยธรรมศาสตร์กำหนด และบรรลุผลลัพธ์การเรียนรู้ตามมาตรฐานคุณวุฒิระดับปริญญาตรี"
TU PINE วศ.บ.ไฟฟ้าเเละการจัดการอุตสาหกรรม 66,1Bbt1kG5HV9scU-aNuGPpf4ZSMW2Om_n1,1MoE_b1q_r-2k0gE1z3Qt4D_8CGvUlp_k,1,1,25540051103853,คณะวิศวกรรมศาสตร์,หลักสูตรวิศวกรรมศาสตรบัณฑิต สาขาวิชาวิศวกรรมไฟฟ้าและการจัดการอุตสาหกรรม,Bachelor of Engineering Program in Electrical Engineering and Industrial management,วิศวกรรมศาสตรบัณฑิต (วิศวกรรมไฟฟ้าและการจัดการอุตสาหกรรม),Bachelor of Engineering (Electrical Engineering and Industrial Management),วศ.บ. (วิศวกรรมไฟฟ้าและการจัดการอุตสาหกรรม),B.Eng. (Electrical Engineering and Industrial Management),ศูนย์รังสิต,หลักสูตรระดับปริญญาตรี 4 ปี,หลักสูตรปริญญาตรีทางวิชาการ,จัดการศึกษาเป็นภาษาไทย,เป็นหลักสูตรของสถาบันโดยเฉพาะ,1,2566,"วิศวกรไฟฟ้าหรือวิศวกรอุตสาหการ,นักวิจัย นักวิชาการ หรือผู้ชี่ยวชาญทางด้านวิศวกรรมไฟฟ้าและวิศวกรรมอุตสาหการ,ผู้จัดการโครงการ,ประกอบธุรกิจส่วนตัวที่เกี่ยวข้องกับสาขาทางด้านวิศวกรรมไฟฟ้าและวิศวกรรมอุตสาหการ",โครงการพิเศษ,รับทั้งนักศึกษาไทยและนักศึกษาต่างชาติ,คุณสมบัติของผู้เข้าศึกษาต้องเป็นไปตามข้อบังคับมหาวิทยาลัยธรรมศาสตร์ ว่าด้วยการศึกษาชั้นปริญญาตรี พ.ศ. 2561 ข้อ 14,16,วัน – เวลาราชการปกติ,แบบชั้นเรียน (Onsite),152,30,116,0,6,235,9,31,31,0,6,,EdPEx,"สอบผ่านและได้รับหน่วยกิตสะสมรายวิชาครบตามโครงสร้างหลักสูตร,ได้ค่าระดับเฉลี่ยสะสมไม่ต่ำกว่า 2.00 (จากระบบ 4 ระดับคะแนน),นักศึกษาต้องสอบได้คะแนน TU-GET PBT ไม่ต่ำกว่า 300 คะแนน/TU-GET CBT ไม่ต่ำกว่า 36 คะแนน ในช่วงเวลาที่เป็นนักศึกษาของหลักสูตรวิศวกรรมศาสตรบัณฑิต สาขาวิชา วิศวกรรมไฟฟ้าและการจัดการอุตสาหกรรม,ต้องปฏิบัติตามเงื่อนไขอื่นๆ ที่คณะและมหาวิทยาลัยธรรมศาสตร์กำหนด"
นิติศาสตรบัณฑิต ศูนย์ลำปาง (ปรับปรุง 66),134ZzCyF3WCuaY71Umb7x43v9tJZCgKUg,1SzWJfcNKmGgCTsY9xbRKTzboS0tXDnjM,1,1,,คณะนิติศาสตร์,หลักสูตรนิติศาสตรบัณฑิต (ศูนย์ลำปาง),Bachelor of Laws Program,นิติศาสตรบัณฑิต,Bachelor of Laws,น.บ.,LL.B.,ศูนย์ลำปาง,หลักสูตรระดับปริญญาตรี 4 ปี,หลักสูตรปริญญาตรีทางวิชาการ,จัดการศึกษาเป็นภาษาไทย,เป็นหลักสูตรของสถาบันโดยเฉพาะ,1,2566,"ผู้พิพากษา/ตุลาการ,พนักงานอัยการ,ทนายความ,ผู้สอนในสถานศึกษา,ที่ปรึกษากฎหมาย/นิติกร,รับราชการอื่น ๆ,ประกอบธุรกิจ/อาชีพอิสระ เช่น ภาคประชาสังคม องค์กรระหว่างประเทศ",โครงการปกติ,รับทั้งนักศึกษาไทยและนักศึกษาต่างชาติ,"สำเร็จการศึกษาไม่ต่ำกว่าชั้นมัธยมศึกษาตอนปลายหรือเทียบเท่า,ไม่เป็นนักศึกษาของมหาวิทยาลัยหรือสถาบันอุดมศึกษาอื่น เว้นแต่การศึกษาในมหาวิทยาลัยเปิด หรือการศึกษาหลักสูตรทางไกล (Online) ที่ได้รับปริญญา,ไม่เป็นผู้ป่วยหรืออยู่ในสภาวะที่จะเป็นอุปสรรคร้ายแรงต่อการศึกษา,ไม่เป็นผู้ประพฤติผิดศีลธรรมอันดีหรือมีพฤติกรรมเสื่อมเสียอย่างร้ายแรง",16,วัน – เวลาราชการปกติ,แบบชั้นเรียน (Onsite),128,30,92,0,6,27,17,15,97,78,102,,"AUN-QA,IQA,สป.อว.","ได้ศึกษารายวิชาต่างๆให้ครบตามโครงสร้างหลักสูตรและมีหน่วยกิตสะสมไม่น้อยกว่า 128 หน่วยกิต,ได้ค่าระดับเฉลี่ยสะสมของวิชาศึกษาทั่วไป รวมกับวิชาเลือกนอกคณะไม่ต่ำกว่า 2.00 (จากระบบ 4 ระดับคะแนน),สอบได้ลักษณะวิชาครบถ้วนตามที่หลักสูตรกำหนดไว้โดยสำหรับวิชาบังคับและวิชาเลือกทางกฎหมายของคณะนิติศาสตร์นักศึกษาต้องได้คะแนนไม่ต่ำกว่า 60 คะแนน จาก 100 คะแนนจึงจะถือว่าสอบได้ในลักษณะวิชานั้น ๆ,ต้องปฏิบัติตามเงื่อนไขอื่นๆ ตามข้อบังคับมหาวิทยาลัยธรรมศาสตร์ ว่าด้วยการศึกษาชั้นปริญญาตรี คณะนิติศาสตร์ พ.ศ.2561 และข้อบังคับมหาวิทยาลัยธรรมศาสตร์ ว่าด้วยการศึกษาระดับปริญญาตรี พ.ศ.2561,บรรลุผลลัพธ์การเรียนรู้ตามมาตรฐานคุณวุฒิระดับปริญญาตรี พ.ศ. 2565"
นิติศาสตรบัณฑิต ท่าพระจันทร์ (ปรับปรุง 66),1nRX0lUPE5gGKakAtEGhpXmNgc1WXJhb3,12u2dK_HTN5NvNRmcX637K5ifcx67AXlZ,1,1,,คณะนิติศาสตร์,หลักสูตรนิติศาสตรบัณฑิต (ศูนย์ท่าพระจันทร์),Bachelor of Laws Program,นิติศาสตรบัณฑิต,Bachelor of Laws,น.บ.,LL.B.,ศูนย์ท่าพระจันทร์,หลักสูตรระดับปริญญาตรี 4 ปี,หลักสูตรปริญญาตรีทางวิชาการ,จัดการศึกษาเป็นภาษาไทย,เป็นหลักสูตรของสถาบันโดยเฉพาะ,1,2566,"ผู้พิพากษา/ตุลาการ,พนักงานอัยการ,ทนายความ,ผู้สอนในสถานศึกษา,ที่ปรึกษากฎหมาย/นิติกร,รับราชการอื่น ๆ,ประกอบธุรกิจ/อาชีพอิสระ เช่น ภาคประชาสังคม องค์กรระหว่างประเทศ",โครงการพิเศษ,รับทั้งนักศึกษาไทยและนักศึกษาต่างชาติ,สำเร็จการศึกษาระดับปริญญาตรีสาขาอื่นที่ไม่ใช่นิติศาสตรบัณฑิต,12,วัน – เวลาราชการปกติ,แบบชั้นเรียน (Onsite),128,30,92,0,6,27,17,15,97,78,102,,"AUN-QA,IQA","ได้ศึกษารายวิชาต่างๆให้ครบตามโครงสร้างหลักสูตรและมีหน่วยกิตสะสมไม่น้อยกว่า 92 หน่วยกิต,ได้ค่าระดับเฉลี่ยสะสมของวิชาศึกษาทั่วไป รวมกับวิชาเลือกนอกคณะไม่ต่ำกว่า 2.00 (จากระบบ 4 ระดับคะแนน),สอบได้ลักษณะวิชาครบถ้วนตามที่หลักสูตรกำหนดไว้โดยสำหรับวิชาบังคับและวิชาเลือกทางกฎหมายของคณะนิติศาสตร์นักศึกษาต้องได้คะแนนไม่ต่ำกว่า 60 คะแนน จาก 100 คะแนนจึงจะถือว่าสอบได้ในลักษณะวิชานั้น ๆ,ต้องปฏิบัติตามเงื่อนไขอื่นๆ ตามข้อบังคับมหาวิทยาลัยธรรมศาสตร์ ว่าด้วยการศึกษาชั้นปริญญาตรี คณะนิติศาสตร์ พ.ศ.2561 และข้อบังคับมหาวิทยาลัยธรรมศาสตร์ ว่าด้วยการศึกษา ระดับปริญญาตรี พ.ศ.2561,บรรลุผลลัพธ์การเรียนรู้ตามมาตรฐานคุณวุฒิระดับปริญญาตรี พ.ศ. 2565"
นิติศาสตรบัณฑิต ศูนยรังสิต (ปรับปรุง 66),1GqjYPRhfG-lxa-twAhKG0bwu3LKIYw1H,1_mDZNjI3EqFdWs0qD0RrT4EwcFbo-3p0,1,1,25400051100426,คณะนิติศาสตร์,หลักสูตรนิติศาสตรบัณฑิต (ศูนย์รังสิต),Bachelor of Laws Program,นิติศาสตรบัณฑิต,Bachelor of Laws,น.บ.,LL.B.,ศูนย์รังสิต,หลักสูตรระดับปริญญาตรี 4 ปี,หลักสูตรปริญญาตรีทางวิชาการ,จัดการศึกษาเป็นภาษาไทย,เป็นหลักสูตรของสถาบันโดยเฉพาะ,1,2566,"ผู้พิพากษา/ตุลาการ,พนักงานอัยการ,ทนายความ,ผู้สอนในสถานศึกษา,ที่ปรึกษากฎหมาย/นิติกร,รับราชการอื่น ๆ,ประกอบธุรกิจ/อาชีพอิสระ เช่น ภาคประชาสังคม องค์กรระหว่างประเทศ",โครงการปกติ,รับทั้งนักศึกษาไทยและนักศึกษาต่างชาติ,"สำเร็จการศึกษาไม่ต่ำกว่าชั้นมัธยมศึกษาตอนปลายหรือเทียบเท่า,ไม่เป็นนักศึกษาของมหาวิทยาลัยหรือสถาบันอุดมศึกษาอื่น เว้นแต่การศึกษาในมหาวิทยาลัยเปิด หรือการศึกษาหลักสูตรทางไกล (Online) ที่ได้รับปริญญา,ไม่เป็นผู้ป่วยหรืออยู่ในสภาวะที่จะเป็นอุปสรรคร้ายแรงต่อการศึกษา,ไม่เป็นผู้ประพฤติผิดศีลธรรมอันดีหรือมีพฤติกรรมเสื่อมเสียอย่างร้ายแรง",16,วัน – เวลาราชการปกติ,แบบชั้นเรียน (Onsite),128,30,92,0,6,27,17,15,97,78,102,,"AUN-QA,IQA","ได้ศึกษารายวิชาต่างๆให้ครบตามโครงสร้างหลักสูตรและมีหน่วยกิตสะสมไม่น้อยกว่า 128 หน่วยกิต,ได้ค่าระดับเฉลี่ยสะสมของวิชาศึกษาทั่วไป รวมกับวิชาเลือกนอกคณะไม่ต่ำกว่า 2.00 (จากระบบ 4 ระดับคะแนน),สอบได้ลักษณะวิชาครบถ้วนตามที่หลักสูตรกำหนดไว้โดยสำหรับวิชาบังคับและวิชาเลือกทางกฎหมายของคณะนิติศาสตร์นักศึกษาต้องได้คะแนนไม่ต่ำกว่า 60 คะแนน จาก 100 คะแนนจึงจะถือว่าสอบได้ในลักษณะวิชานั้น ๆ,ต้องปฏิบัติตามเงื่อนไขอื่นๆ ตามข้อบังคับมหาวิทยาลัยธรรมศาสตร์ ว่าด้วยการศึกษาชั้นปริญญาตรี คณะนิติศาสตร์ พ.ศ.2561 และข้อบังคับมหาวิทยาลัยธรรมศาสตร์ ว่าด้วยการศึกษาระดับปริญญาตรี พ.ศ.2561,บรรลุผลลัพธ์การเรียนรู้ตามมาตรฐานคุณวุฒิระดับปริญญาตรี พ.ศ. 2565"
น.บ. กฎหมายธุรกิจ (นานาชาติ-ปรับปรุง 66),1dqBCvgsVemkwXwA2kmqWe_MYs9f0wlK8,1C4dLQvT0pz_kuiPEXMvk-48AlSX2t8XR,1,1,25560051101605,คณะนิติศาสตร์,หลักสูตรนิติศาสตรบัณฑิต สาขาวิชากฎหมายธุรกิจ (หลักสูตรนานาชาติ),Bachelor of Laws Program in Business Law (International Program),นิติศาสตรบัณฑิต (กฎหมายธุรกิจ),Bachelor of Laws (Business Law),น.บ. (กฎหมายธุรกิจ),LL.B. (Business Law),ศูนย์ท่าพระจันทร์,หลักสูตรระดับปริญญาตรี 4 ปี,หลักสูตรปริญญาตรีทางวิชาการ,จัดการศึกษาเป็นภาษาอังกฤษ,เป็นหลักสูตรของสถาบันโดยเฉพาะ,1,2566,"ทนาย,ปรึกษาทางด้านกฎหมาย,ผู้พิพากษา และตุลาการ,อัยการ,นิติกร,อาจารย์ และนักวิจัย,นักการทูต,ข้าราชการ,ที่ปรึกษากฎหมายในองค์กรธุรกิจ และองค์การระหว่างประเทศ",โครงการพิเศษ,รับทั้งนักศึกษาไทยและนักศึกษาต่างชาติ,"คุณสมบัติของผู้เข้าศึกษาต้องเป็นไปตามข้อบังคับมหาวิทยาลัยธรรมศาสตร์ ว่าด้วยการศึกษาชั้นปริญญาตรี พ.ศ. 2561 ข้อ 14,ผู้เข้าศึกษาต้องผ่านเกณฑ์ขั้นต่ำของการทดสอบความสามารถทางด้านภาษาอังกฤษอย่างใดอย่างหนึ่ง ซึ่งมีอายุไม่เกิน 2 ปีนับจากวันสอบ โดยมีรายละเอียดดังต่อไปนี้ a. TU-GET Paper-based: 500 คะแนน หรือ Computer-based: 61 คะแนน b. TOEFL Internet-based: 61 คะแนน c. IELTS: 6.0 คะแนน",16,วัน – เวลาราชการปกติ,แบบชั้นเรียน (Onsite),125,30,89,0,6,13,49,5,93,60,90,,สป.อว.,"ได้ศึกษาและสอบผ่านรายวิชาต่าง ๆ ครบตามโครงสร้างหลักสูตร และมีหน่วยกิตสะสมไม่ต่ำกว่า 125 หน่วยกิต สำหรับนักศึกษาที่สำเร็จการศึกษาระดับปริญญาตรีหรือเทียบเท่าจะต้องหน่วยกิตสะสมไม่ต่ำกว่า 89 หน่วยกิต,ได้ค่าระดับเฉลี่ยสะสมไม่ต่ำกว่า 2.00 (จากระบบ 4 ระดับคะแนน),วิชาเฉพาะทุกวิชาได้ระดับคะแนนไม่ต่ำกว่า 2.00 (ค่าระดับ C),ต้องปฏิบัติตามเงื่อนไขอื่นๆ ที่คณะนิติศาสตร์และมหาวิทยาลัยธรรมศาสตร์กำหนด"
7.ศศ.บ.อังกฤษ-อเมริกันศึกษา(นานาชาติ-ปรับปรุง พ.ศ.2566),1Nsm5Febp5gYyPekeJkfeJ3v1woXDjLsp,1X2MtOzAXAbZLXry9bQg3I_d0ox5DIN24,1,1,25420051100193,คณะศิลปศาสตร์,หลักสูตรศิลปศาสตรบัณฑิต สาขาวิชาอังกฤษ-อเมริกันศึกษา (หลักสูตรนานาชาติ),Bachelor of Arts Program in British and American Studies (International Program),ศิลปศาสตรบัณฑิต (อังกฤษ-อเมริกันศึกษา),Bachelor of Arts (British and American Studies),ศศ.บ. (อังกฤษ-อเมริกันศึกษา),B.A. (British and American Studies),ศูนย์ท่าพระจันทร์,หลักสูตรระดับปริญญาตรี 4 ปี,หลักสูตรปริญญาตรีทางวิชาการ,จัดการศึกษาเป็นภาษาอังกฤษ,เป็นหลักสูตรของสถาบันโดยเฉพาะ,1,2566,"ข้าราชการในหน่วยงานของรัฐ เช่น กระทรวงการต่างประเทศ, เจ้าหน้าที่สถานทูต องค์กรระหว่างประเทศ, พนักงานในหน่วยงานของรัฐหรือเอกชนที่ใช้ภาษาอังกฤษในการสื่อสาร",โครงการพิเศษ,รับทั้งนักศึกษาไทยและนักศึกษาต่างชาติ,"มีผลการเรียนระดับมัธยมศึกษาตอนปลายเฉลี่ยสะสม 4 ภาคการศึกษา ไม่ต่ำกว่า 2.5 หรือเทียบเท่า เช่น มีผลสอบ IGCSE/GCSE/GCE ‘A' Level จำนวน 3 วิชา คะแนน เกรด A* - B, มีผลสอบ Cambridge Pre-U จำนวน 3 วิชา แต่ละรายวิชาได้เกรดไม่ต่ำกว่า M1 หรือ D1-D3 (ไม่รวมผลสอบวิชาภาษาไทยในทุก Level), มีผลสอบ IB โดยมีคะแนนจาก 5 หมวดวิชา และอีก 1 วิชาเลือก รวมแล้วไม่ต่ำกว่า 24 คะแนนพร้อมผ่านการประเมิน EE, TOK และ CAS ตามเกณฑ์ของ IBO หรือ ได้รับ IBCR อย่างน้อย 5 วิชา โดยแต่ละวิชาจะต้องไม่ซ้ำกัน และได้ผลการเรียนในแต่ละวิชาไม่ต่ำกว่าเกรด 3, มีผลสอบ GED คะแนนรวมไม่ต่ำกว่า 660 และมีคะแนนสอบผ่านไม่ต่ำกว่า 4 รายวิชา โดยแต่ละวิชาได้คะแนนไม่ต่ำกว่า 165, มีผลสอบ NCEA ของประเทศนิวซีแลนด์ ไม่ต่ำกว่า 80 หน่วยกิต ประกอบด้วย Level 2 หรือ Level สูงกว่าจำนวนไม่ต่ำกว่า 60 หน่วยกิต และ Level 1 หรือ Level สูงกว่าไม่ต่ำกว่า 20 หน่วยกิต และต้องได้เกรดเฉลี่ยเทียบเท่า 2.5 ตามการคำนวณของ NZQA, มีผลคะแนนทดสอบทางภาษาอังกฤษประเภทใดประเภทหนึ่งต่อไปนี้ TU-GET (PBT) 500 / (CBT) 61, IELTS 6, TOEFL (iBT) 61, SAT 350 (Critical reading), NEW SAT 350 (Evidence-Based Reading and Writing), GSAT 350",16,วัน – เวลาราชการปกติ,แบบชั้นเรียน (Onsite),132,30,90,0,12,1,9,5,20,20,18,"S(ใช้ได้),U(ใช้ไม่ได้)","AUN-QA,IQA","บรรลุผลลัพธ์การเรียนรู้ตามมาตรฐานคุณวุฒิระดับปริญญาตรี,ได้ศึกษารายวิชาต่าง ๆ ครบตามโครงสร้างหลักสูตร และมีหน่วยกิตสะสมไม่ต่ำกว่า 132 หน่วยกิต,ได้ค่าระดับเฉลี่ยสะสมไม่ต่ำกว่า 2.00 (จากระบบ 4 ระดับคะแนน),ต้องปฏิบัติตามเงื่อนไขอื่น ๆ ที่คณะศิลปศาสตร์ และมหาวิทยาลัยธรรมศาสตร์กำหนด"
3.ศศ.บ.ภาษาอังกฤษ (ปรับปรุง พ.ศ.2566),1JQpdM6xFxI5jQVnzjCgJ9yXdjdnxvtnN,1fW-HhXvs42fuWO7aQSqI6tZf2gi440nP,1,1,25520051102681,คณะศิลปศาสตร์,หลักสูตรศิลปศาสตรบัณฑิต สาขาวิชาภาษาอังกฤษ,Bachelor of Arts Program in English,ศิลปศาสตรบัณฑิต (ภาษาอังกฤษ),Bachelor of Arts (English),ศศ.บ. (ภาษาอังกฤษ),B.A. (English),ศูนย์รังสิต,หลักสูตรระดับปริญญาตรี 4 ปี,หลักสูตรปริญญาตรีทางวิชาการ,จัดการศึกษาเป็นภาษาไทย,เป็นหลักสูตรของสถาบันโดยเฉพาะ,1,2566,"ผู้สอนภาษาอังกฤษ,นักแปล-ล่าม,นักเขียน,เจ้าหน้าที่ในองค์กรระหว่างประเทศ องค์กรเอกชน หน่วยงานราชการ",โครงการปกติ,รับทั้งนักศึกษาไทยและนักศึกษาต่างชาติ,คุณสมบัติของผู้เข้าศึกษาต้องเป็นไปตามข้อบังคับมหาวิทยาลัยธรรมศาสตร์ ว่าด้วยการศึกษาชั้นปริญญาตรี พ.ศ. 2561 ข้อ 14,16,วัน – เวลาราชการปกติ,แบบชั้นเรียน (Onsite),132,30,78,18,6,12,3,5,45,9,44,"S(ใช้ได้),U(ใช้ไม่ได้),ACC(ได้รับยกเว้นรายวิชาโดยผ่านการทดสอบเทียบความรู้หรือใช้ผลการสอบในรายวิชาที่นับหน่วยกิตหรือได้รับการเทียบโอยรายวิชาและหน่วยกิต),EXE(ได้รับยกเว้นรายวิชาโดยผ่านการทดสอบเทียบความรู้หรือใช้ผลการสอบในรายวิชาที่ไม่นับหน่วยกิต),I(การวัดผลไม่สมบูรณ์),W(การถอนรายวิชาโดยได้รับอนุมัติ),AUD(การศึกษาโดยไม่วัดผลการศึกษา)",IQA,"ได้ศึกษารายวิชาต่าง ๆ ครบตามโครงสร้างหลักสูตรและมีหน่วยกิตสะสมไม่ต่ำกว่า 132 หน่วยกิต,ได้ค่าระดับเฉลี่ยสะสมไม่ต่ำกว่า 2.00 (จากระดับ 4 ระดับคะแนน),ต้องปฏิบัติตามเงื่อนไขอื่น ๆ ที่คณะศิลปศาสตร์และมหาวิทยาลัยธรรมศาสตร์กำหนด"
8.ศศ.บ.การสื่อสารเชิงธุรกิจ(นานาชาติ-ปรับปรุง พ.ศ.2566),1yy_-WG_V-eRW8CkXF2wtVAjPcxcgwHJG,1hF6ZGIkZzfP6-c-LIlCDrY7ZW4DO6wRQ,1,1,25500051100574,คณะศิลปศาสตร์,หลักสูตรศิลปศาสตรบัณฑิต สาขาวิชาการสื่อสารเชิงธุรกิจ (หลักสูตรนานาชาติ),Bachelor of Arts Program in Business Communication (International Program),ศิลปศาสตรบัณฑิต (การสื่อสารเชิงธุรกิจ),Bachelor of Arts (Business Communication),ศศ.บ. (การสื่อสารเชิงธุรกิจ),B.A. (Business Communication),ศูนย์ท่าพระจันทร์,หลักสูตรระดับปริญญาตรี 4 ปี,หลักสูตรปริญญาตรีทางวิชาการ,จัดการศึกษาเป็นภาษาอังกฤษ,เป็นหลักสูตรของสถาบันโดยเฉพาะ,1,2566,"พนักงานในบริษัทเอกชน,พนักงานในองค์กรระดับชาติและนานาชาติ,นักธุรกิจ ผู้ประกอบการ เจ้าของกิจการธุรกิจที่เกี่ยวข้องกับต่างประเทศ,เจ้าหน้าที่องค์กรระหว่างประเทศ นักการทูต,นักแปล ล่าม,อาชีพที่เกี่ยวข้องในอุตสาหกรรมท่องเที่ยวและบริการ และการสื่อสาร",โครงการปกติ,รับทั้งนักศึกษาไทยและนักศึกษาต่างชาติ,"สำเร็จการศึกษาไม่ต่ำกว่าชั้นมัธยมศึกษาตอนปลายหรือเทียบเท่า,ไม่เป็นนักศึกษาของมหาวิทยาลัยหรือสถาบันศึกษาอื่น เว้นแต่การศึกษาในมหาวิทยาลัยเปิด หรือการศึกษาหลักสูตรทางไกล (Online) ที่ได้รับปริญญา,ไม่เป็นผู้ป่วยหรืออยู่ในสภาวะที่จะเป็นอุปสรรคร้ายแรงต่อการศึกษา,ไม่เป็นผู้ประพฤติผิดศีลธรรมอันดีหรือมีพฤติกรรมเสื่อมเสียอย่างร้ายแรง",16,วัน – เวลาราชการปกติ,แบบชั้นเรียน (Onsite),132,30,90,18,12,16,17,12,12,0,15,,AUN-QA,"บรรลุผลลัพธ์การเรียนรู้ตามมาตรฐานคุณวุฒิระดับปริญญาตรี,สอบผ่านและได้รับหน่วยกิตสะสมรายวิชาครบตามโครงสร้างหลักสูตร,ได้ค่าระดับเฉลี่ยสะสมไม่ต่ำกว่า 2.00 (จากระบบ 4 ระดับคะแนน),ต้องปฏิบัติตามเงื่อนไขอื่นๆ ที่คณะและมหาวิทยาลัยธรรมศาสตร์กำหนด"
5.วท.บ.ภูมิศาสตร์และภูมิสารสนเทศ (ปรับปรุง พ.ศ.2566),1TwwOOtO2o5SnPivg7Ft8aQ6WiTTAPol9,1RhEGh_nLVvrkloBsbzCVJL43F17KwfID,1,1,25470051100323,คณะศิลปศาสตร์,หลักสูตรวิทยาศาสตรบัณฑิต สาขาวิชาภูมิศาสตร์และภูมิสารสนเทศ,Bachelor of Science Program in Geography and Geoinformatics,วิทยาศาสตรบัณฑิต (ภูมิศาสตร์และภูมิสารสนเทศ),Bachelor of Science (Geography and Geoinformatics),วท.บ. (ภูมิศาสตร์และภูมิสารสนเทศ),B.Sc. (Geography and Geoinformatics),ศูนย์รังสิต,หลักสูตรระดับปริญญาตรี 4 ปี,หลักสูตรปริญญาตรีทางวิชาการ,จัดการศึกษาเป็นภาษาไทย,เป็นหลักสูตรของสถาบันโดยเฉพาะ,1,2566,"นักภูมิศาสตร์ หรือ นักภูมิสารสนเทศ,เจ้าหน้าที่แผนที่ภายถ่าย,นักวิชาการแผนที่,นักวิจัย นักวิชาการ,นักวิเคราะห์ด้านการวางแผนและการพัฒนาพื้นที่,เจ้าหน้าที่สำรวจ,ผู้สอนด้านภูมิศาสตร์และภูมิสารสนเทศระดับการศึกษาขั้นพื้นฐาน,นักวิเคราะห์ข้อมูลและการจัดการฐานข้อมูลทางภูมิศาสตร์",โครงการปกติ,รับทั้งนักศึกษาไทยและนักศึกษาต่างชาติ,"สำเร็จการศึกษาไม่ต่ำกว่าชั้นมัธยมศึกษาตอนปลายหรือเทียบเท่า,ไม่เป็นนักศึกษาของมหาวิทยาลัยหรือสถาบันศึกษาอื่น เว้นแต่การศึกษาในมหาวิทยาลัยเปิด หรือการศึกษาหลักสูตรทางไกล (Online) ที่ได้รับปริญญา,ไม่เป็นผู้ป่วยหรืออยู่ในสภาวะที่จะเป็นอุปสรรคร้ายแรงต่อการศึกษา,ไม่เป็นผู้ประพฤติผิดศีลธรรมอันดีหรือมีพฤติกรรมเสื่อมเสียอย่างร้ายแรง",16,วัน – เวลาราชการปกติ,แบบชั้นเรียน (Onsite),138,30,84,18,6,37,16,8,8,0,44,"S(ใช้ได้),U(ใช้ไม่ได้)",AUN-QA,"บรรลุผลลัพธ์การเรียนรู้ตามมาตรฐานคุณวุฒิระดับปริญญาตรี,สอบผ่านและได้รับหน่วยกิตสะสมรายวิชาครบตามโครงสร้างหลักสูตร,ได้ค่าระดับเฉลี่ยสะสมไม่ต่ำกว่า 2.00 (จากระบบ 4 ระดับคะแนน),ได้ค่าระดับเฉลี่ยรวมวิชาบังคับในสาขาทุกวิชาไม่ต่ำกว่า 2.00,ได้ค่าระดับเฉลี่ยรวมวิชาบังคับเลือกในสาขาทุกวิชาไม่ต่ำกว่า 2.00,ต้องปฏิบัติตามเงื่อนไขอื่นๆ ที่คณะศิลปศาสตร์และมหาวิทยาลัยธรรมศาสตร์กำหนด"
1.วท.บ.จิตวิทยา (ปรับปรุง พ.ศ.2566),17tY7eqOCQACnQN7qY3qPBtFPDqaEnIiJ,1IbNwl336EH8H_v9zVRgK5kXARIW93LkF,1,1,25470051100312,คณะศิลปศาสตร์,หลักสูตรวิทยาศาสตรบัณฑิต สาขาวิชาจิตวิทยา,Bachelor of Science Program in Psychology,วิทยาศาสตรบัณฑิต (จิตวิทยา),Bachelor of Science (Psychology),วท.บ. (จิตวิทยา),B.Sc. (Psychology),ศูนย์รังสิต,หลักสูตรระดับปริญญาตรี 4 ปี,หลักสูตรปริญญาตรีทางวิชาการ,จัดการศึกษาเป็นภาษาไทย,เป็นหลักสูตรของสถาบันโดยเฉพาะ,1,2566,"นักจิตวิทยาในหน่วยงานของรัฐและเอกชน ซึ่งเกี่ยวกับงานบริการสังคมและชุมชน งานในกระบวนการยุติธรรม งานบริการทางสาธารณสุข,นักวิจัยด้านจิตวิทยาและพฤติกรรมมนุษย์,บุคลากรที่ทำงานเกี่ยวกับจิตวิทยาและพัฒนาการมนุษย์ทุกช่วงวัย,บุคลากรที่ทำงานเกี่ยวกับการบริหารและพัฒนาทรัพยากรมนุษย์และองค์การ,อาชีพอื่น ๆ ที่เกี่ยวข้องกับการนำจิตวิทยาไปประยุกต์ เช่น นักการตลาด นักการสื่อสาร นักประชาสัมพันธ์",โครงการปกติ,รับเฉพาะนักศึกษาไทย,"สำเร็จการศึกษาไม่ต่ำกว่าชั้นมัธยมศึกษาตอนปลายหรือเทียบเท่า,ไม่เป็นนักศึกษาของมหาวิทยาลัยหรือสถาบันศึกษาอื่น เว้นแต่การศึกษาในมหาวิทยาลัยเปิด หรือการศึกษาหลักสูตรทางไกล (Online) ที่ได้รับปริญญา,ไม่เป็นผู้ป่วยหรืออยู่ในสภาวะที่จะเป็นอุปสรรคร้ายแรงต่อการศึกษา,ไม่เป็นผู้ประพฤติผิดศีลธรรมอันดีหรือมีพฤติกรรมเสื่อมเสียอย่างร้ายแรง,มีตาปกติ ไม่บอดหรือบอดสีทั้ง 2 ข้าง",16,วัน – เวลาราชการปกติ,แบบชั้นเรียน (Onsite),139,30,85,18,6,26,1,5,12,0,44,,"AUN-QA,IQA","บรรลุผลลัพธ์การเรียนรู้ตามมาตรฐานคุณวุฒิระดับปริญญาตรี, ได้ศึกษารายวิชาต่างๆ ครบตามโครงสร้างหลักสูตรและมีหน่วยกิตสะสมไม่ต่ำกว่า 139 หน่วยกิต, ได้ค่าระดับเฉลี่ยสะสมไม่ต่ำกว่า 2.00 (จากระบบ 4 ระดับคะแนน), ได้ศึกษาวิชาศึกษาทั่วไปของมหาวิทยาลัยครบตามหลักสูตร 30 หน่วยกิต, สอบไล่ได้ไม่ต่ำกว่า C ในวิชาบังคับและวิชาบังคับเลือกทุกวิชา, สอบไล่ได้ในวิชาบังคับนอกสาขาทุกวิชา และสอบไล่รายวิชา พศ.083 ได้ไม่ต่ำกว่าเกรด C, ต้องปฏิบัติตามเงื่อนไขอื่น ๆ ที่คณะศิลปศาสตร์ และมหาวิทยาลัยธรรมศาสตร์กำหนด"
6.ศศ.บ.อาณาบริเวณศึกษา (ปรับปรุง พ.ศ.2566),10cQoVYZH-vY1_6AwZeMmqv66LMLqTOtV,1C4aXUATXT9mD7RommkspFEo5aFMw7kbK,1,1,25420051100193,คณะศิลปศาสตร์,หลักสูตรศิลปศาสตรบัณฑิต สาขาวิชาอาณาบริเวณศึกษา,Bachelor of Arts Program in Area Studies,ศิลปศาสตรบัณฑิต (อาณาบริเวณศึกษา),Bachelor of Arts (Area Studies),ศศ.บ. (อาณาบริเวณศึกษา),B.A. (Area Studies),ศูนย์ท่าพระจันทร์,หลักสูตรระดับปริญญาตรี 4 ปี,หลักสูตรปริญญาตรีทางวิชาการ,จัดการศึกษาเป็นภาษาไทย,เป็นหลักสูตรของสถาบันโดยเฉพาะ,1,2566,"ข้าราชการ พนักงานหน่วยงานของรัฐทั้งในประเทศและต่างประเทศ, พนักงานองค์การเอกชนในประเทศและต่างประเทศ, นักวิชาการ นักวิจัย ผู้สอนด้านอาณาบริเวณศึกษา, บุคลากรในสายอาชีพด้านการท่องเที่ยวและบริการ, บุคลากรในสายอาชีพด้านสื่อสารมวลชน, นักแปล ล่าม นักเขียน นักวิจารณ์, ผู้ประกอบการ หรือนักธุรกิจในภูมิภาคที่ตนศึกษา",โครงการปกติ,รับทั้งนักศึกษาไทยและนักศึกษาต่างชาติ,"สำเร็จการศึกษาไม่ต่ำกว่าชั้นมัธยมศึกษาตอนปลายหรือเทียบเท่า, ไม่เป็นนักศึกษาของมหาวิทยาลัยหรือสถาบันศึกษาอื่น เว้นแต่การศึกษาในมหาวิทยาลัยเปิด หรือการศึกษาหลักสูตรทางไกล (Online) ที่ได้รับปริญญา, ไม่เป็นผู้ป่วยหรืออยู่ในสภาวะที่จะเป็นอุปสรรคร้ายแรงต่อการศึกษา, ไม่เป็นผู้ประพฤติผิดศีลธรรมอันดีหรือมีพฤติกรรมเสื่อมเสียอย่างร้ายแรง",16,วัน – เวลาราชการปกติ,แบบชั้นเรียน (Onsite),129,30,87,0,12,17,12,9,45,30,18,"S(ใช้ได้),U(ใช้ไม่ได้)",IQA,"ได้ศึกษารายวิชาต่าง ๆ ครบตามโครงสร้างหลักสูตร และมีหน่วยกิตสะสมไม่ต่ำกว่า 129 หน่วยกิต,ได้ค่าระดับเฉลี่ยสะสมไม่ต่ำกว่า 2.00 (จากระบบ 4 ระดับคะแนน),ต้องปฏิบัติตามเงื่อนไขอื่น ๆ ที่คณะศิลปศาสตร์ และมหาวิทยาลัยธรรมศาสตร์กำหนด"
4.ศศ.บ.ภาษาไทย (ปรับปรุง พ.ศ.2566),15rTt7XGPQ9FBcB7fx2k-BH_u31Dc-HNd,1LU-dLDUlqeCORhlA-IuZwtBowFnzwdY1,1,1,25520051102679,คณะศิลปศาสตร์,หลักสูตรศิลปศาสตรบัณฑิต สาขาวิชาภาษาไทย,Bachelor of Arts Program in Thai,ศิลปศาสตรบัณฑิต (ภาษาไทย),Bachelor of Arts (Thai),ศศ.บ. (ภาษาไทย),B.A. (Thai),ศูนย์รังสิต,หลักสูตรระดับปริญญาตรี 4 ปี,หลักสูตรปริญญาตรีทางวิชาการ,จัดการศึกษาเป็นภาษาไทย,เป็นหลักสูตรของสถาบันโดยเฉพาะ,1,2566,"ผู้สอนภาษาไทย,นักวิจัย/นักวิชาการด้านภาษา วรรณกรรม และวัฒนธรรมไทย,ผู้ปฏิบัติงานในหน่วยงานของรัฐและเอกชน,ผู้ปฏิบัติงานด้านสื่อสารมวลชนในสื่อสิ่งพิมพ์และสื่อออนไลน์,ผู้ปฏิบัติงานด้านการประชาสัมพันธ์และงานเลขานุการ",โครงการปกติ,รับทั้งนักศึกษาไทยและนักศึกษาต่างชาติ,คุณสมบัติของผู้เข้าศึกษาต้องเป็นไปตามข้อบังคับมหาวิทยาลัยธรรมศาสตร์ว่าด้วยการศึกษาระดับปริญญาตรี พ.ศ. 2561 ข้อ 14,16,วัน – เวลาราชการปกติ,แบบชั้นเรียน (Onsite),135,30,81,18,6,11,5,5,23,0,7,,"AUN-QA,สป.อว.","บรรลุผลลัพธ์การเรียนรู้ตามมาตรฐานคุณวุฒิระดับปริญญาตรี,ได้ศึกษารายวิชาต่างๆ ครบตามโครงสร้างหลักสูตร และมีหน่วยกิตสะสมไม่ต่ำกว่า 135 หน่วยกิต,ได้ค่าระดับเฉลี่ยสะสมไม่ต่ำกว่า 2.00 (จากระบบ 4 ระดับคะแนน),ได้ค่าคะแนนวิชาบังคับในสาขาทุกวิชาไม่ต่ำกว่า C,ต้องปฏิบัติตามเงื่อนไขอื่น ๆ ที่คณะศิลปศาสตร์ และมหาวิทยาลัยธรรมศาสตร์กำหนด"
9.ศศ.บ.การแปลและล่ามในยุคดิจิทัล (ปรับปรุง พ.ศ.2566),17H6vCtIE1at0Agug3_TjqKfoUJmx0Sst,1-LHKks8IO_7Qm2foPlpRcxz89Q3hNUlQ,1,1,,คณะศิลปศาสตร์,หลักสูตรศิลปศาสตรบัณฑิต สาขาวิชาการแปลและล่ามในยุคดิจิทัล,Bachelor of Arts Program in Translation and Interpretation in the Digital Age,ศิลปศาสตรบัณฑิต (การแปลและล่ามในยุคดิจิทัล),Bachelor of Arts (Translation and Interpretation in the Digital Age),ศศ.บ. (การแปลและล่ามในยุคดิจิทัล),B.A. (Translation and Interpretation in the Digital Age),ศูนย์รังสิต,หลักสูตรระดับปริญญาตรี 4 ปี,หลักสูตรปริญญาตรีทางวิชาการ,จัดการศึกษาเป็นภาษาไทย,เป็นหลักสูตรของสถาบันโดยเฉพาะ,1,2566,"นักแปลและล่าม,บรรณาธิการงานแปล/ผู้ตรวจสอบงานแปล,นักโลคัลไลเซชัน/ผู้เชี่ยวชาญด้านโลคัลไลเซชัน,ผู้บริหารโครงการแปล/ผู้บริหารโครงการโลคัลไลเซชัน,นักพัฒนาเทคโนโลยีและเครื่องมือช่วยแปล,นักวิจัย/อาจารย์",โครงการพิเศษ,รับทั้งนักศึกษาไทยและนักศึกษาต่างชาติ,"สำเร็จการศึกษาไม่ต่ำกว่าชั้นมัธยมศึกษาตอนปลายหรือเทียบเท่า,ไม่เป็นนักศึกษาของมหาวิทยาลัยหรือสถาบันศึกษาอื่น เว้นแต่การศึกษาในมหาวิทยาลัยเปิด หรือการศึกษาหลักสูตรทางไกล (Online) ที่ได้รับปริญญา,ไม่เป็นผู้ป่วยหรืออยู่ในสภาวะที่จะเป็นอุปสรรคร้ายแรงต่อการศึกษา,ไม่เป็นผู้ประพฤติผิดศีลธรรมอันดีหรือมีพฤติกรรมเสื่อมเสียอย่างร้ายแรง",16,วัน – เวลาราชการปกติ,แบบชั้นเรียน (Onsite),129,30,93,0,6,7,3,5,5,5,1,,AUN-QA,"บรรลุผลลัพธ์การเรียนรู้ตามมาตรฐานคุณวุฒิระดับปริญญาตรี, ได้ศึกษารายวิชาต่าง ๆ ครบตามโครงสร้างหลักสูตรและมีหน่วยกิตสะสมไม่ต่ำกว่า 129 หน่วยกิต, ได้ค่าระดับเฉลี่ยสะสมไม่ต่ำกว่า 2.00 (จากระบบ 4 ระดับคะแนน), ต้องปฏิบัติตามเงื่อนไขอื่น ๆ ที่คณะศิลปศาสตร์และมหาวิทยาลัยธรรมศาสตร์กำหนด"
รัฐศาสตรบัณฑิต (ปรัปบปรุง 2566),1FIPEcZcBAcgUl50qGsYhMzV3S2-kZsvm,1byv8ozy6xZdm1F_vp1RKD4v7AwY5dL_O,1,1,25400051100189,คณะรัฐศาสตร์,หลักสูตรรัฐศาสตรบัณฑิต,Bachelor of Political Science Program,รัฐศาสตรบัณฑิต,Bachelor of Political Science,ร.บ.,B.Pol.Sc.,ศูนย์รังสิต,หลักสูตรระดับปริญญาตรี 4 ปี,หลักสูตรปริญญาตรีทางวิชาการ,จัดการศึกษาเป็นภาษาไทย,เป็นหลักสูตรของสถาบันโดยเฉพาะ,1,2566,"นักการเมือง,หน่วยงานราชการ,ปลัดอำเภอ,นักพัฒนาชุมชน,นักปกครอง,นักวิชาการศึกษา,นักการทูต,องค์กรระหว่างประเทศ,หน่วยงานระหว่างประเทศต่าง ๆ,นักบริหารงานทั่วไป,เจ้าหน้าที่บุคคล,นักธุรกิจ,ผู้จัดการทั่วไป,ผู้สื่อข่าว",โครงการปกติ,รับเฉพาะนักศึกษาไทย,"สำเร็จการศึกษาไม่ต่ำกว่าชั้นมัธยมศึกษาตอนปลายหรือเทียบเท่า,ไม่เป็นนักศึกษาของมหาวิทยาลัยหรือสถาบันอุดมศึกษาอื่น เว้นแต่การศึกษาในมหาวิทยาลัยเปิด หรือการศึกษาหลักสูตรทางไกล (Online) ที่ได้รับปริญญา,ไม่เป็นผู้ป่วยหรืออยู่ในสภาวะที่จะเป็นอุปสรรคร้ายแรงต่อการศึกษา,ไม่เป็นผู้ประพฤติผิดศีลธรรมอันดีหรือมีพฤติกรรมเสื่อมเสียอย่างร้ายแรง",16,วัน – เวลาราชการปกติ,แบบชั้นเรียน (Onsite),129,30,78,15,6,22,0,9,33,1,6,"S(ใช้ได้),U(ใช้ไม่ได้)",AUN-QA,"บรรลุผลลัพธ์การเรียนรู้ตามมาตรฐานคุณวุฒิระดับปริญญาตรี,ได้ศึกษารายวิชาต่าง ๆ ครบตามโครงสร้างหลักสูตรและมีหน่วยกิตสะสมไม่ต่ำกว่า 129 หน่วยกิต,ได้ค่าระดับเฉลี่ยสะสมไม่ต่ำกว่า 2.00 (จากระบบ 4 ระดับคะแนน),ต้องปฏิบัติตามเงื่อนไขอื่น ๆ ที่คณะและมหาวิทยาลัยธรรมศาสตร์กำหนด"
พบ-วท.บ.วิทยาศาสตร์การแพทย์(interใหม่67),,1T1sfYBPrpOLlKnFFETIlweBnKnpIQyhQ,1,1,,วิทยาลัยแพทยศาสตร์นานาชาติจุฬาภรณ์,หลักสูตรแพทยศาสตรบัณฑิต และหลักสูตรวิทยาศาสตรบัณฑิต สาขาวิชาวิทยาศาสตร์การแพทย์ (หลักสูตรนานาชาติ/หลักสูตรใหม่ พ.ศ. 2567),GREATS CICM Doctor of Medicine and BSc in Medical Science (International Program),"วิทยาศาสตรบัณฑิต (วิทยาศาสตร์การแพทย์),แพทยศาสตรบัณฑิต","Bachelor of Science (Medical Science),Doctor of Medicine","วท.บ. (วิทยาศาสตร์การแพทย์),พ.บ.","B.Sc. (Medical Science),M.D.",ศูนย์รังสิต,หลักสูตรระดับปริญญาตรี 6 ปี,หลักสูตรปริญญาตรีทางวิชาการ,จัดการศึกษาเป็นภาษาอังกฤษ,เป็นหลักสูตรของสถาบันโดยเฉพาะ,1,2567,"แพทย์ในสถานพยาบาลของรัฐและเอกชน,นักศึกษาต่างชาติสามารถกลับไปปฏิบัติงานในประเทศของนักศึกษาได้,พนักงานสายวิชาการในคณะแพทยศาสตร์หรือในคณะสายวิทยาศาสตร์สุขภาพในภาครัฐและเอกชน,นักวิจัย,นักวิทยาศาสตร์",โครงการปกติ,รับทั้งนักศึกษาไทยและนักศึกษาต่างชาติ,"ผู้สมัครต้องมีผลคะแนนสอบวัดความสามารถในการสื่อสารภาษาอังกฤษอย่างใดอย่างหนึ่ง ดังนี้ IELTS – (The International English Language Testing System) ประเภท Academic หรือ UKVI ไม่น้อยกว่าระดับ 6.5 หรือ,TOEFL score ไม่น้อยกว่าที่กำหนดดังนี้ internet-based test total score 79 หรือ,TU-GET score ไม่น้อยกว่าที่กำหนดดังนี้ paper-based test total score 550 หรือ computer-based test total score 79,ผลคะแนนสอบที่นำมาแสดงต้องมีระยะเวลาไม่เกิน 2 ปี นับจากวันที่ทดสอบจนถึงวันสอบสัมภาษณ์",12,วัน – เวลาราชการปกติ,แบบชั้นเรียน (Onsite),254,30,209,0,15,40,2,88,239,8,67,"S(ใช้ได้),U(ใช้ไม่ได้)","WFME,IMEAc,IQA,EdPEx,HA,สป.อว.,แพทยสภา","สอบผ่านและได้รับหน่วยกิตสะสมรายวิชาครบตามโครงสร้างหลักสูตร,ได้ค่าระดับเฉลี่ยสะสมไม่ต่ำกว่า 2.00,ต้องปฏิบัติตามเงื่อนไขอื่น ๆ ที่วิทยาลัยแพทยศาสตร์นานาชาติจุฬาภรณ์ และ มหาวิทยาลัยธรรมศาสตร์กำหนด,สอบผ่านการสอบประมวลวิชาเวชศาสตร์"
วท.บ.เทคโนโลยีหัวใจและทรวงอก(นานาชาติ-ปรับปรุง66)-กมอ.1-68(8ม.ค.68),1PY0E5naQpalxJzIWXuwmZSwPfLwmMQG9,1_XtVsUm6Nt09Fq2MbaLY___9kXUx6M3u,1,1,25570051101448,วิทยาลัยแพทยศาสตร์นานาชาติจุฬาภรณ์,หลักสูตรวิทยาศาสตรบัณฑิต สาขาวิชาเทคโนโลยีหัวใจและทรวงอก,Bachelor of Science Program in Cardio-Thoracic Technology (International Program),วิทยาศาสตรบัณฑิต (เทคโนโลยีหัวใจและทรวงอก),Bachelor of Science (Cardio-Thoracic Technology),วท.บ. (เทคโนโลยีหัวใจและทรวงอก),B.Sc. (Cardio-Thoracic Technology),ศูนย์รังสิต,หลักสูตรระดับปริญญาตรี 4 ปี,หลักสูตรปริญญาตรีทางวิชาชีพหรือปฏิบัติการ,จัดการศึกษาเป็นภาษาอังกฤษ,เป็นหลักสูตรของสถาบันโดยเฉพาะ,1,2566,"นักเทคโนโลยีหัวใจและทรวงอก,นักวิจัย นักวิชาการ,ผู้แทนหรือผู้ชำนาญเฉพาะทางด้านอุปกรณ์เครื่องมือแพทย์,อาจารย์,ศึกษาต่อในระดับบัณฑิตศึกษาในสาขาที่เกี่ยวข้องทั้งในและต่างประเทศ",โครงการพิเศษ,รับทั้งนักศึกษาไทยและนักศึกษาต่างชาติ,"เป็นผู้สำเร็จการศึกษาระดับชั้นมัธยมศึกษาปีที่ 6 หรือกำลังศึกษาในชั้นมัธยมศึกษาปีที่ 6 และจะสำเร็จการศึกษาชั้นมัธยมศึกษาตอนปลายในปีการศึกษานั้น ๆ ตามหลักสูตรกระทรวงศึกษาธิการและมีผลคะแนนวิชาคณิตศาสตร์ เคมี และชีววิทยา ตามประกาศมหาวิทยาลัยธรรมศาสตร์ เรื่อง การรับสมัครบุคคลเพื่อสอบคัดเลือกเข้าศึกษา หลักสูตรวิทยาศาสตรบัณฑิต สาขาวิชาเทคโนโลยีหัวใจและทรวงอก (หลักสูตรนานาชาติ) หรือ,เป็นผู้สำเร็จการศึกษาจากโรงเรียนนานาชาติ หรือกำลังศึกษาและจะสำเร็จการศึกษาใน ปีการศึกษานั้น ๆ ทั้งในประเทศและต่างประเทศที่ได้รับการเทียบความรู้ตามประกาศมหาวิทยาลัยธรรมศาสตร์ เรื่อง แนวทางการเทียบวุฒิการศึกษาเท่ากับชั้นมัธยมศึกษาตอนปลายของมหาวิทยาลัยธรรมศาสตร์ และมีผลคะแนนวิชาคณิตศาสตร์ เคมี และชีววิทยา ตามประกาศมหาวิทยาลัยธรรมศาสตร์ เรื่อง การรับสมัครบุคคลเพื่อสอบคัดเลือกเข้าศึกษา หลักสูตรวิทยาศาสตรบัณฑิต สาขาวิชาเทคโนโลยีหัวใจและทรวงอก (หลักสูตรนานาชาติ),ไม่เป็นนักศึกษาของมหาวิทยาลัยหรือสถาบันอุดมศึกษาอื่น เว้นแต่การศึกษาในมหาวิทยาลัยเปิดหรือการศึกษาหลักสูตรทางไกล (Online) ที่ได้รับปริญญา,ไม่เป็นผู้ป่วยหรืออยู่ในสภาวะที่จะเป็นอุปสรรคร้ายแรงต่อการศึกษา (ไม่มีตาบอดสีรุนแรงทั้งสองข้าง),ไม่เป็นผู้ประพฤติผิดศีลธรรมอันดีหรือมีพฤติกรรมเสื่อมเสียอย่างร้ายแรง,มีคะแนนสอบภาษาอังกฤษตามประกาศมหาวิทยาลัยธรรมศาสตร์ เรื่อง การรับสมัครบุคคลเพื่อสอบคัดเลือกเข้าศึกษา หลักสูตรวิทยาศาสตรบัณฑิต สาขาวิชาเทคโนโลยีหัวใจและทรวงอก (หลักสูตรนานาชาติ),คุณสมบัติของผู้เข้าศึกษาต้องเป็นไปตามประกาศมหาวิทยาลัยธรรมศาสตร์ เรื่อง การคัดเลือกบุคคลเข้าศึกษา ระดับปริญญาตรี เพื่อให้สอดคล้องกับนโยบายการรับสมัครและคัดเลือกบุคคลเข้าศึกษาของสมาคมที่ประชุมอธิการบดีแห่งประเทศไทย (ทปอ.)",16,วัน – เวลาราชการปกติ,แบบประสมประสาน (Hybrid),135,30,97,0,8,0,12,3,5,25,64,,,
ทัศนมาตรศาสตรบัณฑิต(นานาชาติ-ปรับปรุง66)-กมอ.1-68(1-68(8ม.ค.68),1LB7hixEL-lnNPoQ_5LslTdKVB8UXxdxK,1ndbCja02eg9yzQI2YyKeBI9qOnEhN6Hr,1,1,25650054002531,วิทยาลัยแพทยศาสตร์นานาชาติจุฬาภรณ์,หลักสูตรทัศนมาตรศาสตรบัณฑิต (หลักสูตรนานาชาติ),Doctor of Optometry Program (International Program),ทัศนมาตรศาสตรบัณฑิต,Doctor of Optometry,ทศ.บ.,O.D.,"ศูนย์รังสิต, ศูนย์พัทยา",หลักสูตรระดับปริญญาตรี 6 ปี,หลักสูตรปริญญาตรีทางวิชาการ,จัดการศึกษาเป็นภาษาอังกฤษ,เป็นหลักสูตรของสถาบันโดยเฉพาะ,1,2566,"นักทัศนมาตร ผู้ประกอบการอิสระ ธุรกิจ คลินิก/ร้าน แว่นตา,นักทัศนมาตรผู้ประกอบวิชาชีพที่เกี่ยวข้องกับสายตาและสุขภาพตาในสถานพยาบาลภาครัฐหรือภาคเอกชน,ผู้เชี่ยวชาญผลิตภัณฑ์ในบริษัทเลนส์ คอนแทคเลนส์ และเครื่องมือแพทย์ทางตา,อาจารย์ หรือพนักงานสายวิชาการ ในมหาวิทยาลัยวิทยาลัยหรือคณะที่เกี่ยวข้อง,นักทัศนวิทยาศาสตร์/นักวิทยาศาสตร์/นักวิจัย,นักวิชาการสาธารณสุข",โครงการพิเศษ,รับทั้งนักศึกษาไทยและนักศึกษาต่างชาติ,"เป็นผู้สำเร็จการศึกษาระดับมัธยมศึกษาตอนปลายหรือเทียบเท่าตามแนวทางการเทียบวุฒิการศึกษาตามประกาศมหาวิทยาลัยธรรมศาสตร์ เรื่องแนวทางการเทียบคุณวุฒิการศึกษา ทั้งในประเทศและต่างประเทศ โดยผ่านการเรียนในรายวิชาวิทยาศาสตร์ ชีว วิทยา เคมี ฟิสิกส์ และคณิตศาสตร์ หรืออยู่ในระหว่างการศึกษาชั้นปีสุดท้าย โดยหากผ่านการคัดเลือกและแจ้งความจำนงเข้าศึกษาแล้วแต่ไม่สำเร็จการศึกษาในชั้นมัธยมศึกษาตอนปลายก่อนวันขึ้นทะเบียนนักศึกษาใหม่จะถือว่าเป็นโมฆะ,ไม่เป็นผู้มีคุณสมบัติต้องห้ามในการขึ้นทะเบียนเป็นผู้ประกอบโรคศิลปะโดยอาศัยทัศนมาตรศาสตร์ หรือมีความผิดปกติที่เป็นอุปสรรคต่อการศึกษา เช่น ตาบอด หรือสายตาเลือนราทั้งข้างเดียวและสองตา หรือตาบอดสีตั้งแต่ระดับปานกลาง (moderate) ขึ้นไป มีค่าการรับรู้สามมิติ (Stereopsis) ไม่น้อยกว่า 40 secs of arc,เป็นผู้มีความประพฤติดีและรับรองต่อมหาวิทยาลัยว่า จะตั้งใจศึกษาเล่าเรียนเต็มความสามารถและจะปฏิบัติตามกฎระเบียบข้อบังคับของมหาวิทยาลัยที่มีอยู่แล้วหรือที่จะมีต่อไปโดยเคร่งครัดทุกประการ และจะต้องไม่เป็นผู้ที่ถูกลงโทษเนื่องจากการกระทำผิดหรือร่วมกระทำทุจริต ในการสอบ คัดเลือกบุคคลเข้าศึกษาในสถาบันอุดมศึกษาในช่วง 3 ปี ที่ผ่านมา,มีคุณสมบัติครบถ้วนและปฏิบัติตามเกณฑ์การรับเข้าศึกษาเป็นไปตามเกณฑ์การรับเข้าศึกษาของทปอ.,เกณฑ์การรับเข้าศึกษาหลักสูตรนานาชาติ ผู้เข้าศึกษาต้องมีผลทดสอบภาษาอังกฤษ TOEFL หรือ TU-GET หรือ IELTS วิชาสามัญ (ผลสอบ ต้องไม่เกิน 2 ปี นับถึงวันสมัคร) หรือเกณฑ์อื่นโดยมีผลคะแนนทดสอบภาษาอังกฤษเป็นไปตามประกาศเกณฑ์การรับเข้าศึกษา ที่วิทยาลัยแพทยศาสตร์นานาชาติจุฬาภรณ์ประกาศกำหนด",24,วัน – เวลาราชการปกติ,แบบประสมประสาน (Hybrid),203,30,167,0,6,6,1,5,85,9,64,,,"สอบผ่านและได้รับหน่วยกิตสะสมรายวิชาครบตามโครงสร้างหลักสูตร และมีหน่วยกิตสะสมไม่ต่ำกว่า 203 หน่วยกิต, ได้ค่าระดับเฉลี่ยสะสมไม่ต่ำกว่า 2.00 (จากระบบ 4 ระดับคะแนน), ผ่านเกณฑ์การสอบประมวลความรู้ก่อนจบการศึกษา (Comprehensive Examination) โดยได้คะแนนไม่ต่ำกว่า ร้อยละ 60, ให้ปฏิบัติตามเงื่อนไขอื่นๆ ที่วิทยาลัยแพทยศาสตร์นานาชาติจุฬาภรณ์และมหาวิทยาลัยธรรมศาสตร์กำหนด"
การแพทย์แผนจีนบัณฑิต66-กมอ.7-67,1WeLFX1K4_-qgwILF1Ap4p-w_3wSU2wRZ,1Oj3CAOggMKSqHo3pW2PaM6ZzoEv0_gnH,1,1,25600051100586,วิทยาลัยแพทยศาสตร์นานาชาติจุฬาภรณ์,หลักสูตรการแพทย์แผนจีนบัณฑิต (หลักสูตรนานาชาติ),Bachelor of Traditional Chinese Medicine Program (International Program),การแพทย์แผนจีนบัณฑิต,Bachelor of Traditional Chinese Medicine,พจ.บ.,B.CM.,"ศูนย์รังสิต, Chengdu University of Traditional Chinese Medicine สาธารณรัฐประชาชนจีน",หลักสูตรระดับปริญญาตรี 6 ปี,หลักสูตรปริญญาตรีทางวิชาชีพหรือปฏิบัติการ,จัดการศึกษาเป็นภาษาต่างประเทศ ภาษาจีนและภาษาอังกฤษ,เป็นหลักสูตรร่วมกับ Chengdu University of Traditional Chinese Medicine สาธารณรัฐประชาชนจีน,1,2566,"แพทย์แผนจีน, อาจารย์, เจ้าหน้าที่วิชาการในคณะแพทยศาสตร์หรือคณะวิทยาศาสตร์สุขภาพในภาครัฐและเอกชน, ประกอบธุรกิจทางด้านการแพทย์แผนจีน, นักวิชาการสาธารณสุข, นักวิจัยและนักวิทยาศาสตร์",โครงการพิเศษ,รับทั้งนักศึกษาไทยและนักศึกษาต่างชาติ,"เป็นผู้ที่มีอายุไม่เกิน 30 ปีบริบูรณ์ (นับถึงวันเปิดภาคการศึกษาที่ 1) และต้องไม่เป็นสัญชาติจีน, เป็นผู้สำเร็จการศึกษาระดับชั้นมัธยมศึกษาปีที่ 6 หรือกำลังศึกษาในชั้นมัธยมศึกษาปีที่ 6 และจะสำเร็จการศึกษาชั้นมัธยมศึกษาตอนปลายในปีการศึกษานี้ตามหลักสูตรกระทรวงศึกษาธิการ หรือเป็นผู้สำเร็จการศึกษาจากโรงเรียนนานาชาติ หรือกำลังศึกษาและจะสำเร็จการศึกษาในปีการศึกษานี้ ทั้งในประเทศและต่างประเทศที่ได้รับการเทียบความรู้ตามประกาศ เรื่อง แนวทางการเทียบวุฒิการศึกษาเท่ากับชั้นมัธยมศึกษาตอนปลายของมหาวิทยาลัยธรรมศาสตร์ พ.ศ. 2564, เกณฑ์การรับเข้านักศึกษาการแพทย์แผนจีนบัณฑิต ด้านภาษาต่างประเทศต้องมีคะแนนภาษาอังกฤษ และ/หรือ คะแนนภาษาจีนกลาง โดยแบ่งออกเป็น 4 กรณี ดังนี้ 3.1 ผู้สมัครมีผลคะแนนภาษาอังกฤษเป็นไปตามเกณฑ์การรับเข้าของหลักสูตรนานาชาติ วิทยาลัยแพทยศาสตร์นานาชาติจุฬาภรณ์ มหาวิทยาลัยธรรมศาสตร์ ดังนี้ TOEFL, TU-GET, IELTS, วิชาสามัญภาษาอังกฤษ, 3.2 ผู้สมัครมีผลคะแนนภาษาอังกฤษไม่เป็นไปตามเกณฑ์การรับเข้าของหลักสูตรนานาชาติ วิทยาลัยแพทยศาสตร์นานาชาติจุฬาภรณ์ มหาวิทยาลัยธรรมศาสตร์ แต่มีผลการเรียนเฉลี่ยรวมวิชาภาษาอังกฤษในชั้นมัธยมศึกษาตอนปลาย ไม่ต่ำกว่า 3.00 จะได้รับการพิจารณารับเข้าศึกษาแบบมีเงื่อนไข โดยจัดให้มีการพัฒนาภาษาอังกฤษเพิ่มเติมระหว่างการศึกษา และจะต้องมีคะแนนสอบภาษาอังกฤษอย่างใดอย่างหนึ่งไม่ต่ำกว่าเกณฑ์การรับเข้าของหลักสูตรนานาชาติ วิทยาลัยแพทยศาสตร์นานาชาติจุฬาภรณ์ แบบมีเงื่อนไขของมหาวิทยาลัยธรรมศาสตร์ ดังนี้ TOEFL, TU-GET, IELTS, วิชาสามัญภาษาอังกฤษ, 3.3 ผู้สมัครมีผลคะแนนภาษาอังกฤษเป็นไปตามเกณฑ์การรับเข้าของหลักสูตรนานาชาติ วิทยาลัยแพทยศาสตร์นานาชาติจุฬาภรณ์ มหาวิทยาลัยธรรมศาสตร์ และมีผลคะแนนภาษาจีนกลาง HSK ระดับ 4 ขึ้นไป เมื่อเข้าศึกษาจะไม่ต้องลงทะเบียนเรียนวิชา CMN 141 Fundamentals of Chinese, 3.4 ผู้สมัครมีผลคะแนนภาษาจีนกลาง HSK ระดับ 4 ขึ้นไป แต่ไม่มีผลคะแนนภาษาอังกฤษตามกรณีข้อ 3.1 และข้อ 3.2 จะได้รับพิจารณาเข้าศึกษาแบบมีเงื่อนไข โดยจัดให้มีการพัฒนาภาษาอังกฤษเพิ่มเติมระหว่างการศึกษา และจะต้องมีคะแนนสอบภาษาอังกฤษอย่างใดอย่างหนึ่งไม่ต่ำกว่าเกณฑ์การรับเข้าของหลักสูตรนานาชาติ วิทยาลัยแพทยศาสตร์นานาชาติจุฬาภรณ์ แบบมีเงื่อนไขของมหาวิทยาลัยธรรมศาสตร์ รวมถึงไม่ต้องลงทะเบียนเรียนวิชา CMN 141 Fundamentals of Chinese",24,วัน – เวลาราชการปกติ,แบบชั้นเรียน (Onsite),244,30,208,0,6,25,,5,85,14,64,"S(ใช้ได้),U(ใช้ไม่ได้),P(ผ่าน)",สป.อว.,"ได้ศึกษารายวิชาต่าง ๆ ครบตามโครงสร้างหลักสูตรและมีหน่วยกิตสะสมไม่ต่ำกว่า 244 หน่วยกิตและผ่านการฝึกงานจำนวนไม่ต่ำกว่า 1,200 ชั่วโมง,ได้ค่าระดับเฉลี่ยสะสมไม่ต่ำกว่า 2.00 (จากระบบ 4 ระดับคะแนน),ได้ค่าระดับ P (ผ่าน) ในการประเมินระดับความรู้ด้านภาษาจีนกลาง (HSK) ได้ระดับ 5,ได้ระดับค่า S (ใช้ได้) ในการสอบประมวลความรู้ (Comprehensive Examination),ต้องปฏิบัติตามเงื่อนไขอื่น ๆ ที่วิทยาลัยแพทยศาสตร์นานาชาติจุฬาภรณ์และมหาวิทยาลัยธรรมศาสตร์กำหนด,หลักสูตรการแพทย์แผนจีนบัณฑิต (หลักสูตรนานาชาติ) เป็นหลักสูตร 2 ปริญญา มีบันทึกข้อตกลงความร่วมมือทางวิชาการกับ Chengdu University of Traditional Chinese Medicine (CDUTCM) และรายวิชาที่นักศึกษาไปศึกษาที่ CDUTCM เป็นการเรียนตามที่กำหนดไว้ในโครงสร้างของหลักสูตร ถือเป็นส่วนหนึ่งของหลักสูตรภายใต้ มหาวิทยาลัยธรรมศาสตร์ ดังนั้น หากนักศึกษารายใดของหลักสูตรนี้ มีผลการเรียนเป็นไปตามเงื่อนไขที่ข้อบังคับมหาวิทยาลัยธรรมศาสตร์ ว่าด้วยการศึกษาระดับปริญญาตรี พ.ศ.2561 กำหนดไว้ ให้มีสิทธิ์ได้รับปริญญาเกียรตินิยมจากมหาวิทยาลัยธรรรมศาสตร์ ทั้งนี้ ผลการเรียนของทุกรายวิชาจาก CDUTCM จะนำมาคำนวณคะแนนเฉลี่ยสะสมตามหลักเกณฑ์ของ มหาวิทยาลัยธรรมศาสตร์"
ปริญญาตรี - ศศ.บ.ไทยศึกษา,1aUAaaJJkqvSN4JM4wuAK0L4KG1GsOEKA,1Rm5f4zhXi7EQK-vSBUqWjMTljk8iD7Sm,1,1,25590051100027,วิทยาลัยนานาชาติปรีดี พนมยงค์,หลักสูตรศิลปศาสตรบัณฑิต สาขาวิชาไทยศึกษา (หลักสูตรนานาชาติ),Bachelor of Arts Program in Thai Studies (International Program),ศิลปศาสตรบัณฑิต (ไทยศึกษา),Bachelor of Arts (Thai Studies),ศศ.บ. (ไทยศึกษา),B.A. (Thai Studies),ศูนย์รังสิต,หลักสูตรระดับปริญญาตรี 4 ปี,หลักสูตรปริญญาตรีทางวิชาการ,จัดการศึกษาเป็นภาษาอังกฤษ,เป็นหลักสูตรร่วมกับ School of Oriental and African Studies (SOAS) University of London,1,2566,"เจ้าหน้าที่ในหน่วยงานและองค์กร ทั้งภาครัฐ ภาคเอกชน สถานทูต และองค์กรระหว่างประเทศ โดยเฉพาะองค์กรที่เกี่ยวข้องกับอาเซียน, ผู้ประกอบการและบุคลากรในภาคเศรษฐกิจต่าง ๆ เช่น การท่องเที่ยว การบิน การตลาด สิ่งพิมพ์ สื่อสารมวลชน และการประชาสัมพันธ์, ครู/อาจารย์สอนไทยศึกษา ด้านเศรษฐกิจ การเมือง สังคมและวัฒนธรรม, นักแปล ล่าม นักเขียน",โครงการพิเศษ,รับทั้งนักศึกษาไทยและนักศึกษาต่างชาติ,"เป็นผู้สำเร็จการศึกษาชั้นมัธยมศึกษาตอนปลาย หรือเทียบเท่า, ผู้เข้าศึกษาต้องมีผลทดสอบภาษาอังกฤษ IELTS หรือ TOEFL หรือ TU-GET หรือ New SAT หรือ GSAT ผลสอบต้องไม่เกิน 2 ปี นับถึงวันสมัคร (ยกเว้นผู้สมัครเข้าศึกษาชาวต่างประเทศที่ใช้ภาษาอังกฤษเป็นภาษาหลักประจำชาติ ไม่ต้องมีผลคะแนนภาษาอังกฤษ)โดยมีผลทดสอบภาษาอังกฤษ ดังนี้ IELTS 6.0 คะแนนขึ้นไป หรือ TOEFL (Paper-based) 500 คะแนนขึ้นไป หรือ TOEFL (Internet-based) ไม่ต่ำกว่า61 คะแนน หรือ TU-GET (Paper-based) 500 คะแนนขึ้นไป หรือ TU-GET (Computer-based) ไม่ต่ำกว่า 61 คะแนน หรือ New SAT (Evidence-based reading and writing) 400 คะแนนขึ้นไป หรือ GSAT (Reading, Writing, and Language) 400 คะแนนขึ้นไป, ในกรณีผู้สมัครเข้าศึกษามีคะแนนสอบภาษาอังกฤษไม่เป็นไปตามเกณฑ์ที่มหาวิทยาลัยกำหนด แต่มีคุณสมบัติอื่น ๆ ดี เช่น ผลการเรียนระดับดีมาก มีผลงานวิจัยที่ได้รับ การตีพิมพ์เผยแพร่ระดับนานาชาติ เป็นต้น ให้คณะ/หน่วยงานสามารถรับเข้าศึกษาแบบมีเงื่อนไขได้ โดยต้องมีคะแนนสอบภาษาอังกฤษไม่ต่ำกว่าเกณฑ์ ดังนี้ IELTS 4.5 คะแนนขึ้นไป หรือ TOEFL (Paper-based) 400 คะแนนขึ้นไป หรือ TOEFL (Internet-based) ไม่ต่ำกว่า 32 คะแนน หรือ TU-GET (Paper-based) 400 คะแนนขึ้นไป หรือ TU-GET (Computer-based) ไม่ต่ำกว่า 32 คะแนน",16,วัน – เวลาราชการปกติ,แบบชั้นเรียน (Onsite),129,30,75,18,6,9,2,5,17,23,19,,AUN-QA,"ได้ศึกษารายวิชาต่าง ๆ ครบตามโครงสร้างหลักสูตร และมีหน่วยกิตสะสมไม่ต่ำกว่า 129 หน่วยกิต,ได้ค่าระดับเฉลี่ยสะสมไม่ต่ำกว่า 2.00 (จากระบบ 4 ระดับคะแนน) และได้ขึ้นทะเบียนเป็นนักศึกษามาแล้วไม่น้อยกว่า 7 ภาคการศึกษาปกติ,ต้องปฏิบัติตามเงื่อนไขอื่น ๆ ที่วิทยาลัยกำหนด และเป็นไปตามข้อบังคับของ มหาวิทยาลัยธรรมศาสตร์ ว่าด้วยการศึกษาชั้นปริญญาตรี พ.ศ. 2561,ต้องปฏิบัติตามเงื่อนไขอื่น ๆ ที่ School of Oriental and African Studies (SOAS) University of London กำหนด"
ปริญญาตรี - ศศ.บ.จีนศึกษา,14kz99PRSYEVq55rfAOaOOH-ieuWa0ilO,1q3jblb8uHlN9EAd3MRjihi6KhoUDzmxb,1,1,25510051102206,วิทยาลัยนานาชาติปรีดี พนมยงค์,หลักสูตรศิลปศาสตรบัณฑิต สาขาวิชาจีนศึกษา (หลักสูตรนานาชาติ),Bachelor of Arts Program in Chinese Studies (International Program),ศิลปศาสตรบัณฑิต (จีนศึกษา),Bachelor of Arts (Chinese Studies),ศศ.บ. (จีนศึกษา),B.A. (Chinese Studies),ศูนย์ท่าพระจันทร์,หลักสูตรระดับปริญญาตรี 4 ปี,หลักสูตรปริญญาตรีทางวิชาการ,จัดการศึกษาเป็นภาษาอังกฤษ,เป็นหลักสูตรที่ร่วมมือกับมหาวิทยาลัยชั้นนำในประเทศจีน ในด้านการร่วมพัฒนาหลักสูตรความร่วมมือทางวิชาการ และการส่งนักศึกษาไปเรียนที่ประเทศจีนเป็นเวลาอย่างน้อยหนึ่งภาคการศึกษา ซึ่งมหาวิทยาลัยที่ร่วมมือกัน ได้แก่ มหาวิทยาลัยปักกิ่ง มหาวิทยาลัยฟูตั้น มหาวิทยาลัยภาษาต่างประเทศเซี่ยงไฮ้ และมหาวิทยาลัยซานตง,1,2566,"เจ้าหน้าที่ในหน่วยงานและองค์กรที่ใช้ภาษาจีนทั้งภาครัฐ ภาคเอกชน สถานทูต และองค์กรระหว่างประเทศ,พนักงานและผู้ประกอบการในสายงานด้านต่าง ๆ เช่น ธุรกิจการท่องเที่ยว การโรงแรม การบิน สิ่งพิมพ์ สื่อสารมวลชน การตลาดและการประชาสัมพันธ์,ครู อาจารย์ผู้สอนภาษาจีน,นักแปล ล่าม นักเขียน คอลัมนิสต์",โครงการพิเศษ,รับทั้งนักศึกษาไทยและนักศึกษาต่างชาติ,"เป็นผู้สำเร็จการศึกษาชั้นมัธยมศึกษาตอนปลาย หรือเทียบเท่า,มีคะแนนสอบภาษาอังกฤษ อย่างใดอย่างหนึ่งต่อไปนี้ ซึ่งมีอายุไม่เกิน 2 ปี นับจนถึงวันที่ยื่นใบสมัคร ผู้สมัครเข้าศึกษาชาวต่างชาติที่ใช้ภาษาอังกฤษเป็นภาษาหลักประจำชาติไม่ต้องมีผลคะแนนภาษาอังกฤษ,กรณีผู้สมัครเข้าศึกษามีคะแนนสอบภาษาอังกฤษไม่เป็นไปตามเกณฑ์ข้างต้น แต่มีคะแนนสอบภาษาอังกฤษไม่ต่ำกว่าเกณฑ์ ดังนี้,ผลคะแนนสอบภาษาจีน",16,วัน – เวลาราชการปกติ,แบบชั้นเรียน (Onsite),129,30,75,18,6,2,17,5,17,23,19,,"AUN-QA,สป.อว.","สอบผ่านและได้รับหน่วยกิตสะสมรายวิชาครบตามโครงสร้างหลักสูตรและมีหน่วยกิตสะสมตามโครงสร้างหลักสูตร,ได้ค่าระดับเฉลี่ยสะสมไม่ต่ำกว่า 2.00 (จากระบบ 4 ระดับคะแนน) รายละเอียดอื่น ๆ ให้เป็นไปตามข้อบังคับของมหาวิทยาลัยธรรมศาสตร์ ว่าด้วยการศึกษาชั้นปริญญาตรี พ.ศ. 2561,ต้องปฏิบัติตามเงื่อนไขอื่น ๆ ที่วิทยาลัยนานาชาติปรีดี พนมยงค์ และมหาวิทยาลัยธรรมศาสตร์ กำหนด"
วารสารศาสตรบัณฑิต สื่อศึกษา (นานาชาติ) (ปรับปรุง 2566),1vtx5Gkf-MyWqWRamIn4kp7HJaa7wPCyD,1Ilv6_ptkZI4GFqFV0EK5HchcF4VlHLZD,1,1,25490051100461,คณะวารสารศาสตร์และสื่อสารมวลชน,หลักสูตรวารสารศาสตรบัณฑิต สาขาวิชาสื่อศึกษา (หลักสูตรนานาชาติ),Bachelor of Arts Program in Journalism (Media Studies) (International Program),วารสารศาสตรบัณฑิต (สื่อศึกษา),Bachelor of Arts (Media Studies),ว.บ. (สื่อศึกษา),B.A. (Media Studies),ศูนย์ท่าพระจันทร์,หลักสูตรระดับปริญญาตรี 4 ปี,หลักสูตรปริญญาตรีทางวิชาการ,จัดการศึกษาเป็นภาษาอังกฤษ,เป็นหลักสูตรของสถาบันโดยเฉพาะ,1,2566,"นักวารสารศาสตร์ (ผู้สื่อข่าว,นักเขียน,นักวิจารณ์, นักวิเคราะห์, นักสร้างสรรค์เนื้อหา),บรรณาธิการและกองบรรณาธิการข่าว,ผู้ผลิตสื่อ ผู้ประกอบการสื่อ,นักการสื่อสารที่สามารถทำงานให้องค์กรต่างๆ เช่น องค์กรภาครัฐ ภาคเอกเชน NGO และ องค์กรระหว่างประเทศ",โครงการพิเศษ,รับทั้งนักศึกษาไทยและนักศึกษาต่างชาติ,"สำเร็จการศึกษาไม่ต่ำกว่าชั้นมัธยมศึกษาตอนปลายหรือเทียบเท่า,ไม่เป็นนักศึกษาของมหาวิทยาลัยหรือสถาบันอุดมศึกษาอื่น เว้นแต่การศึกษาในมหาวิทยาลัยเปิด หรือการศึกษาหลักสูตรทางไกล (Online) ที่ได้รับปริญญา,ไม่เป็นผู้ป่วยหรืออยู่ในสภาวะที่จะเป็นอุปสรรคร้ายแรงต่อการศึกษา,ไม่เป็นผู้ประพฤติผิดศีลธรรมอันดีหรือมีพฤติกรรมเสื่อมเสียอย่างร้ายแรง,กรณีสำเร็จการศึกษาจากโรงเรียนในสายสามัญหรือเทียบเท่า จะต้องมีผลการเรียนเฉลี่ยสะสม (GPAX) ไม่ต่ำกว่า 2.50,กรณีสำเร็จการศึกษาจากสถาบันการศึกษาในต่างประเทศ หรือโรงเรียนนานาชาติในประเทศไทย ต้องส่งหลักฐานการศึกษาให้คณะพิจารณา ตามเกณฑ์การเทียบคุณวุฒิที่กระทรวงศึกษาธิการประกาศไว้ กรณีโรงเรียนนานาชาติในประเทศ โรงเรียนจะต้องได้รับการรับรองจากกระทรวงศึกษาธิการ และต้องมีผลการเรียนเฉลี่ยสะสมไม่ต่ำกว่า 2.50,กรณีสำเร็จการศึกษาเทียบเท่า ม.ปลาย ต้องมีผลสอบอย่างใดอย่างหนึ่ง ดังนี้ ผู้สมัครมีผลสอบระดับ GCE “A” Level จำนวน 3 วิชา เกรด A*-E หรือผลการสอบ Cambridge Pre-U จำนวนอย่างน้อย 3 วิชา เกรด M1 หรือ D1-D3,ผู้สมัครที่สอบ GED ก่อนเดือนพฤษภาคม พ.ศ. 2560 มีผลสอบ GED 5 รายวิชา มีคะแนนรวมไม่น้อยกว่า 2,250 คะแนน และแต่ละวิชาต้องได้อย่างน้อย 410 คะแนน,ผู้สมัครที่สอบ GED ตั้งแต่เดือนพฤษภาคม พ.ศ. 2560 ถึง 31 กรกฎาคม 2563 มีผลสอบ GED 4 รายวิชา โดยแต่ละวิชามีคะแนนอย่างน้อย 145 คะแนน,ผู้สมัครที่สอบ GED ตั้งแต่วันที่ 1 สิงหาคม 2563 เป็นต้นไป มีผลการสอบ GED 4 รายวิชา โดยแต่ละวิชามีคะแนนอย่างน้อย 145 คะแนน และมีคะแนนรวมไม่น้อยกว่า 660 คะแนน,ผู้สมัครที่สอบผ่านวิชา New Zealand National Certificate of Educational Achievement (NCEA) ซึ่งอยู่ในความดูแลของ New Zealand Qualifications Authority (NZQA) จำนวนไม่น้อยกว่า 80 หน่วยกิต ประกอบด้วย วิชาใน level 2 หรือสูงกว่าจำนวนไม่น้อยกว่า 60 หน่วยกิต และ วิชาใน level 1 หรือสูงกว่าจำนวนไม่น้อยกว่า 20 หน่วยกิต การพิจารณาให้นับวิชา English for Speaker of other Languages (ESOL) เป็นอีก 1 วิชาได้ด้วย ผู้จบการศึกษาจะต้องได้รับประกาศนียบัตร NCEA level 2 ใบแสดงผลการสอบ (Record of Achievement) หนังสือรับรองระดับ จำนวนวิชา และจำนวนหน่วยกิตของแต่ละวิชาจาก New Zealand Qualifications Authority (NZQA) ทั้งนี้ การพิจารณาตามเกณฑ์ข้อที่ 2.3.1 ให้มีผลสำหรับผู้จบการศึกษาในระดับมัธยมศึกษาตอนปลายของประเทศนิวซีแลนด์ตั้งแต่ปีการศึกษา 2553 เป็นต้นไป หรือ ผู้สมัครที่สอบผ่านวิชา New Zealand National Certificate of Educational Achievement (NCEA) ซึ่งอยู่ในความดูแลของ New Zealand Qualifications Authority (NZQA) ใน level 2 หรือสูงกว่า อย่างน้อย 5 วิชา ไม่ซ้ำกัน นับจำนวนรวมไม่น้อยกว่า 60 หน่วยกิต ประกอบด้วยวิชาบังคับ 2 วิชา ได้แก่ English (literacy) ใน level 2 หรือสูงกว่า อย่างน้อย 4 หน่วยกิต Mathematics (numeracy) ใน level 2 หรือสูงกว่า อย่างน้อย 4 หน่วยกิต การพิจารณาไม่นับรวมวิชา English for Speaker of other Languages (ESOL) ผู้จบการศึกษาจะต้องได้รับใบแสดงผลการสอบ (Record of Achievement) และ หนังสือรับรองระดับ จำนวนวิชา และจำนวนหน่วยกิตของแต่ละวิชาจาก New Zealand Qualifications Authority (NZQA) ทั้งนี้ การพิจารณาตามเกณฑ์ข้อที่ 2.3.2 ให้มีผลสำหรับผู้จบการศึกษาในระดับมัธยมศึกษาตอนปลายของประเทศนิวซีแลนด์ตั้งแต่ปีการศึกษา 2552 เป็นต้นไป,ผู้สมัครจะต้องได้รับประกาศนียบัตรระดับมัธยมศึกษาตอนปลายจากโรงเรียน (High School Diploma) และ/หรือ ได้รับ IB Diploma และ/หรือ IB DP Course Result ดังนี้ ผู้สมัครที่สำเร็จการศึกษาจากต่างประเทศ จะต้องได้รับ IB Diploma กล่าวคือ เป็นผู้มีคะแนนรวมจาก 5 หมวดวิชา และอีก 1 วิชาเลือก ไม่ต่ำกว่า 24 คะแนน พร้อมกับผ่านการประเมิน Extended Essay (EE), Theory of Knowledge (TOK) และ Creativity, Action & Service (CAS) ตามเกณฑ์ของ International Baccalaureate Organisation (IBO) หรือ ได้รับ IB Diploma Course Results (IBCR) อย่างน้อย 5 วิชา โดยแต่ละวิชาจะต้องไม่ซ้ำกัน และได้ผลการเรียนในแต่ละวิชา ไม่น้อยกว่าเกรด 3,ตรวจสอบการเทียบวุฒิต่างประเทศ จากประกาศกระทรวงศึกษาธิการ เรื่อง การเทียบวุฒิความรู้วุฒิต่างประเทศ ประกาศ ณ วันที่ 18 มกราคม 2545,มีผลคะแนนมาตรฐานภาษาอังกฤษอย่างใดอย่างหนึ่ง ดังต่อไปนี้ TOEFL ไม่ต่ำกว่า 65 คะแนน (Internet-based) หรือ IELTS (Academic) ผลคะแนนเฉลี่ยรวม ไม่ต่ำกว่า 6.0 หรือ TU-GET ไม่ต่ำกว่า 500 คะแนน (PBT) หรือ ไม่ต่ำกว่า 74 คะแนน (CBT) หรือ New SAT ไม่ต่ำกว่า คะแนน 400 (Evidence Based Reading and Writing) ทั้งนี้ต้องไม่เกิน 2 ปี นับจากวันที่สอบ ถึง วันที่ขึ้นทะเบียนเป็นนักศึกษา",14,วัน – เวลาราชการปกติ,แบบชั้นเรียน (Onsite),129,30,93,18,6,5,6,5,5,0,6,,AUN-QA,"บรรลุผลลัพธ์การเรียนรู้ตามมาตรฐานคุณวุฒิระดับปริญญาตรี,สอบผ่านและได้รับหน่วยกิตสะสมรายวิชาครบตามโครงสร้างหลักสูตร,ได้ค่าระดับเฉลี่ยสะสมไม่ต่ำกว่า 2.00 (จากระบบ 4 ระดับคะแนน),ได้ระดับคะแนนไม่ต่ำกว่า C ในวิชา JM 200 JM 201 JM 210 JM 211 และ JM 300,ต้องปฏิบัติตามเงื่อนไขอื่นๆ ที่คณะวารสารศาสตร์และสื่อสารมวลชนและมหาวิทยาลัยธรรมศาสตร์กำหนด"
วารสารศาสตรบัณฑิต (ปรับปรุง 2566),1YndtZ8-qYyQDaoejXU5TUP5GGO8vs6DC,15qdkfv_hkUbpqVM1Rsha8vKer-lAgR73,1,1,25400051100101,คณะวารสารศาสตร์และสื่อสารมวลชน,หลักสูตรวารสารศาสตรบัณฑิต,Bachelor of Arts Program in Journalism,วารสารศาสตรบัณฑิต,Bachelor of Arts,ว.บ.,B.A.,ศูนย์รังสิต,หลักสูตรระดับปริญญาตรี 4 ปี,หลักสูตรปริญญาตรีทางวิชาการ,จัดการศึกษาเป็นภาษาไทย,เป็นหลักสูตรของสถาบันโดยเฉพาะ,1,2566,"นักข่าว,นักเขียน,นักวิจารณ์,นักสร้างสรรค์เนื้อหา,งานบรรณาธิการ,การพิมพ์,การออกแบบสิ่งพิมพ์,ผู้ผลิตรายการ,ผู้ผลิตเนื้อหาสำหรับสื่อวิทยุ,โทรทัศน์ดิจิทัล,สตรีมมิ่ง,เจ้าหน้าที่ด้านสื่อสารในองค์กรของรัฐและเอกชน,เจ้าของธุรกิจที่เกี่ยวข้องกับสื่อขนาดเล็กและผู้ประกอบการสังคมด้านงานสื่อและการสื่อสาร,นักโฆษณา,นักสื่อสารการตลาด,นักวิจัยโฆษณา,นักบริหารตราสินค้า,นักออกแบบ,ผลิตงานโฆษณา,นักวางแผนกิจกรรมพิเศษทางการตลาด,ช่างภาพ,ผู้กำกับภาพยนตร์,ผู้ช่วยผู้กำกับภาพยนตร์,ประสานงานกองถ่ายภาพยนตร์,ผู้เขียนบทภาพยนตร์,รายการ,ละคร,ผู้ออกแบบแสง,กราฟฟิก,ฉาก,ลำดับภาพ,ตกแต่งภาพ",โครงการปกติ,รับทั้งนักศึกษาไทยและนักศึกษาต่างชาติ,"สำเร็จการศึกษาไม่ต่ำกว่าชั้นมัธยมศึกษาตอนปลายหรือเทียบเท่า,ไม่เป็นนักศึกษาของมหาวิทยาลัยหรือสถาบันอุดมศึกษาอื่น เว้นแต่การศึกษาในมหาวิทยาลัยเปิด หรือการศึกษาหลักสูตรทางไกล (Online) ที่ได้รับปริญญา,ไม่เป็นผู้ป่วยหรืออยู่ในสภาวะที่จะเป็นอุปสรรคร้ายแรงต่อการศึกษา,ไม่เป็นผู้ประพฤติผิดศีลธรรมอันดีหรือมีพฤติกรรมเสื่อมเสียอย่างร้ายแรง",16,"วัน - เวลาราชการปกติ,นอกวัน - เวลาราชการ",แบบชั้นเรียน (Onsite),129,30,93,15,6,23,12,42,42,11,49,,AUN-QA,"บรรลุผลลัพธ์การเรียนรู้ตามมาตรฐานคุณวุฒิระดับปริญญาตรี,สอบผ่านและได้รับหน่วยกิตสะสมรายวิชาครบตามโครงสร้างหลักสูตร จำนวน ไมน้อยกว่า 129 หน่วยกิต,ได้ค่าระดับเฉลี่ยสะสมไม่ต่ำกว่า 2.00 (จากระบบ 4 ระดับคะแนน),ต้องปฏิบัติตามเงื่อนไขอื่นๆ ที่คณะวารสารศาสตร์และสื่อสารมวลชนและมหาวิทยาลัยธรรมศาสตร์กำหนด,ต้องได้ค่าระดับไม่ต่ำกว่า C ในวิชา วส.200/วส.201/วส.300/วส.490 หรือ วส.491 และศึกษาในรายวิชาพื้นฐานของกลุ่มวิชาเอกได้ค่าระดับไม่ต่ำกว่า C ดังนี้ กลุ่มวิชาวารสารศาสตร์ วิชา วส.210 กลุ่มวิชาบริหารการสื่อสาร วิชา วส.220 กลุ่มวิชาวิทยุโทรทัศน์และสื่อดิจิทัล วิชา วส.230 กลุ่มวิชาสื่อสารองค์กร วิชา วส.250 กลุ่มวิชาโฆษณา วิชา วส.260 กลุ่มวิชาภาพยนตร์และภาพถ่าย วิชา วส.270"
2.แพทยศาสตรบัณฑิต (หลักสูตรภาษาอังกฤษ-หลักสูตรปรับปรุง พ.ศ. 2568),1jJzLUnwXgHQkIAnxCPMtB_5DuFGFVowl,1JIDs_Q-zWAu5Raj3Vk3nFFRrnVJ88rwQ,1,1,25560051102843,คณะแพทยศาสตร์,หลักสูตรแพทยศาสตรบัณฑิต (หลักสูตรภาษาอังกฤษ),Doctor of Medicine Program (English Program),"แพทยศาสตรบัณฑิต, วิทยาศาสตรบัณฑิต (วิทยาศาสตร์การแพทย์)","Doctor of Medicine, Bachelor of Science (Medical Science)","พ.บ., วท.บ. (วิทยาศาสตร์การแพทย์)","M.D., B.Sc. (Medical Science)",ศูนย์รังสิต,หลักสูตรระดับปริญญาตรี 6 ปี,หลักสูตรปริญญาตรีทางวิชาการ,จัดการศึกษาเป็นภาษาอังกฤษ,เป็นหลักสูตรของสถาบันโดยเฉพาะ,1,2568,"แพทย์ในสถานพยาบาลของรัฐและเอกชน, อาจารย์ในคณะแพทยศาสตร์ หรือคณะสายวิทยาศาสตร์สุขภาพในภาครัฐและเอกชน, นักวิจัย",โครงการปกติ,รับเฉพาะนักศึกษาไทย,"เป็นผู้สำเร็จการศึกษาชั้นมัธยมศึกษาปีที่ 6 หรือเทียบเท่า ตามหลักสูตรกระทรวงศึกษาธิการ ต้องมีคุณสมบัติเป็นผู้ที่สำเร็จการศึกษาไม่ต่ำกว่าระดับชั้นมัธยมศึกษาตอนปลายหรือเทียบเท่า โดยต้องไม่เป็นนักศึกษาของมหาวิทยาลัยหรือสถาบันอุดมศึกษาอื่น เว้นแต่การศึกษาในมหาวิทยาลัยเปิด หรือการศึกษาหลักสูตรทางไกล (online) ที่ได้รับปริญญา หรือ, เป็นผู้สำเร็จการศึกษาจากโรงเรียนนานาชาติทั้งในประเทศหรือต่างประเทศ ในระดับ Grade 12 ตามระบบการศึกษาของอเมริกา หรือ Year 13 ตามระบบการศึกษาของอังกฤษ, เป็นผู้มีความประพฤติดี ไม่ประพฤติผิดศีลธรรมอันดี หรือมีพฤติกรรมเสื่อมเสียอย่างร้ายแรง, เป็นผู้มีสุขภาพสมบูรณ์ทั้งร่างกายและจิตใจ ไม่เจ็บป่วยหรือเป็นโรคติดต่อร้ายแรง หรืออยู่ในสภาวะที่จะเป็นอุปสรรคร้ายแรงต่อการศึกษา, มีคุณสมบัติอื่นครบถ้วนตามที่มหาวิทยาลัยกำหนด",24,"วัน - เวลาราชการปกติ,นอกวัน - เวลาราชการ",แบบชั้นเรียน (Onsite),244,24,213,12,7,99,4,10,202,0,276,"S(ใช้ได้),U(ใช้ไม่ได้)",WFME,"นักศึกษาได้ศึกษารายวิชาต่างๆ ครบตามโครงสร้างหลักสูตร และมีหน่วยกิตสะสมไม่ต่ำกว่า 244 หน่วยกิต,ได้ขึ้นทะเบียนเป็นนักศึกษามาแล้วไม่น้อยกว่าสิบสองภาคการศึกษา,บรรลุผลลัพธ์การเรียนรู้ตามมาตรฐานคุณวุฒิระดับปริญญาตรี,ได้ค่าระดับเฉลี่ยสะสมไม่ต่ำกว่า 2.00,ไม่มีรายวิชาใด ได้ค่าระดับการเรียน F หรือ ได้ระดับ U (ใช้ไม่ได้),การสอบประมวลวิชาเวชศาสตร์ 1 และการสอบประมวลวิชาเวชศาสตร์ 2 ได้ค่าระดับ S (ใช้ได้),ต้องปฏิบัติตามเงื่อนไขอื่นๆ ที่คณะแพทยศาสตร์และมหาวิทยาลัยธรรมศาสตร์กำหนด,นักศึกษาที่ศึกษามาแล้วไม่ต่ำกว่า 120 หน่วยกิต ในหลักสูตรแพทยศาสตรบัณฑิต (ระยะเวลาการศึกษาเป็นหลักสูตรแบบศึกษาเต็มเวลา) โดยใช้ระยะเวลาการศึกษาตลอดหลักสูตรอย่างน้อย 7 ภาคการศึกษาปกติ และอย่างมากไม่เกิน 16 ภาคการศึกษาปกติ และไม่มีความประสงค์ที่จะสำเร็จการศึกษาเพื่อรับปริญญาแพทยศาสตรบัณฑิต สามารถขอรับปริญญาวิทยาศาสตรบัณฑิต สาขาวิชาวิทยาศาสตร์การแพทย์ แทนได้"
1.แพทยศาสตรบัณฑิต (หลักสูตรปรับปรุง พ.ศ.2568),1oljPrlR1563_V564ZC-b84hABoSrLh22,1ykT5eGUG_8-UZf0ZHyut1ouVPubo9eTN,1,1,25340051100025,คณะแพทยศาสตร์,หลักสูตรแพทยศาสตรบัณฑิต,Doctor of Medicine Program,แพทยศาสตรบัณฑิต,Doctor of Medicine,พ.บ.,M.D.,"ศูนย์รังสิต,โรงพยาบาลธรรมศาสตร์เฉลิมพระเกียรติ จังหวัดปทุมธานี,โรงพยาบาลสระบุรี จังหวัดสระบุรี,โรงพยาบาลสุราษฎร์ธานี จังหวัดสุราษฎร์ธานี,โรงพยาบาลชุมพรเขตรอุดมศักดิ์ จังหวัดชุมพร,โรงพยาบาลพุทธโสธร จังหวัดฉะเชิงเทรา,โรงพยาบาลพระนครศรีอยุธยา จังหวัดพระนครศรีอยุธยา",หลักสูตรระดับปริญญาตรี 6 ปี,หลักสูตรปริญญาตรีทางวิชาชีพหรือปฏิบัติการ,จัดการศึกษาเป็นภาษาไทย,เป็นหลักสูตรของสถาบันโดยเฉพาะ,1,2568,"แพทย์ในสถานพยาบาลของรัฐและเอกชน,อาจารย์ในคณะแพทยศาสตร์ หรือคณะสายวิทยาศาสตร์สุขภาพในภาครัฐและเอกชน,นักวิจัย",โครงการปกติ,รับเฉพาะนักศึกษาไทย,"คุณสมบัติการสำเร็จการศึกษา มีแผนการรับนักศึกษาเป็น 2 กลุ่มได้แก่ กลุ่มที่ 1 รับผู้สำเร็จการศึกษาชั้นมัธยมศึกษาปีที่ 6 หรือเทียบเท่า จะต้องมีคุณสมบัติเป็นผู้ที่สำเร็จการศึกษาไม่ต่ำกว่าระดับชั้นมัธยมศึกษาตอนปลายหรือเทียบเท่า โดยต้องไม่เป็นนักศึกษาของมหาวิทยาลัยหรือสถาบันอุดมศึกษาอื่น เว้นแต่การศึกษาในมหาวิทยาลัยเปิดหรือการศึกษาหลักสูตรทางไกล (online) ที่ได้รับปริญญา,กลุ่มที่ 2 รับผู้สำเร็จการศึกษาระดับปริญญาตรี จะต้องมีคุณสมบัติดังนี้ - อาจารย์ที่มีหน้าที่สอนในชั้นพรีคลินิกในหลักสูตรแพทยศาสตรบัณฑิต ที่มหาวิทยาลัยของรัฐหรือในกำกับของรัฐส่งมาศึกษา หรือ - อาจารย์ที่มีหน้าที่สอนในหลักสูตรทันตแพทยศาสตรบัณฑิต หรือทันตแพทย์ที่มีหน้าที่สอนหรือให้บริการด้านสาขาศัลยศาสตร์ช่องปากและแม็กซิลโลเฟเชียล ที่มหาวิทยาลัยของรัฐหรือในกำกับของรัฐส่งมาศึกษา หรือทันตแพทย์ที่ราชวิทยาลัยทันตแพทย์แห่งประเทศไทยส่งมาศึกษาเป็นโครงการพิเศษ ทั้งนี้จำนวนที่จะรับเข้าศึกษาในกลุ่มที่ 2 กำหนดไว้ไม่เกิน ปีละ 3 คน โดยนักศึกษากลุ่มนี้จะได้รับการยกเว้นไม่ต้องศึกษารายวิชาในระยะที่ 1 (วิชาศึกษาทั่วไปและวิชาเลือกเสรี),เป็นผู้มีความประพฤติดี ไม่ประพฤติผิดศีลธรรมอันดีหรือมีพฤติกรรมเสื่อมเสียอย่างร้ายแรง,เป็นผู้มีสุขภาพสมบูรณ์ทั้งร่างกายและจิตใจ ไม่เจ็บป่วยหรือเป็นโรคติดต่อร้ายแรง หรืออยู่ในสภาวะที่จะเป็นอุปสรรคร้ายแรงต่อการศึกษา,มีคุณสมบัติอื่นครบถ้วนตามที่มหาวิทยาลัยกำหนด",12,"วัน - เวลาราชการปกติ,นอกวัน - เวลาราชการ",ระบบการศึกษาเป็นหน่วยการเรียน (Block),244,24,213,12,7,59,2,5,312,0,276,"S(ใช้ได้),U(ใช้ไม่ได้)","WFME,EdPEX","นักศึกษาได้ศึกษารายวิชาต่างๆ ครบตามโครงสร้างหลักสูตร และมีหน่วยกิตสะสมไม่ต่ำกว่า 244 หน่วยกิต,ได้ขึ้นทะเบียนเป็นนักศึกษามาแล้วไม่น้อยกว่าสิบสองภาคการศึกษา สำหรับผู้ที่ต้องศึกษารายวิชา ระยะที่ 1 หรือสิบภาคการศึกษา สำหรับผู้ที่ได้รับการยกเว้นไม่ต้องศึกษารายวิชาระยะที่ 1,บรรลุผลลัพธ์การเรียนรู้ตามมาตรฐานคุณวุฒิระดับปริญญาตรี,ได้ค่าระดับเฉลี่ยสะสมไม่ต่ำกว่า 2.00,ไม่มีรายวิชาใด ได้ค่าระดับการเรียน F หรือ ได้ระดับ U (ใช้ไม่ได้),การสอบประมวลวิชาเวชศาสตร์ 1 และการสอบประมวลวิชาเวชศาสตร์ 2 ได้ค่าระดับ S (ใช้ได้),ต้องปฏิบัติตามเงื่อนไขอื่นๆ ที่คณะแพทยศาสตร์และมหาวิทยาลัยธรรมศาสตร์กำหนด,นักศึกษาที่ศึกษามาแล้วไม่ต่ำกว่า 120 หน่วยกิต ในหลักสูตรแพทยศาสตรบัณฑิต (ระยะเวลาการศึกษา เป็นหลักสูตรแบบศึกษาเต็มเวลา) โดยใช้ระยะเวลาการศึกษาตลอดหลักสูตรอย่างน้อย 7 ภาคการศึกษาปกติ และอย่าง มากไม่เกิน 16 ภาคการศึกษาปกติ และไม่มีความประสงค์ที่จะสำเร็จการศึกษาเพื่อรับปริญญาแพทยศาสตรบัณฑิต สามารถขอรับปริญญาวิทยาศาสตรบัณฑิต สาขาวิชาวิทยาศาสตร์การแพทย์ แทนได้"
4.การแพทย์แผนไทยประยุกต์บัณฑิต (หลักสูตรใหม่ พ.ศ.2569) ศูนย์ลำปาง,1czInVZv9jZU9F834BJAuGX6U3oKNxe4v,1I9qBUchBydejWwGgbkpC-IdZFvfg61G-,1,1,,คณะแพทยศาสตร์,หลักสูตรการแพทย์แผนไทยประยุกต์บัณฑิต (ศูนย์ลำปาง),Bachelor of Applied Thai Traditional Medicine Program,การแพทย์แผนไทยประยุกต์บัณฑิต,Bachelor of Applied Thai Traditional Medicine,พทป.บ.,B.ATM.,ศูนย์ลำปาง,หลักสูตรระดับปริญญาตรี 4 ปี,หลักสูตรปริญญาตรีทางวิชาชีพหรือปฏิบัติการ,จัดการศึกษาเป็นภาษาไทย,เป็นหลักสูตรของสถาบันโดยเฉพาะ,1,2569,"แพทย์แผนไทยในสถานพยาบาลทุกระดับ,อาจารย์/นักวิชาการ/นักวิจัยทางด้านการแพทย์แผนไทยประยุกต์ในสถาบันการศึกษาที่เปิดสอนหลักสูตรการแพทย์แผนไทยประยุกต์บัณฑิตหรือองค์กรอื่น,ประกอบวิชาชีพการแพทย์แผนไทยประยุกต์ โดยการเปิดคลินิก",โครงการปกติ,รับเฉพาะนักศึกษาไทย,"สำเร็จการศึกษาไม่ต่ำกว่าระดับชั้นมัธยมศึกษาตอนปลาย ตามหลักสูตรกระทรวงศึกษาธิการและต้องศึกษาสาระการเรียนรู้รายวิชาพื้นฐาน และเพิ่มเติมรวมกันดังนี้คือ วิทยาศาสตร์ไม่น้อยกว่า 22 หน่วยกิต คณิตศาสตร์ไม่น้อยกว่า 12 หน่วยกิต และภาษาอังกฤษไม่น้อยกว่า 9 หน่วยกิต,เป็นผู้มีความประพฤติดี มีสุขภาพสมบูรณ์ทั้งร่างกายและจิตใจ ไม่เจ็บป่วยหรือเป็นโรคติดต่อร้ายแรง หรือมีความผิดปกติที่เป็นอุปสรรคต่อการศึกษา,มีคุณสมบัติอื่นครบถ้วน ตามที่มหาวิทยาลัยกำหนด,กรณีผู้สำเร็จการศึกษาปริญญาตรีในสาขาวิชาที่เกี่ยวข้องกับวิทยาศาสตร์สุขภาพ เข้าศึกษาเป็นปริญญาตรีที่ 2 อาจได้รับการพิจารณาเทียบโอนรายวิชา และ/หรือเทียบโอนประสบการณ์มากน้อยต่างกันตามความรู้และสาขาที่สำเร็จการศึกษา",16,วัน – เวลาราชการปกติ,แบบชั้นเรียน (Onsite),150,24,120,0,6,14,1,5,5,0,1,"S(ใช้ได้),U(ใช้ไม่ได้)",AUN-QA,"สอบผ่านและได้รับหน่วยกิตสะสมรายวิชาครบตามโครงสร้างหลักสูตร, บรรลุผลลัพธ์การเรียนรู้ตามมาตรฐานคุณวุฒิระดับปริญญาตรี, ได้ค่าระดับเฉลี่ยสะสมไม่ต่ำกว่า 2.00 (จากระบบ 4 ระดับคะแนน), ได้ค่าระดับ S (ใช้ได้) ในการสอบประมวลวิชาชีพแพทย์แผนไทยประยุกต์, ต้องปฏิบัติตามเงื่อนไขอื่น ๆ ที่คณะและมหาวิทยาลัยธรรมศาสตร์กำหนด"
3.การแพทย์แผนไทยประยุกต์บัณฑิต (หลักสูตรปรับปรุง พ.ศ.2566),15wvKVmlsBlMxW7Mo_dYP5c7H8BK3MN_o,1ILhBx9fweBqfitIQ9_2LokTeijiC3LtH,1,1,25480051100469,คณะแพทยศาสตร์,หลักสูตรการแพทย์แผนไทยประยุกต์บัณฑิต (ศูนย์รังสิต),Bachelor of Applied Thai Traditional Medicine Program,การแพทย์แผนไทยประยุกต์บัณฑิต,Bachelor of Applied Thai Traditional Medicine,พทป.บ.,B.ATM.,ศูนย์รังสิต,หลักสูตรระดับปริญญาตรี 4 ปี,หลักสูตรปริญญาตรีทางวิชาชีพหรือปฏิบัติการ,จัดการศึกษาเป็นภาษาไทย,เป็นหลักสูตรของสถาบันโดยเฉพาะ,1,2566,"แพทย์แผนไทยประยุกต์ในสถานพยาบาลทั้งภาครัฐและเอกชนทุกระดับ,นักวิชาการหรือนักวิจัยทางด้านการแพทย์แผนไทยประยุกต์,ผู้ประกอบกิจการคลินิกหรือศูนย์ส่งเสริมสุขภาพด้านแพทย์แผนไทยประยุกต์,ผู้ประกอบการเปิดร้านขายยาสมุนไพรแพทย์แผนไทยประยุกต์,ผู้ประกอบการโรงงานผลิต นำเข้าและจำหน่าย ผลิตภัณฑ์จากสมุนไพร,ผู้จัดการโรงงานผลิตยาทางด้านสมุนไพร,ผู้ดำเนินการด้านดูแลผู้สูงอายุหรือผู้มีภาวะพึ่งพิง",โครงการปกติ,รับเฉพาะนักศึกษาไทย,"สำเร็จการศึกษาไม่ต่ำกว่าระดับชั้นมัธยมศึกษาตอนปลาย ตามหลักสูตรกระทรวงศึกษาธิการและต้องศึกษาสาระการเรียนรู้รายวิชาพื้นฐาน และเพิ่มเติมรวมกันดังนี้คือ วิทยาศาสตร์ไม่น้อยกว่า 22 หน่วยกิต คณิตศาสตร์ไม่น้อยกว่า 12 หน่วยกิต และภาษาอังกฤษไม่น้อยกว่า 9 หน่วยกิต,เป็นผู้มีความประพฤติดี มีสุขภาพสมบูรณ์ทั้งร่างกายและจิตใจ ไม่เจ็บป่วยหรือเป็นโรคติดต่อร้ายแรงหรือมีความผิดปกติที่เป็นอุปสรรคต่อการศึกษา,มีคุณสมบัติอื่นครบถ้วน ตามที่มหาวิทยาลัยกำหนด,กรณีผู้สำเร็จการศึกษาปริญญาตรีในสาขาวิชาที่เกี่ยวข้องกับวิทยาศาสตร์สุขภาพ เข้าศึกษาเป็นปริญญาตรีที่ 2 อาจได้รับการพิจารณาเทียบโอนรายวิชา และ/หรือเทียบโอนประสบการณ์มากน้อยต่างกันตามความรู้และสาขาที่สำเร็จการศึกษา",16,วัน – เวลาราชการปกติ,แบบชั้นเรียน (Onsite),148,30,112,0,6,35,1,5,16,0,19,"S(ใช้ได้),U(ใช้ไม่ได้)","สป.อว.,AUN-QA,สภาการแพทย์แผนไทย(สภาวิชาชีพ)","สอบผ่านและได้รับหน่วยกิตสะสมรายวิชาครบตามโครงสร้างหลักสูตร,ได้ค่าระดับเฉลี่ยสะสมไม่ต่ำกว่า 2.00 (จากระบบ 4 ระดับคะแนน),ได้ค่าระดับ S (ใช้ได้) ในการสอบประมวลวิชาชีพแพทย์แผนไทยประยุกต์,ต้องปฏิบัติตามเงื่อนไขอื่นๆ ที่คณะและมหาวิทยาลัยธรรมศาสตร์กำหนด"
ศศบนวัตกรรมการพัฒนามนุษย์66ป๋วย,1_RY8m5V_CFI6K5v8tr17WrPSgr3tP61t,1Xlsqq3uIACYUSGZYfpewhW33DtjgKc4U,1,1,25590051100203,วิทยาลัยพัฒนศาสตร์ ป๋วย อึ๊งภากรณ์,หลักสูตรศิลปศาสตรบัณฑิต สาขาวิชานวัตกรรมการพัฒนามนุษย์และสังคม,Bachelor of Arts Program in Innovation for Human and Social Development,ศิลปศาสตรบัณฑิต (นวัตกรรมการพัฒนามนุษย์และสังคม),Bachelor of Arts (Innovation for Human and Social Development),ศศ.บ. (นวัตกรรมการพัฒนามนุษย์และสังคม),B.A. (Innovation for Human and Social Development),ศูนย์รังสิต,หลักสูตรระดับปริญญาตรี 4 ปี,หลักสูตรปริญญาตรีทางวิชาการ,จัดการศึกษาเป็นภาษาไทย,เป็นหลักสูตรของสถาบันโดยเฉพาะ,1,2566,"นักพัฒนาและสร้างสรรค์นวัตกรรมทางสังคม วัฒนธรรม และชุมชน, นักวางแผนและกำหนดนโยบายเพื่อการพัฒนามนุษย์ ชุมชนและสังคม, ผู้ประกอบการงานสัมมาอาชีพอิสระ และผู้ประกอบการทางสังคม, นักพัฒนาทรัพยากรมนุษย์ ในองค์กรภาครัฐ ภาคธุรกิจเอกชน องค์กรพัฒนาเอกชน, นักวิจัยเชิงปฏิบัติการ นักวิชาการ ครู อาจารย์ วิทยากรกระบวนการ, ผู้จัดการงานอาสาสมัคร ผู้จัดการโครงการทางสังคม วัฒนธรรม ชุมชน และสิ่งแวดล้อม ผู้จัดการงานธุรกิจที่รับผิดชอบต่อสังคม (CSR), นักพัฒนาชุมชน นักพัฒนาสังคม นักพัฒนานวัตกรรม, ผู้ปฏิบัติงานด้านการประเมินโครงการ กิจกรรมธุรกิจที่รับผิดชอบต่อสังคม ผู้ปฏิบัติงานด้านการด้านการประเมินผลกระทบทางชุมชน สังคม และวัฒนธรรม, นักคิด นักเขียน วิเคราะห์ วิจารณ์ ด้านการพัฒนา, นักระดมทุนเพื่อสังคม",โครงการพิเศษ,รับเฉพาะนักศึกษาไทย,คุณสมบัติของผู้เข้าศึกษาต้องเป็นไปตามข้อบังคับมหาวิทยาลัยธรรมศาสตร์ ว่าด้วยการศึกษาชั้นปริญญาตรี พ.ศ. 2561 ข้อ 14,16,วัน – เวลาราชการปกติ,แบบชั้นเรียน (Onsite),126,30,90,15,6,32,3,5,18,0,21,,,"สอบผ่านและได้รับหน่วยกิตสะสมรายวิชาครบตามโครงสร้างหลักสูตร,ได้ค่าระดับเฉลี่ยสะสมไม่ต่ำกว่า 2.00 (จากระบบ 4 ระดับคะแนน),ต้องปฏิบัติตามเงื่อนไขอื่นๆ ที่วิทยาลัยพัฒนศาสตร์ ป๋วย อึ้งภากรณ์ และมหาวิทยาลัยธรรมศาสตร์กำหนด"
