Table Names,curriculum,type_plo,num_plo,detail_plo
db314 - add plo.csv,วท.บ.เทคโนโลยีหัวใจและทรวงอก(นานาชาติ-ปรับปรุง66)-กมอ.1-68(8ม.ค.68),K,1,สามารถบูรณาการความรู้ทางวิทยาศาศาสดร์การแพทย์ในการวิเคราะห์ข้อมูล วิจัย และน่าเสนอข้อมูลได้
db314 - add plo.csv,วท.บ.เทคโนโลยีหัวใจและทรวงอก(นานาชาติ-ปรับปรุง66)-กมอ.1-68(8ม.ค.68),K,2,มีความรู้อย่างกว้างขวางในหลักการและทฤษฎีองค์ความรู้ที่เกี่ยวข้องกับวิชาชีพเทคโนโลยีหัวใจ และทรวงอก
db314 - add plo.csv,วท.บ.เทคโนโลยีหัวใจและทรวงอก(นานาชาติ-ปรับปรุง66)-กมอ.1-68(8ม.ค.68),S,1,สามารถเตรียมและใช้อุปกรณ์หรือเครื่องมือที่ เกี่ยวข้องกับวิชาชีพเทคโนโลยีหัวใจและทรวงอก ได้อย่างเหมาะสม
db314 - add plo.csv,วท.บ.เทคโนโลยีหัวใจและทรวงอก(นานาชาติ-ปรับปรุง66)-กมอ.1-68(8ม.ค.68),S,2,สามารถอ่านผลหรือแปลผลการตรวจโรคหัวใจ และทรวงอกเบื้องต้นจากเครื่องมือที่เกี่ยวข้องกับ วิชาชีพเทคโนโลยีหัวใจและทรวงอก
db314 - add plo.csv,วท.บ.เทคโนโลยีหัวใจและทรวงอก(นานาชาติ-ปรับปรุง66)-กมอ.1-68(8ม.ค.68),S,3,สามารถวิเคราะห์ปัญหา ประเมินทางเลือก เสนอ แนะวิธีการแก่ไขปัญหาและการตัดสินใจได้อย่างเหมาะสม
db314 - add plo.csv,วท.บ.เทคโนโลยีหัวใจและทรวงอก(นานาชาติ-ปรับปรุง66)-กมอ.1-68(8ม.ค.68),S,4,ความคิดริเริ่มอย่างสร้างสรรค์ และมีความคิดในเชิงบวก ติดตามการเปลี่ยนแปลงเพื่อพัฒนาดนเองอย่างต่อเนื่อง
db314 - add plo.csv,วท.บ.เทคโนโลยีหัวใจและทรวงอก(นานาชาติ-ปรับปรุง66)-กมอ.1-68(8ม.ค.68),S,5,มีทักษะด้านการสือสารทั่งไทยและภาษาอังกฤษที่ดี และทักษะการใช้เทคโนโลยีดิจิทัล
db314 - add plo.csv,วท.บ.เทคโนโลยีหัวใจและทรวงอก(นานาชาติ-ปรับปรุง66)-กมอ.1-68(8ม.ค.68),E,1,แสดงออกถึงคุณธรรมจริยธรรมที่เหมาะสมต่อวิชาชีพ
db314 - add plo.csv,วท.บ.เทคโนโลยีหัวใจและทรวงอก(นานาชาติ-ปรับปรุง66)-กมอ.1-68(8ม.ค.68),E,2,แสดงออกถึงความช็อสัตย์สุจริตต่อดนเองและวิชาชีพเป็นที่ไว้วางใจของ ผู้ป่วยและสังคม
db314 - add plo.csv,วท.บ.เทคโนโลยีหัวใจและทรวงอก(นานาชาติ-ปรับปรุง66)-กมอ.1-68(8ม.ค.68),E,3,เคารพในสิทธิของผู้ป่วย โดยการให้ความจริงรักษาความลับและค่านึงถึงประโยชน์และความปลอดภัยของผู้ป่วยเป็นสำคัญ
db314 - add plo.csv,วท.บ.เทคโนโลยีหัวใจและทรวงอก(นานาชาติ-ปรับปรุง66)-กมอ.1-68(8ม.ค.68),C,1,รับฟังความคิดเห็นของผู้อื่นและยอมรับความแดกต่าง
db314 - add plo.csv,วท.บ.เทคโนโลยีหัวใจและทรวงอก(นานาชาติ-ปรับปรุง66)-กมอ.1-68(8ม.ค.68),C,2,มีความเป็นผู้นำและกล้าทำท่ากล้าแสดงออกในสิ่งที่ถูกต้อง
db314 - add plo.csv,วท.บ.เทคโนโลยีหัวใจและทรวงอก(นานาชาติ-ปรับปรุง66)-กมอ.1-68(8ม.ค.68),C,3,มีความรับผิดชอบในงานหรือหน้าที่ที่ได้รับมอบหมาย
db314 - add plo.csv,วท.บ.เทคโนโลยีหัวใจและทรวงอก(นานาชาติ-ปรับปรุง66)-กมอ.1-68(8ม.ค.68),C,4,ใช้สิทธิเสรีภาพโดยไม่กระทบผู้อื่นและมีความเป็นพลเมืองดี สามารถปฏิบัติงานร่วมกับสหวิชาชีพอื่นได้
db314 - add plo.csv,วท.บ.เทคโนโลยีหัวใจและทรวงอก(นานาชาติ-ปรับปรุง66)-กมอ.1-68(8ม.ค.68),C,5,สามารถเตรียมเครื่องมือการดรวจโรคหัวใจและทรวงอกโดยคำนึงถึงความคุ้มค่าและเหมาะสมกับผู้ป่วย
db314 - plo.csv,ศศ.บ. สาขาวิชาการฝึกสอนกีฬา (ปรับปรุง 2567),PLOs,1,วิเคราะห์ความรู้ หลักการ และทฤษฎีที่เกี่ยวข้องมาใช้เพื่อการกีฬาและการออกกำลังกาย ได้อย่างถูกต้อง
db314 - plo.csv,ศศ.บ. สาขาวิชาการฝึกสอนกีฬา (ปรับปรุง 2567),PLOs,2,ปฏิบัติหน้าที่ผู้ฝึกสอน ผู้นำการออกกำลังกาย ผู้ตัดสิน กีฬาและจัดการแข่งขันกีฬาด้วยความซื่อสัตย์ มีคุณธรรม จริยธรรม และจรรยาบรรณ
db314 - plo.csv,ศศ.บ. สาขาวิชาการฝึกสอนกีฬา (ปรับปรุง 2567),PLOs,3,ใช้เทคโนโลยี สารสนเทศ และทักษะการสื่อสารเพื่อประสิทธิภาพในการทำงานด้านการกีฬาและการออกกำลังกาย ได้อย่างเหมาะสม
db314 - plo.csv,ศศ.บ. สาขาวิชาการฝึกสอนกีฬา (ปรับปรุง 2567),PLOs,4,อธิบายความรู้ด้านเศรฐกิจ สังคม และการเมืองที่เกี่ยวข้องกับการกีฬาและการออกกำลังกาย ได้อย่างถูกต้อง
db314 - plo.csv,ศศ.บ. สาขาวิชาการฝึกสอนกีฬา (ปรับปรุง 2567),K,1,อธิบายความรู้ด้านการสอนกีฬา การวางแผนการฝึกซ้อม และแข่งขันได้อย่างถูกต้อง
db314 - plo.csv,ศศ.บ. สาขาวิชาการฝึกสอนกีฬา (ปรับปรุง 2567),K,2,อธิบายความรู้พื้นฐานด้านวิทยาศาสตร์และเทคโนโลยีที่เกี่ยวข้องกับการฝึกสอนกีฬาสำหรับพัฒนาสมรรถภาพทางกายเพื่อสุขภาพ และพัฒนาศักยภาพทางกีฬาเพื่อการแข่งขันได้อย่างถูกต้อง
db314 - plo.csv,ศศ.บ. สาขาวิชาการฝึกสอนกีฬา (ปรับปรุง 2567),K,3,ใช้ความรู้จากกระบวนการทำวิจัย เพื่อการคิด วิเคราะห์ และแก้ปัญหาการทำงานอย่างเป็นระบบได้อย่างเหมาะสม
db314 - plo.csv,ศศ.บ. สาขาวิชาการฝึกสอนกีฬา (ปรับปรุง 2567),K,4,อธิบายความรู้ด้านเศษรฐกิจ สังคมและการเมืองที่เกี่ยวข้องกับการกีฬาและการออกกำลังกาย ได้อย่างถูกต้อง
db314 - plo.csv,ศศ.บ. สาขาวิชาการฝึกสอนกีฬา (ปรับปรุง 2567),S,1,ทำงานเป็นทีมได้อย่างเหมาะสม
db314 - plo.csv,ศศ.บ. สาขาวิชาการฝึกสอนกีฬา (ปรับปรุง 2567),S,2,ปฏิบัติทักษะการฝึกสอนกีฬาได้อย่างถูกต้อง
db314 - plo.csv,ศศ.บ. สาขาวิชาการฝึกสอนกีฬา (ปรับปรุง 2567),S,3,วิเคราะห์ความรู้เพื่อการทำงานได้อย่างมีประสิทธิภาพ
db314 - plo.csv,ศศ.บ. สาขาวิชาการฝึกสอนกีฬา (ปรับปรุง 2567),S,4,ถ่ายทอดทักษะการฝึกสอนกีฬาได้อย่างเป็นระบบและถูกต้อง
db314 - plo.csv,ศศ.บ. สาขาวิชาการฝึกสอนกีฬา (ปรับปรุง 2567),E,1,แสดงออกถึงความซื่อสัตย์สุจริต
db314 - plo.csv,ศศ.บ. สาขาวิชาการฝึกสอนกีฬา (ปรับปรุง 2567),E,2,แสดงออกถึงความเป็นธรรม เข้าใจสังคมบนพื้นฐานความแตกต่าง
db314 - plo.csv,ศศ.บ. สาขาวิชาการฝึกสอนกีฬา (ปรับปรุง 2567),E,3,แสดงออกถึงความมีวินัย รับผิดชอบต่อตนเอง สังคม และตรงต่อเวลา
db314 - plo.csv,ศศ.บ. สาขาวิชาการฝึกสอนกีฬา (ปรับปรุง 2567),E,4,แสดงออกถึงความมีจริยธรรมและจรรยาบรรณในวิชาชีพ
db314 - plo.csv,ศศ.บ. สาขาวิชาการฝึกสอนกีฬา (ปรับปรุง 2567),C,1,รับฟังความคิดเห็นของผู้อื่นและยอมรับความแตกต่าง
db314 - plo.csv,ศศ.บ. สาขาวิชาการฝึกสอนกีฬา (ปรับปรุง 2567),C,2,แสดงความเป็นผู้นําและกล้าทํา กล้าแสดงออกในสิ่งที่ถูกต้อง
db314 - plo.csv,ศศ.บ. สาขาวิชาการฝึกสอนกีฬา (ปรับปรุง 2567),C,3,แสดงออกถึงการมีวุฒิภาวะทางอารมณ์ มีความสามารถในการปรับตัว การควบคุม
db314 - plo.csv,ศศ.บ. สาขาวิชาการฝึกสอนกีฬา (ปรับปรุง 2567),C,4,แสดงออกถึงการมีจิตอาสาและทํางานเพื่อส่วนรวม
db314 - plo.csv,วท.บ. สาขาวิชาวิทยาศาสตร์การกีฬาและการออก กำลังกาย (ปรับปรุง 2566),K,1,นักศึกษามีความรู้ในหลักการและองค์ความรู้ด้านวิทยาศาสตร์การกีฬาและการออกกําลังกาย
db314 - plo.csv,วท.บ. สาขาวิชาวิทยาศาสตร์การกีฬาและการออก กำลังกาย (ปรับปรุง 2566),K,2,นักศึกษาสามารถนำความรู้ หลักการ ทฤษฎี ที่เกี่ยวข้องกับวิทยาศาสตร์การกีฬาและการออกกำลังกายไปประยุกต์ใช้ได้อย่างเหมาะสม
db314 - plo.csv,วท.บ. สาขาวิชาวิทยาศาสตร์การกีฬาและการออก กำลังกาย (ปรับปรุง 2566),S,1,นักศึกษาสามารถปฏิบัติทักษะทางวิทยาศาสตร์การกีฬาและการออกกำลังกายและใช้เครื่องมือทางวิทยาศาสตร์การกีฬาและการออกกำลังกายได้อย่างมีประสิทธิภาพ
db314 - plo.csv,วท.บ. สาขาวิชาวิทยาศาสตร์การกีฬาและการออก กำลังกาย (ปรับปรุง 2566),S,2,นักศึกษาสามารถค้นคว้าข้อมูลได้อย่างเป็นระบบ
db314 - plo.csv,วท.บ. สาขาวิชาวิทยาศาสตร์การกีฬาและการออก กำลังกาย (ปรับปรุง 2566),S,3,นักศึกษามีความคิดริเริ่มที่นำไปสู่การสร้างสรรค์งานวิจัยหรืองานนวัตกรรมทางวิทยาศาสตร์การกีฬาและการออกกำลังกาย
db314 - plo.csv,วท.บ. สาขาวิชาวิทยาศาสตร์การกีฬาและการออก กำลังกาย (ปรับปรุง 2566),S,4,นักศึกษามีความสามารถในการสื่อสารภาษาอังกฤษ
db314 - plo.csv,วท.บ. สาขาวิชาวิทยาศาสตร์การกีฬาและการออก กำลังกาย (ปรับปรุง 2566),S,5,นักศึกษามีความสามารถในการใช้เทคโนโลยีสารสนเทศในการสื่อสาร
db314 - plo.csv,วท.บ. สาขาวิชาวิทยาศาสตร์การกีฬาและการออก กำลังกาย (ปรับปรุง 2566),E,1,นักศึกษามีคุณธรรมจริยธรรม
db314 - plo.csv,วท.บ. สาขาวิชาวิทยาศาสตร์การกีฬาและการออก กำลังกาย (ปรับปรุง 2566),E,2,นักศึกษามีความซื่อสัตย์สุจริต
db314 - plo.csv,วท.บ. สาขาวิชาวิทยาศาสตร์การกีฬาและการออก กำลังกาย (ปรับปรุง 2566),E,3,นักศึกษามีวินัย
db314 - plo.csv,วท.บ. สาขาวิชาวิทยาศาสตร์การกีฬาและการออก กำลังกาย (ปรับปรุง 2566),E,4,นักศึกษามีจิตอาสา
db314 - plo.csv,วท.บ. สาขาวิชาวิทยาศาสตร์การกีฬาและการออก กำลังกาย (ปรับปรุง 2566),C,1,นักศึกษามีทัศนคติที่ดีต่อตนเองและผู้อื่น
db314 - plo.csv,วท.บ. สาขาวิชาวิทยาศาสตร์การกีฬาและการออก กำลังกาย (ปรับปรุง 2566),C,2,นักศึกษามีความรับผิดชอบต่อตนเองและสังคม
db314 - plo.csv,วท.บ. สาขาวิชาวิทยาศาสตร์การกีฬาและการออก กำลังกาย (ปรับปรุง 2566),C,3,นักศึกษามีความสามารถในการปรับตัวและรับฟังความคิดเห็นของผู้อื่น
db314 - plo.csv,วท.บ. สาขาวิชาวิทยาศาสตร์การกีฬาและการออก กำลังกาย (ปรับปรุง 2566),C,4,นักศึกษามีความเป็นผู้นำที่แสดงออกถึงการคิดและตัดสินใจได้อย่างเหมาะสม
db314 - plo.csv,วท.บ. สาขาวิชากายภาพบำบัด (ปรับปรุง 2569),PLOs,1,ประยุกต์ใช้ความรู้พื้นฐานวิทยาศาสตร์ วิทยาศาสตร์สุขภาพและความรู้ทางกายภาพบำบัดในการรักษา ฟื้นฟู ป้องกันและส่งเสริมสุขภาพได้ตามมาตรฐานวิชาชีพกายภาพบำบัดให้กับประชาชนทุกช่วงวัย
db314 - plo.csv,วท.บ. สาขาวิชากายภาพบำบัด (ปรับปรุง 2569),PLOs,2,ประยุกต์ใช้ความรู้ระเบียบวิธีวิจัยและสถิติ รวมถึงแนวคิดเบื้องต้นในการสร้างนวัตกรรมเพื่อทำงานวิจัยได้ถูกต้องตามระเบียบวิธีวิจัยและจรรยาบรรณนักวิจัย
db314 - plo.csv,วท.บ. สาขาวิชากายภาพบำบัด (ปรับปรุง 2569),PLOs,3,ปฏิบัติทักษะทางวิชาชีพกายภาพบำบัดในการตรวจประเมิน วินิจฉัยทางกายภาพบำบัด การใช้เหตุผลทางคลินิก รักษา ฟื้นฟู ป้องกัน สร้างเสริมสุขภาพและการใช้หลักฐานเชิงประจักษ์ในการจัดการปัญหาทางกายภาพบำบัดได้ตามมาตรฐาน วิชาชีพให้กับประชาชนทุกช่วงวัย
db314 - plo.csv,วท.บ. สาขาวิชากายภาพบำบัด (ปรับปรุง 2569),PLOs,4,สื่อสารอย่างมีประสิทธิภาพกับผู้ป่วย ญาติ และทีมสหวิชาชีพ รวมทั้งใช้เทคโนโลยีดิจิทัลเป็นเครื่องมือสำหรับการสื่อสาร ศึกษาเรียนรู้ และประกอบการทำงาน
db314 - plo.csv,วท.บ. สาขาวิชากายภาพบำบัด (ปรับปรุง 2569),PLOs,5,แสดงทักษะภาวะผู้นำและการทำงานเป็นทีมกับเพื่อนร่วมงานและทีมสหวิชาชีพด้านการแพทย์และสาธารณสุขในการวางแผนและดำเนินกิจกรรมที่เกี่ยวข้องกับวิชาชีพกายภาพบำบัด
db314 - plo.csv,วท.บ. สาขาวิชากายภาพบำบัด (ปรับปรุง 2569),PLOs,6,ปฏิบัติตนและปฏิบัติงานวิชาชีพกายภาพบำบัดบนพื้นฐานของคุณธรรม จริยธรรม จรรยาบรรณวิชาชีพ กฎหมายที่เกี่ยวข้องกับวิชาชีพ จิตบริการทางกายภาพบำบัด จิตสาธารณะและยอมรับความแตกต่างระหว่างบุคคลและวัฒนธรรม
db314 - plo.csv,วท.บ. สาขาวิชากายภาพบำบัด (ปรับปรุง 2569),PLOs,7,แสดงพฤติกรรมการเรียนรู้ตลอดชีวิต และปรับตัวให้เท่าทันต่อการเปลี่ยนแปลงของเทคโนโลยีและแนวทางการรักษาแบบใหม่
db314 - plo.csv,ศศ.บ. สาขาวิชาการจัดการกีฬา (ปรับปรุง 2567),PLOs,1,อธิบายความรู้พื้นฐานทางการบริหารจัดการกีฬาได้อย่างถูกต้อง
db314 - plo.csv,ศศ.บ. สาขาวิชาการจัดการกีฬา (ปรับปรุง 2567),PLOs,2,แสดงทักษะทางการบริหารจัดการกีฬาเพื่อนำไปประกอบอาชีพอย่างเหมาะสม
db314 - plo.csv,ศศ.บ. สาขาวิชาการจัดการกีฬา (ปรับปรุง 2567),PLOs,3,ประยุกต์ใช้ความรู้ทางการบริหารจัดการกีฬาเพื่อจัดกิจกรรมกีฬาและการออกกำลังกายที่มีคุณภาพ
db314 - plo.csv,ศศ.บ. สาขาวิชาการจัดการกีฬา (ปรับปรุง 2567),PLOs,4,ประยุกต์ใช้เทคโนโลยีดิจิทัลกับการกีฬาอย่างสร้างสรรค์
db314 - plo.csv,ศศ.บ. สาขาวิชาการจัดการกีฬา (ปรับปรุง 2567),PLOs,5,มีคุณธรรม และจริยธรรม ในการประกอบอาชีพ
db314 - plo.csv,ศศ.บ. สาขาวิชาการจัดการกีฬา (ปรับปรุง 2567),K,1,อธิบายหลักการและทฤษฎีทางการบริหารจัดการกีฬาได้อย่างถูกต้อง
db314 - plo.csv,ศศ.บ. สาขาวิชาการจัดการกีฬา (ปรับปรุง 2567),K,2,ประยุกต์ใช้หลักการและวิธีการในการบริหารจัดการกีฬาได้อย่างถูกต้อง
db314 - plo.csv,ศศ.บ. สาขาวิชาการจัดการกีฬา (ปรับปรุง 2567),S,1,สามารถจัดกิจกรรมกีฬาได้อย่างมีประสิทธิภาพ
db314 - plo.csv,ศศ.บ. สาขาวิชาการจัดการกีฬา (ปรับปรุง 2567),S,2,สามารถวิเคราะห์ข้อมูลเพื่อการอภิปรายทางการบริหารจัดการกีฬาได้อย่างมีประสิทธิภาพ
db314 - plo.csv,ศศ.บ. สาขาวิชาการจัดการกีฬา (ปรับปรุง 2567),S,3,สามารถใช้เทคโนโลยีดิจิทัลและสารสนเทศในการบริหารจัดการกีฬาได้อย่างมีประสิทธิภาพ
db314 - plo.csv,ศศ.บ. สาขาวิชาการจัดการกีฬา (ปรับปรุง 2567),E,1,มีความซื่อสัตย์สุจริต
db314 - plo.csv,ศศ.บ. สาขาวิชาการจัดการกีฬา (ปรับปรุง 2567),E,2,มีระเบียบวินัย
db314 - plo.csv,ศศ.บ. สาขาวิชาการจัดการกีฬา (ปรับปรุง 2567),C,1,มีภาวะผู้นำทางการบริหารจัดการกีฬา
db314 - plo.csv,ศศ.บ. สาขาวิชาการจัดการกีฬา (ปรับปรุง 2567),C,2,มีความรับผิดชอบต่อตนเองและสังคม
db314 - plo.csv,ศศ.บ. สาขาวิชาการจัดการกีฬา (ปรับปรุง 2567),C,3,มีความสามารถในการทำงานเป็นทีม
db314 - plo.csv,เทคนิคการแพทยบัณฑิต (ปรับปรุง 2566),PLOs,1,มีทักษะการจัดการและดำเนินการในวิชาชีพเทคนิคการแพทย์
db314 - plo.csv,เทคนิคการแพทยบัณฑิต (ปรับปรุง 2566),PLOs,2,ปฏิบัติตนตามหลักคุณธรรม จริยธรรม จรรยาบรรณนักวิจัยและวิชาชีพ และอธิบายกฎหมายที่เกี่ยวข้องในวิชาชีพเทคนิคการแพทย์ได้
db314 - plo.csv,เทคนิคการแพทยบัณฑิต (ปรับปรุง 2566),PLOs,3,มีทักษะการคิดวิเคราะห์ สังเคราะห์อย่างเป็นระบบ บูรณาการความรู้สู่การปฏิบัติในวิชาชีพ
db314 - plo.csv,เทคนิคการแพทยบัณฑิต (ปรับปรุง 2566),PLOs,4,มีทักษะการสื่อสาร เพื่อสนับสนุนและพัฒนาการปฏิบัติงานในวิชาชีพเทคนิคการแพทย์
db314 - plo.csv,เทคนิคการแพทยบัณฑิต (ปรับปรุง 2566),PLOs,5,มีมนุษยสัมพันธ์ดี มีภาวะผู้นำ สามารถทำงานเป็นทีมกับสหวิชาชีพและชุมชน
db314 - plo.csv,เทคนิคการแพทยบัณฑิต (ปรับปรุง 2566),PLOs,6,มีทักษะการวิจัยและใช้กระบวนการวิจัย เพื่อแก้ไขปัญหา พัฒนา และสร้างสรรค์นวัตกรรมในวิชาชีพได้
db314 - plo.csv,เทคนิคการแพทยบัณฑิต (ปรับปรุง 2566),PLOs,7,ใช้กระบวนการคิดอย่างเป็นระบบ ยืดหยุ่น และสร้างสรรค์ในบริบทด้านสุขภาพ
db314 - plo.csv,เทคนิคการแพทยบัณฑิต (ปรับปรุง 2566),PLOs,8,นิยามแนวทางการเป็นผู้ประกอบการที่ทันสมัยในวิชาชีพและที่เกี่ยวข้องกับวิชาชีพ
db314 - plo.csv,เทคนิคการแพทยบัณฑิต (ปรับปรุง 2566),PLOs,9,มีทักษะการประมวลความรู้ทางเทคนิคการแพทย์เพื่อใช้ในงานการแพทย์แนวใหม่ และงานวิทยาศาสตร์สุขภาพที่เกี่ยวข้อง
db314 - plo.csv,เทคนิคการแพทยบัณฑิต (ปรับปรุง 2566),K,1,อธิบายความรู้เกี่ยวกับสิทธิผู้ป่วยและสิทธิมนุษยชนและประยุกต์ใช้เบื้องต้นในวิชาชีพ
db314 - plo.csv,เทคนิคการแพทยบัณฑิต (ปรับปรุง 2566),K,2,อธิบายจรรยาบรรณวิชาชีพเทคนิคการแพทย์และประยุกต์ใช้สำหรับการตรวจผู้ป่วย
db314 - plo.csv,เทคนิคการแพทยบัณฑิต (ปรับปรุง 2566),K,3,อ่านเขียนเอกสารวิชาการเป็นภาษาอังกฤษ
db314 - plo.csv,เทคนิคการแพทยบัณฑิต (ปรับปรุง 2566),K,4,แก้ไขปัญหาทางคณิตศาสตร์
db314 - plo.csv,เทคนิคการแพทยบัณฑิต (ปรับปรุง 2566),K,5,อธิบายและทดสอบทางสถิติพื้นฐานและชีวสถิติ
db314 - plo.csv,เทคนิคการแพทยบัณฑิต (ปรับปรุง 2566),K,6,ใช้ความรู้ภาษาไทยเพื่อการสื่อสาร การคิด การอ่าน การเขียน อย่างเหมาะสม
db314 - plo.csv,เทคนิคการแพทยบัณฑิต (ปรับปรุง 2566),K,7,ใช้ความรู้ภาษาอังกฤษเพื่อการสื่อสารเบื้องต้น
db314 - plo.csv,เทคนิคการแพทยบัณฑิต (ปรับปรุง 2566),K,8,ใช้ information technology: สืบค้น เลือกใช้ข้อมูล การจัดการข้อมูล และการสร้างสื่อเทคโนโลยี
db314 - plo.csv,เทคนิคการแพทยบัณฑิต (ปรับปรุง 2566),K,9,อธิบายหลักธรรมาภิบาลและนำไปใช้ในสถานการณ์ต่างๆ
db314 - plo.csv,เทคนิคการแพทยบัณฑิต (ปรับปรุง 2566),K,10,อธิบายและประยุกต์ใช้หลักการกำหนดตัวชี้วัดความสำเร็จของงาน
db314 - plo.csv,เทคนิคการแพทยบัณฑิต (ปรับปรุง 2566),K,11,อธิบายหลักการบริหารจัดการห้องปฏิบัติการทางการแพทย์ ได้แก่ การบริหารงานบุคคล การเงิน การคลังและพัสดุ และจัดการเบื้องต้นได้
db314 - plo.csv,เทคนิคการแพทยบัณฑิต (ปรับปรุง 2566),K,12,อธิบายแนวทางการเลือกเทคโนโลยีและนวัตกรรมทางเทคนิคการแพทย์
db314 - plo.csv,เทคนิคการแพทยบัณฑิต (ปรับปรุง 2566),K,13,อธิบายประเภทและศักดิ์ของกฎหมายทางการแพทย์
db314 - plo.csv,เทคนิคการแพทยบัณฑิต (ปรับปรุง 2566),K,14,อธิบายแนวคิดเกี่ยวกับการวิจัยและนวัตกรรมและความเป็นผู้ประกอบการ
db314 - plo.csv,เทคนิคการแพทยบัณฑิต (ปรับปรุง 2566),K,15,อธิบายความรู้พื้นฐานเกี่ยวกับระบบเศรษฐกิจเบื้องต้น
db314 - plo.csv,เทคนิคการแพทยบัณฑิต (ปรับปรุง 2566),K,16,อธิบายคุณสมบัติของวัสดุ อุปกรณ์ และเครื่องมือในห้องปฏิบัติการและเลือกใช้งานได้อย่างเหมาะสม
db314 - plo.csv,เทคนิคการแพทยบัณฑิต (ปรับปรุง 2566),K,17,อธิบายการเตรียมสารละลายและน้ำยาสำหรับงานในห้องปฏิบัติการและการนำไปใช้ในสถานการณ์ที่เหมาะสม
db314 - plo.csv,เทคนิคการแพทยบัณฑิต (ปรับปรุง 2566),K,18,อธิบายคุณสมบัติของวิธีวิเคราะห์และเลือกใช้อย่างเหมาะสม
db314 - plo.csv,เทคนิคการแพทยบัณฑิต (ปรับปรุง 2566),K,19,อธิบายความรู้พื้นฐานด้านชีววิทยา จุลชีววิทยา เคมี เคมีอินทรีย์ และฟิสิกส์
db314 - plo.csv,เทคนิคการแพทยบัณฑิต (ปรับปรุง 2566),K,20,อธิบายความรู้ด้านกายวิภาคมนุษย์ สรีรวิทยา พยาธิวิทยาและพยาธิสรีรวิทยา และวิเคราะห์ความสัมพันธ์ได้อย่างเหมาะสม
db314 - plo.csv,เทคนิคการแพทยบัณฑิต (ปรับปรุง 2566),K,21,อธิบายจรรยาบรรณนักวิจัยและประยุกต์ใช้
db314 - plo.csv,เทคนิคการแพทยบัณฑิต (ปรับปรุง 2566),K,22,อธิบายหลักการจัดการสารเคมีเพื่อความปลอดภัยในการใช้สารเคมีในห้องปฏิบัติการและการจัดการระบบสารเคมีได้
db314 - plo.csv,เทคนิคการแพทยบัณฑิต (ปรับปรุง 2566),K,23,อธิบายหลักการความปลอดภัยทางชีวภาพทางห้องปฏิบัติการและการจัดการความปลอดภัยทางชีวภาพได้
db314 - plo.csv,เทคนิคการแพทยบัณฑิต (ปรับปรุง 2566),K,24,ออกแบบห้องปฏิบัติการและอุปกรณ์ป้องกันส่วนบุคคลเพื่อความปลอดภัยต่อตนเอง ผู้อื่น และสิ่งแวดล้อม
db314 - plo.csv,เทคนิคการแพทยบัณฑิต (ปรับปรุง 2566),K,25,อธิบายระบบคุณภาพและมาตรฐานห้องปฏิบัติการทางการแพทย์
db314 - plo.csv,เทคนิคการแพทยบัณฑิต (ปรับปรุง 2566),K,26,อธิบายวงจรบริหารงานคุณภาพ (Plan-do-check-act) การออกแบบโครงสร้างบริหารองค์กรห้องปฏิบัติการทางการแพทย์ และประยุกต์ใช้เบื้องต้นอย่างเหมาะสม
db314 - plo.csv,เทคนิคการแพทยบัณฑิต (ปรับปรุง 2566),K,27,อธิบายหลักการบริหารจัดการข้อมูลและระบบสารสนเทศทางห้องปฏิบัติการทางการแพทย์ และประยุกต์ใช้เบื้องต้นอย่างเหมาะสม
db314 - plo.csv,เทคนิคการแพทยบัณฑิต (ปรับปรุง 2566),K,28,อธิบายหลักการบริหารจัดการความเสี่ยงในองค์กรห้องปฏิบัติการทางการแพทย์
db314 - plo.csv,เทคนิคการแพทยบัณฑิต (ปรับปรุง 2566),K,29,อธิบายหลักพื้นฐานทางกฎหมาย หลักกฎหมายที่เกี่ยวข้องกับวิชาชีพเทคนิคการแพทย์ และอธิบายสถานการณ์ต่างๆที่เกี่ยวข้องได้
db314 - plo.csv,เทคนิคการแพทยบัณฑิต (ปรับปรุง 2566),K,30,อธิบายแนวทางการเปิดคลินิกเทคนิคการแพทย์
db314 - plo.csv,เทคนิคการแพทยบัณฑิต (ปรับปรุง 2566),K,31,อธิบายหลักการขายวัสดุ อุปกรณ์ทางห้องปฏิบัติการเทคนิคการแพทย์
db314 - plo.csv,เทคนิคการแพทยบัณฑิต (ปรับปรุง 2566),K,32,อธิบายหลักการเลือกวัสดุ อุปกรณ์ทางห้องปฏิบัติการเทคนิคการแพทย์ ได้แก่ งานโลหิตวิทยา เคมีคลินิก จุลทรรศนศาสตร์คลินิกและปรสิตวิทยา จุลชีววิทยาคลินิก ภูมิคุ้มกันวิทยา และวิทยาศาสตร์การบริการโลหิต
db314 - plo.csv,เทคนิคการแพทยบัณฑิต (ปรับปรุง 2566),K,33,เลือกสิ่งตัวอย่างสำหรับงานตรวจวินิจฉัยทางห้องปฏิบัติการเทคนิคการแพทย์ ได้แก่ งานโลหิตวิทยา เคมีคลินิก จุลทรรศนศาสตร์คลินิกและปรสิตวิทยา จุลชีววิทยาคลินิก ภูมิคุ้มกันวิทยา และวิทยาศาสตร์การบริการโลหิต
db314 - plo.csv,เทคนิคการแพทยบัณฑิต (ปรับปรุง 2566),K,34,อธิบายปัจจัยในร่างกาย (in vivo) และในหลอดทดลอง (in vitro) ที่มีผลต่อตัวอย่างสำหรับตรวจวิเคราะห์ทางห้องปฏิบัติการเทคนิคการแพทย์ ได้แก่ โลหิตวิทยา เคมีคลินิก จุลทรรศนศาสตร์คลินิกและปรสิตวิทยา จุลชีววิทยาคลินิก ภูมิคุ้มกันวิทยา และวิทยาศาสตร์การบริการโลหิต (การเตรียมผู้ป่วย รับ/ปฏิเสธตัวอย่าง)
db314 - plo.csv,เทคนิคการแพทยบัณฑิต (ปรับปรุง 2566),K,35,เลือกใช้สารกันเลือดแข็งและสารรักษาสภาพสิ่งส่งตรวจได้อย่างเหมาะสม
db314 - plo.csv,เทคนิคการแพทยบัณฑิต (ปรับปรุง 2566),K,36,อธิบายหลักการและแปลผลการสอบเทียบเครื่องมือทางห้องปฏิบัติการทางการแพทย์
db314 - plo.csv,เทคนิคการแพทยบัณฑิต (ปรับปรุง 2566),K,37,เลือกและประเมินวิธีวิเคราะห์สำหรับห้องปฏิบัติการเทคนิคการแพทย์ ได้แก่ โลหิตวิทยา เคมีคลินิก จุลทรรศนศาสตร์คลินิกและปรสิตวิทยา จุลชีววิทยาคลินิก ภูมิคุ้มกันวิทยา และวิทยาศาสตร์การบริการโลหิต
db314 - plo.csv,เทคนิคการแพทยบัณฑิต (ปรับปรุง 2566),K,38,อธิบายหลักการและแปลผลการควบคุมคุณภาพการวิเคราะห์สำหรับห้องปฏิบัติการเทคนิคการแพทย์ ได้แก่ โลหิตวิทยา เคมีคลินิก จุลทรรศนศาสตร์คลินิกและปรสิตวิทยา จุลชีววิทยาคลินิก ภูมิคุ้มกันวิทยา และวิทยาศาสตร์การบริการโลหิต
db314 - plo.csv,เทคนิคการแพทยบัณฑิต (ปรับปรุง 2566),K,39,อธิบายหลักการและแปลผลการวิธีวิเคราะห์ทางห้องปฏิบัติการเทคนิคการแพทย์ ได้แก่ โลหิตวิทยา เคมีคลินิก จุลทรรศนศาสตร์คลินิกและปรสิตวิทยา จุลชีววิทยาคลินิก ภูมิคุ้มกันวิทยา และวิทยาศาสตร์การบริการโลหิต
db314 - plo.csv,เทคนิคการแพทยบัณฑิต (ปรับปรุง 2566),K,40,อธิบายส่วนประกอบและใช้เครื่องวิเคราะห์อัตโนมัติสำหรับห้องปฏิบัติการเทคนิคการแพทย์ ได้แก่ โลหิตวิทยา เคมีคลินิก จุลทรรศนศาสตร์คลินิกและปรสิตวิทยา จุลชีววิทยาคลินิก ภูมิคุ้มกันวิทยา และวิทยาศาสตร์การบริการโลหิต
db314 - plo.csv,เทคนิคการแพทยบัณฑิต (ปรับปรุง 2566),K,41,อธิบายความรู้พื้นฐานด้านชีวเคมี เคมีคลินิก เภสัชวิทยา และพิษวิทยา
db314 - plo.csv,เทคนิคการแพทยบัณฑิต (ปรับปรุง 2566),K,42,เชื่อมโยงความสัมพันธ์ระหว่างผลการตรวจทางห้องปฏิบัติการเคมีคลินิกกับพยาธิกำเนิดและพยาธิสรีรวิทยาของโรค
db314 - plo.csv,เทคนิคการแพทยบัณฑิต (ปรับปรุง 2566),K,43,เชื่อมโยงความสัมพันธ์ระหว่างผลการตรวจทางห้องปฏิบัติการจุลชีววิทยาคลินิกกับพยาธิกำเนิดและพยาธิสรีรวิทยาของโรค
db314 - plo.csv,เทคนิคการแพทยบัณฑิต (ปรับปรุง 2566),K,44,เชื่อมโยงความสัมพันธ์ระหว่างผลการตรวจทางห้องปฏิบัติการภูมิคุ้มกันวิทยาคลินิกกับพยาธิกำเนิดและพยาธิสรีรวิทยาของโรค
db314 - plo.csv,เทคนิคการแพทยบัณฑิต (ปรับปรุง 2566),K,45,เชื่อมโยงความสัมพันธ์ระหว่างผลการตรวจทางห้องปฏิบัติการโลหิตวิทยาและจุลทรรศนศาสตร์คลินิกกับพยาธิกำเนิดและพยาธิสรีรวิทยาของโรค
db314 - plo.csv,เทคนิคการแพทยบัณฑิต (ปรับปรุง 2566),K,46,เชื่อมโยงความสัมพันธ์ระหว่างผลการตรวจทางห้องปฏิบัติการธนาคารเลือดกับพยาธิกำเนิดและพยาธิสรีรวิทยาของโรค
db314 - plo.csv,เทคนิคการแพทยบัณฑิต (ปรับปรุง 2566),K,47,อธิบายการจัดการสิ่งส่งตรวจหลังการวิเคราะห์ตามหลักมาตรฐาน
db314 - plo.csv,เทคนิคการแพทยบัณฑิต (ปรับปรุง 2566),K,48,อธิบายความรู้พื้นฐานด้านสุขภาพ
db314 - plo.csv,เทคนิคการแพทยบัณฑิต (ปรับปรุง 2566),K,49,อธิบายความรู้ด้านชีววิทยาโมเลกุล และพันธุศาสตร์ (molecular biology and genetics)
db314 - plo.csv,เทคนิคการแพทยบัณฑิต (ปรับปรุง 2566),K,50,อธิบายความรู้พื้นฐานด้านเซลล์ต้นกำเนิด (Stem cells)
db314 - plo.csv,เทคนิคการแพทยบัณฑิต (ปรับปรุง 2566),K,51,อธิบายหลักการพื้นฐานและวิธีการตรวจทางห้องปฏิบัติการเพื่อสนับสนุนงานทางนิติวิทยาศาสตร์ (Forensic sciences)
db314 - plo.csv,เทคนิคการแพทยบัณฑิต (ปรับปรุง 2566),K,52,อธิบายหลักการพื้นฐานและวิธีการตรวจทางห้องปฏิบัติการเพื่อสนับสนุนงานทางด้านเวชศาสตร์ฟื้นฟู (Regenrative medicine)
db314 - plo.csv,เทคนิคการแพทยบัณฑิต (ปรับปรุง 2566),K,53,อธิบายหลักการพื้นฐานและวิธีการตรวจทางห้องปฏิบัติการเพื่อสนับสนุนงานเวชศาสตร์การเจริญพันธุ์ (Reproductive medicine)
db314 - plo.csv,เทคนิคการแพทยบัณฑิต (ปรับปรุง 2566),K,54,อธิบายหลักการด้านชีวสารสนเทศเบื้องต้น
db314 - plo.csv,เทคนิคการแพทยบัณฑิต (ปรับปรุง 2566),S,1,ใช้กล้องจุลทรรศน์สำหรับการวิเคราะห์ได้อย่างเหมาะสม
db314 - plo.csv,เทคนิคการแพทยบัณฑิต (ปรับปรุง 2566),S,2,ปฏิบัติการพื้นฐาน ชีววิทยา เคมี เคมีอินทรีย์ ฟิสิกส์ กายวิภาคศาสตร์ ได้อย่างเหมาะสม
db314 - plo.csv,เทคนิคการแพทยบัณฑิต (ปรับปรุง 2566),S,3,จัดการสารเคมี และขยะสารเคมีในห้องปฏิบัติการได้อย่างเหมาะสม
db314 - plo.csv,เทคนิคการแพทยบัณฑิต (ปรับปรุง 2566),S,4,ปฏิบัติงานตามหลักความปลอดภัยทางชีวภาพได้อย่างเหมาะสม
db314 - plo.csv,เทคนิคการแพทยบัณฑิต (ปรับปรุง 2566),S,5,ใช้และดูแลรักษาเครื่องมือในงานเทคนิคการแพทย์ ได้แก่ งานโลหิตวิทยา เคมีคลินิก จุลทรรศนศาสตร์คลินิกและปรสิตวิทยา จุลชีววิทยาคลินิก ภูมิคุ้มกันวิทยา และวิทยาศาสตร์การบริการโลหิต
db314 - plo.csv,เทคนิคการแพทยบัณฑิต (ปรับปรุง 2566),S,6,เก็บสิ่งตัวอย่างสำหรับงานวินิจฉัยทางห้องปฏิบัติการเทคนิคการแพทย์ ได้แก่ งานโลหิตวิทยา เคมีคลินิก จุลทรรศนศาสตร์คลินิกและปรสิตวิทยา จุลชีววิทยาคลินิก ภูมิคุ้มกันวิทยา และวิทยาศาสตร์การบริการโลหิต
db314 - plo.csv,เทคนิคการแพทยบัณฑิต (ปรับปรุง 2566),S,7,ปฏิบัติงานทางห้องปฏิบัติการชีวเคมี และเคมีคลินิกได้อย่างเหมาะสม
db314 - plo.csv,เทคนิคการแพทยบัณฑิต (ปรับปรุง 2566),S,8,ปฏิบัติงานทางห้องปฏิบัติการจุลชีววิทยาพื้นฐาน ปรสิตวิทยา จุลชีววิทยาคลินิก ได้อย่างเหมาะสม
db314 - plo.csv,เทคนิคการแพทยบัณฑิต (ปรับปรุง 2566),S,9,ปฏิบัติงานทางห้องปฏิบัติการภูมิคุ้มกันวิทยาคลินิกได้อย่างเหมาะสม
db314 - plo.csv,เทคนิคการแพทยบัณฑิต (ปรับปรุง 2566),S,10,ปฏิบัติงานทางห้องปฏิบัติการโลหิตวิทยาคลินิก และจุลทรรศนศาสตร์คลินิกได้อย่างเหมาะสม
db314 - plo.csv,เทคนิคการแพทยบัณฑิต (ปรับปรุง 2566),S,11,ปฏิบัติงานทางห้องปฏิบัติการธนาคารเลือดได้อย่างเหมาะสม
db314 - plo.csv,เทคนิคการแพทยบัณฑิต (ปรับปรุง 2566),S,12,ปฏิบัติกระบวนการวิจัย วิเคราะห์และแก้ไขปัญหาอย่างเป็นระบบและสร้างสรรค์
db314 - plo.csv,เทคนิคการแพทยบัณฑิต (ปรับปรุง 2566),S,13,ปฏิบัติงานด้านชีววิทยาโมเลกุลและพันธุศาสตร์ได้อย่างเหมาะสม
db314 - plo.csv,เทคนิคการแพทยบัณฑิต (ปรับปรุง 2566),S,14,ประยุกต์ใช้ความรู้ชีวสารสนเทศได้อย่างเหมาะสม
db314 - plo.csv,เทคนิคการแพทยบัณฑิต (ปรับปรุง 2566),E,1,แสดงออกซึ่งการเคารพสิทธิของผู้ป่วย คุณค่าและศักดิ์ศรีของความเป็นมนุษย์
db314 - plo.csv,เทคนิคการแพทยบัณฑิต (ปรับปรุง 2566),E,2,ปฏิบัติตามหลักคุณธรรม จริยธรรม และจรรยาบรรณวิชาชีพ
db314 - plo.csv,เทคนิคการแพทยบัณฑิต (ปรับปรุง 2566),E,3,แสดงออกซึ่งการมีวินัยและรับผิดชอบต่อตนเอง วิชาชีพ สังคมและสิ่งแวดล้อม
db314 - plo.csv,เทคนิคการแพทยบัณฑิต (ปรับปรุง 2566),E,4,แสดงออกซึ่งความซื่อสัตย์ในวิชาการและวิชาชีพ
db314 - plo.csv,เทคนิคการแพทยบัณฑิต (ปรับปรุง 2566),C,1,แสดงออกซึ่งความคิดแบบยืดหยุ่นและแบบเติบโต (growth mindset)
db314 - plo.csv,เทคนิคการแพทยบัณฑิต (ปรับปรุง 2566),C,2,แสดงออกซึ่งความเคารพต่อบุคคลและสถานที่อย่างเหมาะสม
db314 - plo.csv,เทคนิคการแพทยบัณฑิต (ปรับปรุง 2566),C,3,แสดงออกซึ่งการยอมรับความคิดเห็นที่แตกต่างของผู้อื่นและทำงานเป็นทีมกับสหวิชาชีพและชุมชนได้
db314 - plo.csv,เทคนิคการแพทยบัณฑิต (ปรับปรุง 2566),C,4,สื่อสารอย่างสร้างสรรค์
db314 - plo.csv,3. วิศวกรรมศาสตรบัณฑิต สาขาวิชาวิศวกรรมโยธา (นานาชาติ) (ปรับปรุง 2566),K,1,ผู้เรียนมีองค์ความรู้พื้นฐานทางคณิตศาสตร์และวิทยาศาสตร์ที่จำเป็นสำหรับงานวิศวกรรมโยธา ได้แก่ ฟิสิกส์ เคมี คณิตศาสตร์เชิงวิศวกรรรม สถิติและความน่าจะเป็น เป็นต้น
db314 - plo.csv,3. วิศวกรรมศาสตรบัณฑิต สาขาวิชาวิศวกรรมโยธา (นานาชาติ) (ปรับปรุง 2566),K,2,ผู้เรียนมีองค์ความรู้พื้นฐานทางวิศวกรรมที่จำเป็นสำหรับงานวิศวกรรมโยธา ได้แก่ ความเข้าใจในแบบ วิศวกรรม วัสดุวิศวกรรม คอมพิวเตอร์โปรแกรม กลศาสตร์วิศวกรรม วิศวกรรมสำรวจ เป็นต้น
db314 - plo.csv,3. วิศวกรรมศาสตรบัณฑิต สาขาวิชาวิศวกรรมโยธา (นานาชาติ) (ปรับปรุง 2566),K,3,ผู้เรียนมีองค์ความรู้เฉพาะด้านทางวิศวกรรมโยธา ได้แก่ วิศวกรรมโครงสร้าง วิศวกรรมการก่อสร้างและ การจัดการ วิศวกรรมขนส่ง วิศวกรรมแหล่งน้ำ วิศวกรรมธรณี เป็นต้น
db314 - plo.csv,3. วิศวกรรมศาสตรบัณฑิต สาขาวิชาวิศวกรรมโยธา (นานาชาติ) (ปรับปรุง 2566),K,4,ผู้เรียนมีองค์ความรู้สำหรับการพัฒนาตนเองและวิชาชีพสำหรับการเรียนรู้ตลอดชีวิต (Personal and Professional Development for the Lifelong Learning) เพื่อให้ทันกับการเปลี่ยนแปลงของโลก ได้แก่ ความรู้ด้านการพัฒนาตนเอง ความรู้ด้านการเงิน และการลงทุน การเป็นผู้ประกอบการ เทคโนโลยีดิจิทัล และปัญญาประดิษฐ์ เป็นต้น
db314 - plo.csv,3. วิศวกรรมศาสตรบัณฑิต สาขาวิชาวิศวกรรมโยธา (นานาชาติ) (ปรับปรุง 2566),S,1,ผู้เรียนสามารถคิดอย่างมีวิจารณญาณ (Critical Thinking) และแก้ไขปัญหาที่ซับซ้อน (Complex Problem Solving) ในการออกแบบและวิเคราะห์ปัญหาทางวิศวกรรมโยธา โดยคำนึงถึงความเป็นไปได้ในทาง วิศวกรรม ความคุ้มค่า ผลกระทบต่อสังคมและสิ่งแวดล้อม
db314 - plo.csv,3. วิศวกรรมศาสตรบัณฑิต สาขาวิชาวิศวกรรมโยธา (นานาชาติ) (ปรับปรุง 2566),S,2,ผู้เรียนสามารถสื่อสารด้วยภาษาอังกฤษและประยุกต์ใช้เทคโนโลยีดิจิทัลได้อย่างมีประสิทธิภาพ (English Communication and Digital Literacy)
db314 - plo.csv,3. วิศวกรรมศาสตรบัณฑิต สาขาวิชาวิศวกรรมโยธา (นานาชาติ) (ปรับปรุง 2566),S,3,ผู้เรียนสามารถทำงานเป็นทีม (Teamwork) ได้ และทำงานร่วมกับทีมอื่นๆ (Multidisciplinary Collaboration) ได้อย่างมีประสิทธิภาพ
db314 - plo.csv,3. วิศวกรรมศาสตรบัณฑิต สาขาวิชาวิศวกรรมโยธา (นานาชาติ) (ปรับปรุง 2566),S,4,ผู้เรียนสามารถพัฒนาแนวคิดริเริ่มสร้างสรรค์และร่วมสร้างสรรค์นวัตกรรมใหม่ๆ (Creativity)
db314 - plo.csv,3. วิศวกรรมศาสตรบัณฑิต สาขาวิชาวิศวกรรมโยธา (นานาชาติ) (ปรับปรุง 2566),E,1,ผู้เรียนเข้าใจและปฏิบัติตามหลักจริยธรรมและจรรยาบรรณในวิชาชีพวิศวกรรมโยธารวมถึงข้อกฎหมาย และมาตรฐานต่างๆ ที่เกี่ยวข้องกับวิชาชีพวิศวกรรมโยธา (Ethical and Professional Conduct)
db314 - plo.csv,3. วิศวกรรมศาสตรบัณฑิต สาขาวิชาวิศวกรรมโยธา (นานาชาติ) (ปรับปรุง 2566),C,1,ผู้เรียนมีความสามารถในการบริหารจัดการโครงการทางวิศวกรรมโยธาได้ (Civil Engineering Project Management)
db314 - plo.csv,5. วิศวกรรมศาสตรบัณฑิต สาขาวิชาวิศวกรรมเคมี (นานาชาติ) (ปรับปรุง 2566),K,1,ผู้เรียนมีความรู้ความเข้าใจอย่างกว้างขวางในหลักการพื้นฐานทางวิทยาศาสตร์และเทคโนโลยี
db314 - plo.csv,5. วิศวกรรมศาสตรบัณฑิต สาขาวิชาวิศวกรรมเคมี (นานาชาติ) (ปรับปรุง 2566),K,2,ผู้เรียนมีความรู้ความเข้าใจในหลักการทางด้านวิศวกรรมเคมี และเคมีประยุกต์
db314 - plo.csv,5. วิศวกรรมศาสตรบัณฑิต สาขาวิชาวิศวกรรมเคมี (นานาชาติ) (ปรับปรุง 2566),K,3,ผู้เรียนมีความรู้ความเข้าใจในหลักการออกแบบกระบวนการทางวิศวกรรมเคมี
db314 - plo.csv,5. วิศวกรรมศาสตรบัณฑิต สาขาวิชาวิศวกรรมเคมี (นานาชาติ) (ปรับปรุง 2566),K,4,ผู้เรียนมีความรู้ความเข้าใจในกระบวนการผลิตทางวิศวกรรมเคมี
db314 - plo.csv,5. วิศวกรรมศาสตรบัณฑิต สาขาวิชาวิศวกรรมเคมี (นานาชาติ) (ปรับปรุง 2566),K,5,ผู้เรียนสามารถประยุกต์ใช้ความรู้ทางวิศวกรรมเคมี และบูรณาการร่วมกับศาสตร์อื่น ๆ ได้อย่างเหมาะสม
db314 - plo.csv,5. วิศวกรรมศาสตรบัณฑิต สาขาวิชาวิศวกรรมเคมี (นานาชาติ) (ปรับปรุง 2566),S,1,ผู้เรียนสามารถวิเคราะห์ประเด็นปัญหาด้านวิศวกรรมเคมี โดยการคิดวิเคราะห์เชิงวิพากษ์ สามารถบูรณาการร่วมกับศาสตร์อื่น ๆ ที่เกี่ยวข้องได้
db314 - plo.csv,5. วิศวกรรมศาสตรบัณฑิต สาขาวิชาวิศวกรรมเคมี (นานาชาติ) (ปรับปรุง 2566),S,2,ผู้เรียนสามารถทำงานเป็นทีมได้ สามารถสื่อสารได้ด้วยภาษาอังกฤษกับบุคคลที่เกี่ยวข้องทุกระดับ
db314 - plo.csv,5. วิศวกรรมศาสตรบัณฑิต สาขาวิชาวิศวกรรมเคมี (นานาชาติ) (ปรับปรุง 2566),S,3,ผู้เรียนสามารถพัฒนาแนวคิด ริเริ่มสร้างสรรค์และร่วมสร้างสรรค์นวัตกรรมใหม่ ๆ
db314 - plo.csv,5. วิศวกรรมศาสตรบัณฑิต สาขาวิชาวิศวกรรมเคมี (นานาชาติ) (ปรับปรุง 2566),S,4,ผู้เรียนสามารถใช้เทคโนโลยีสารสนเทศและดิจิทัล ในการวิเคราะห์ข้อมูล การวิจัย และการออกแบบทางวิศวกรรมเคมี
db314 - plo.csv,5. วิศวกรรมศาสตรบัณฑิต สาขาวิชาวิศวกรรมเคมี (นานาชาติ) (ปรับปรุง 2566),E,1,ผู้เรียนเป็นผู้วางตนอยู่ในพื้นฐานของจริยธรรมและจรรยาบรรณทางวิชาชีพของวิศวกร
db314 - plo.csv,5. วิศวกรรมศาสตรบัณฑิต สาขาวิชาวิศวกรรมเคมี (นานาชาติ) (ปรับปรุง 2566),C,1,ผู้เรียนสามารถประสานงานและเป็นผู้นำได้อย่างเหมาะสมตามโอกาส รวมไปถึงสามารถปรับตัวให้เข้ากับกลุ่มคนต่าง ๆ เพื่อใช้ในการประกอบวิชาชีพวิศวกร
db314 - plo.csv,4. วิศวกรรมศาสตรบัณฑิต สาขาวิชาวิศวกรรมเครื่องกล (นานาชาติ) (ปรับปรุง 2566),K,1,มีความรู้พื้นฐานทางด้านคณิตศาสตร์ วิทยาศาสตร์ และวิศวกรรมศาสตร์
db314 - plo.csv,4. วิศวกรรมศาสตรบัณฑิต สาขาวิชาวิศวกรรมเครื่องกล (นานาชาติ) (ปรับปรุง 2566),K,2,สามารถแยกแยะ กำหนดปัญหา และแก้ปัญหาทางวิศวกรรมเครื่องกลที่ซับซ้อนได้ โดยประยุกต์หลักการทาง คณิตศาสตร์ วิทยาศาสตร์ และวิศวกรรมศาสตร์
db314 - plo.csv,4. วิศวกรรมศาสตรบัณฑิต สาขาวิชาวิศวกรรมเครื่องกล (นานาชาติ) (ปรับปรุง 2566),S,1,สามารถวิเคราะห์ประเด็นปัญหา โดยการคิดวิเคราะห์เชิงวิพากษ์ ด้านวิศวกรรมเครื่องกล (Critical Thinking) และ สามารถบูรณาการร่วมกับศาสตร์อื่น ๆ ที่เกี่ยวข้องได้
db314 - plo.csv,4. วิศวกรรมศาสตรบัณฑิต สาขาวิชาวิศวกรรมเครื่องกล (นานาชาติ) (ปรับปรุง 2566),S,2,สามารถทำงานเป็นทีมได้ สร้างสภาพแวดล้อมการทำงานร่วมกันและมีส่วนร่วม กำหนดเป้าหมาย วางแผนงาน และ บรรลุวัตถุประสงค์ (Collaboration)
db314 - plo.csv,4. วิศวกรรมศาสตรบัณฑิต สาขาวิชาวิศวกรรมเครื่องกล (นานาชาติ) (ปรับปรุง 2566),S,3,สามารถสื่อสารได้ด้วยภาษาอังกฤษอย่างมีประสิทธิภาพกับบุคคลที่เกี่ยวข้องทุกระดับ (Communication)
db314 - plo.csv,4. วิศวกรรมศาสตรบัณฑิต สาขาวิชาวิศวกรรมเครื่องกล (นานาชาติ) (ปรับปรุง 2566),S,4,สามารถพัฒนาแนวคิดทางวิศวกรรมเครื่องกล เพื่อริเริ่มและร่วมสร้างสรรค์นวัตกรรม (Creativity)
db314 - plo.csv,4. วิศวกรรมศาสตรบัณฑิต สาขาวิชาวิศวกรรมเครื่องกล (นานาชาติ) (ปรับปรุง 2566),S,5,สามารถประยุกต์เทคโนโลยีสารสนเทศและดิจิทัลที่เหมาะสม เพื่อวิเคราะห์ ตีความข้อมูล เพื่อหาข้อสรุปทาง วิศวกรรมเครื่องกล
db314 - plo.csv,4. วิศวกรรมศาสตรบัณฑิต สาขาวิชาวิศวกรรมเครื่องกล (นานาชาติ) (ปรับปรุง 2566),E,1,มีความตระหนักถึงความรับผิดชอบทางจริยธรรมในอาชีพวิศวกรเครื่องกล โดยคำนึงถึงสุขภาพ ความปลอดภัย สวัสดิภาพของประชาชน วัฒนธรรม สังคม สิ่งแวดล้อม และเศรษฐกิจ
db314 - plo.csv,4. วิศวกรรมศาสตรบัณฑิต สาขาวิชาวิศวกรรมเครื่องกล (นานาชาติ) (ปรับปรุง 2566),C,1,ประสานงานได้อย่างมีประสิทธิภาพและเป็นผู้นำได้ (Coordinating with others and Leadership)
db314 - plo.csv,4. วิศวกรรมศาสตรบัณฑิต สาขาวิชาวิศวกรรมเครื่องกล (นานาชาติ) (ปรับปรุง 2566),C,2,มีความยืดหยุ่น และสามารถปรับตัวได้เมื่อเจอการเปลี่ยนแปลงกับสภาวะการณ์ต่าง ๆ (Resilience)
db314 - plo.csv,6. วิทยาศาสตรบัณฑิต สาขาวิชาการวิเคราะห์ธุรกิจและโซ่อุปทาน (นานาชาติ) (ปรับปรุง 2566),K,1,ผู้เรียนสามารถประยุกต์นำความรู้ทางการวิเคราะห์ธุรกิจและโซ่อุปทาน มาใช้วิเคราะห์อย่างเป็นระบบและแก้ปัญหาที่ซับซ้อนได้
db314 - plo.csv,6. วิทยาศาสตรบัณฑิต สาขาวิชาการวิเคราะห์ธุรกิจและโซ่อุปทาน (นานาชาติ) (ปรับปรุง 2566),S,1,ผู้เรียนสามารถวิเคราะห์ประเด็นปัญหา โดยการคิดวิเคราะห์เชิงวิพากษ์ ด้านการวิเคราะห์ธุรกิจและโซ่อุปทาน
db314 - plo.csv,6. วิทยาศาสตรบัณฑิต สาขาวิชาการวิเคราะห์ธุรกิจและโซ่อุปทาน (นานาชาติ) (ปรับปรุง 2566),S,2,ผู้เรียนสามารถทำงานเป็นทีมได้
db314 - plo.csv,6. วิทยาศาสตรบัณฑิต สาขาวิชาการวิเคราะห์ธุรกิจและโซ่อุปทาน (นานาชาติ) (ปรับปรุง 2566),S,3,ผู้เรียนสามารถสื่อสารได้ด้วยภาษาอังกฤษกับบุคคลที่เกี่ยวข้องทุกระดับ
db314 - plo.csv,6. วิทยาศาสตรบัณฑิต สาขาวิชาการวิเคราะห์ธุรกิจและโซ่อุปทาน (นานาชาติ) (ปรับปรุง 2566),S,4,ผู้เรียนสามารถพัฒนาแนวคิดริเริ่มสร้างสรรค์และร่วมสร้างสรรค์นวัตกรรมใหม่ๆ
db314 - plo.csv,6. วิทยาศาสตรบัณฑิต สาขาวิชาการวิเคราะห์ธุรกิจและโซ่อุปทาน (นานาชาติ) (ปรับปรุง 2566),S,5,ผู้เรียนสามารถใช้เทคโนโลยีสารสนเทศและดิจิทัลที่เหมาะสม ในการวิเคราะห์ข้อมูลทางด้านธุรกิจและโซ่อุปทาน
db314 - plo.csv,6. วิทยาศาสตรบัณฑิต สาขาวิชาการวิเคราะห์ธุรกิจและโซ่อุปทาน (นานาชาติ) (ปรับปรุง 2566),E,1,ผู้เรียนเป็นผู้มีจริยธรรม และจรรยาบรรณทางวิชาชีพ
db314 - plo.csv,6. วิทยาศาสตรบัณฑิต สาขาวิชาการวิเคราะห์ธุรกิจและโซ่อุปทาน (นานาชาติ) (ปรับปรุง 2566),C,1,ผู้เรียนสามารถประสานงานและเป็นผู้นำได้อย่างเหมาะสมตามโอกาส รวมถึงสามารถปรับตัวให้เข้ากับสถานการณ์ที่เปลี่ยนแปลงไป
db314 - plo.csv,1. วิศวกรรมศาสตรบัณฑิต สาขาวิชาวิศวกรรมไฟฟ้า (นานาชาติ) (ปรับปรุง 2566),K,1,มีความรู้และเข้าใจถึงหลักการพื้นฐานด้านวิศวกรรมไฟฟ้า และหลักการทำงานของวงจรไฟฟ้า ระบบไฟฟ้ากำลัง ระบบควบคุม และระบบสื่อสารได้ เพื่อนำไปใช้วิเคราะห์และออกแบบระบบไฟฟ้า
db314 - plo.csv,1. วิศวกรรมศาสตรบัณฑิต สาขาวิชาวิศวกรรมไฟฟ้า (นานาชาติ) (ปรับปรุง 2566),K,2,มีความรู้และเข้าใจถึงกระบวนการวิเคราะห์และออกแบบ ระบบไฟฟ้ากำลัง และระบบไฟฟ้าสื่อสาร ตามมาตรฐานทางวิศวกรรมไฟฟ้า เพื่อใช้ปฏิบัติงานในภาคอุตสาหกรรม หน่วยงานวิจัย หรือการศึกษาต่อ
db314 - plo.csv,1. วิศวกรรมศาสตรบัณฑิต สาขาวิชาวิศวกรรมไฟฟ้า (นานาชาติ) (ปรับปรุง 2566),S,1,สามารถวิเคราะห์และออกแบบระบบไฟฟ้ากำลัง และระบบไฟฟ้าสื่อสาร ตามมาตรฐานทางวิศวกรรมไฟฟ้า
db314 - plo.csv,1. วิศวกรรมศาสตรบัณฑิต สาขาวิชาวิศวกรรมไฟฟ้า (นานาชาติ) (ปรับปรุง 2566),S,2,สามารถนำเสนอและสื่อสารเชิงเทคนิคด้านวิศวกรรมด้วยภาษาอังกฤษ ทั้งในระดับบุคคลและระดับกลุ่มคน
db314 - plo.csv,1. วิศวกรรมศาสตรบัณฑิต สาขาวิชาวิศวกรรมไฟฟ้า (นานาชาติ) (ปรับปรุง 2566),S,3,สามารถวิเคราะห์ปัญหาอย่างเป็นระบบ เสนอแนวทางการแก้ปัญหาที่เหมาะสมอย่างสร้างสรรค์ ลงมือแก้ปัญหา และติดตามผลเพื่อปรับปรุงได้
db314 - plo.csv,1. วิศวกรรมศาสตรบัณฑิต สาขาวิชาวิศวกรรมไฟฟ้า (นานาชาติ) (ปรับปรุง 2566),S,4,สามารถใช้เครื่องมือและเทคโนโลยีด้านดิจิทัลมาช่วยเรียนรู้ ค้นคว้า วิเคราะห์ ออกแบบและสื่อสารทางเทคนิค
db314 - plo.csv,1. วิศวกรรมศาสตรบัณฑิต สาขาวิชาวิศวกรรมไฟฟ้า (นานาชาติ) (ปรับปรุง 2566),E,1,ตระหนักและประพฤติตน บนพื้นฐานของการมีจริยธรรม และจรรยาบรรณทางวิชาชีพของวิศวกร
db314 - plo.csv,1. วิศวกรรมศาสตรบัณฑิต สาขาวิชาวิศวกรรมไฟฟ้า (นานาชาติ) (ปรับปรุง 2566),C,1,เป็นพลเมืองที่มีความรับผิดชอบต่อสังคม เคารพกติกา เคารพสิทธิ์ผู้อื่น เคารพความเสมอภาค และเคารพความแตกต่างหลากหลาย
db314 - plo.csv,1. วิศวกรรมศาสตรบัณฑิต สาขาวิชาวิศวกรรมไฟฟ้า (นานาชาติ) (ปรับปรุง 2566),C,2,เป็นวิศวกรที่มุ่งสร้างระบบที่มีประสิทธิภาพและคำนึงถึงความปลอดภัยของผู้เกี่ยวข้อง
db314 - plo.csv,7. วิศวกรรมศาสตรบัณฑิต สาขาวิชาวิศวกรรมคอมพิวเตอร์ (นานาชาติ) (ปรับปรุง 2566),K,1,ผู้เรียนสามารถประยุกต์นำความรู้ทางวิศวกรรมคอมพิวเตอร์ และเทคโนโลยีสารสนเทศไปใช้ในการออกแบบและพัฒนาระบบงานและการสร้างนวัตกรรมใหม่ และมีความสามารถแก้ปัญหาที่ซับซ้อนได้ (Complex Problem Solving)
db314 - plo.csv,7. วิศวกรรมศาสตรบัณฑิต สาขาวิชาวิศวกรรมคอมพิวเตอร์ (นานาชาติ) (ปรับปรุง 2566),S,1,ผู้เรียนสามารถวิเคราะห์ประเด็นปัญหา โดยการคิดวิเคราะห์เชิงวิพากษ์ (Critical Thinking) ด้านวิศวกรรมศาสตร์ คอมพิวเตอร์ ปัญญาประดิษฐ์ และเทคโนโลยีสารสนเทศ
db314 - plo.csv,7. วิศวกรรมศาสตรบัณฑิต สาขาวิชาวิศวกรรมคอมพิวเตอร์ (นานาชาติ) (ปรับปรุง 2566),S,2,ผู้เรียนสามารถทำงานเป็นทีมได้ (Collaboration)
db314 - plo.csv,7. วิศวกรรมศาสตรบัณฑิต สาขาวิชาวิศวกรรมคอมพิวเตอร์ (นานาชาติ) (ปรับปรุง 2566),S,3,ผู้เรียนสามารถสื่อสารได้ด้วยภาษาอังกฤษกับบุคคลที่เกี่ยวข้องทุกระดับ (Communication)
db314 - plo.csv,7. วิศวกรรมศาสตรบัณฑิต สาขาวิชาวิศวกรรมคอมพิวเตอร์ (นานาชาติ) (ปรับปรุง 2566),S,4,ผู้เรียนสามารถพัฒนาแนวคิดริเริ่มสร้างสรรค์และร่วมสร้างสรรค์นวัตกรรมใหม่ๆ (Creativity)
db314 - plo.csv,7. วิศวกรรมศาสตรบัณฑิต สาขาวิชาวิศวกรรมคอมพิวเตอร์ (นานาชาติ) (ปรับปรุง 2566),S,5,ผู้เรียนสามารถประยุกต์นำทักษะด้านดิจิทัลไปประยุกต์ใช้ให้เกิดประโยชน์สูงสุดในการสื่อสารการปฏิบัติงาน และการทำงานร่วมกัน หรือใช้เพื่อพัฒนากระบวนการทำงาน หรือระบบงานในองค์กรให้มีประสิทธิภาพ
db314 - plo.csv,7. วิศวกรรมศาสตรบัณฑิต สาขาวิชาวิศวกรรมคอมพิวเตอร์ (นานาชาติ) (ปรับปรุง 2566),E,1,ผู้เรียนเป็นผู้มีจริยธรรม มีจรรยาบรรณทางวิชาชีพ
db314 - plo.csv,7. วิศวกรรมศาสตรบัณฑิต สาขาวิชาวิศวกรรมคอมพิวเตอร์ (นานาชาติ) (ปรับปรุง 2566),C,1,ผู้เรียนสามารถประสานงานและเป็นผู้นำได้อย่างเหมาะสมตามโอกาส (Coordinating with others and Leadership)
db314 - plo.csv,7. วิศวกรรมศาสตรบัณฑิต สาขาวิชาวิศวกรรมคอมพิวเตอร์ (นานาชาติ) (ปรับปรุง 2566),C,2,ผู้เรียนสามารถเรียนรู้เทคโนโลยีใหม่ได้ด้วยตัวเอง เพื่อปรับตัวให้ทันการเปลี่ยนแปลงทางวิศวกรรมคอมพิวเตอร์ที่เกิดขึ้นอย่างรวดเร็ว
db314 - plo.csv,8. วิศวกรรมศาสตรบัณฑิต สาขาวิชาวิศวกรรมดิจิทัล (นานาชาติ) (ปรับปรุง 2566),K,1,ผู้เรียนสามารถประยุกต์นำความรู้ทางวิศวกรรมดิจิทัล และเทคโนโลยีสารสนเทศไปใช้ในการพัฒนาระบบงานและการสร้างนวัตกรรมใหม่ และมีความสามารถแก้ปัญหาที่ซับซ้อนได้ (Complex Problem Solving)
db314 - plo.csv,8. วิศวกรรมศาสตรบัณฑิต สาขาวิชาวิศวกรรมดิจิทัล (นานาชาติ) (ปรับปรุง 2566),S,1,ผู้เรียนสามารถวิเคราะห์ประเด็นปัญหา โดยการคิดวิเคราะห์เชิงวิพากษ์ (Critical Thinking) ด้านวิศวกรรมดิจิทัล และเทคโนโลยีสารสนเทศ
db314 - plo.csv,8. วิศวกรรมศาสตรบัณฑิต สาขาวิชาวิศวกรรมดิจิทัล (นานาชาติ) (ปรับปรุง 2566),S,2,ผู้เรียนสามารถทำงานเป็นทีมได้ (Collaboration)
db314 - plo.csv,8. วิศวกรรมศาสตรบัณฑิต สาขาวิชาวิศวกรรมดิจิทัล (นานาชาติ) (ปรับปรุง 2566),S,3,ผู้เรียนสามารถสื่อสารได้ด้วยภาษาอังกฤษกับบุคคลที่เกี่ยวข้องทุกระดับ (Communication)
db314 - plo.csv,8. วิศวกรรมศาสตรบัณฑิต สาขาวิชาวิศวกรรมดิจิทัล (นานาชาติ) (ปรับปรุง 2566),S,4,ผู้เรียนสามารถพัฒนาแนวคิดริเริ่มสร้างสรรค์และร่วมสร้างสรรค์นวัตกรรมใหม่ๆ (Creativity)
db314 - plo.csv,8. วิศวกรรมศาสตรบัณฑิต สาขาวิชาวิศวกรรมดิจิทัล (นานาชาติ) (ปรับปรุง 2566),S,5,ผู้เรียนสามารถประยุกต์นำทักษะด้านดิจิทัล (Digital Skill) ไปประยุกต์ใช้ให้เกิดประโยชน์สูงสุดในการสื่อสาร และการทำงานร่วมกัน หรือใช้เพื่อพัฒนากระบวนการทำงาน หรือระบบงานในองค์กรให้มีประสิทธิภาพ
db314 - plo.csv,8. วิศวกรรมศาสตรบัณฑิต สาขาวิชาวิศวกรรมดิจิทัล (นานาชาติ) (ปรับปรุง 2566),E,1,ผู้เรียนเป็นผู้มีจริยธรรม มีจรรยาบรรณทางวิชาชีพ
db314 - plo.csv,8. วิศวกรรมศาสตรบัณฑิต สาขาวิชาวิศวกรรมดิจิทัล (นานาชาติ) (ปรับปรุง 2566),C,1,ผู้เรียนสามารถประสานงานและเป็นผู้นำได้อย่างเหมาะสมตามโอกาส (Coordinating with others and Leadership)
db314 - plo.csv,8. วิศวกรรมศาสตรบัณฑิต สาขาวิชาวิศวกรรมดิจิทัล (นานาชาติ) (ปรับปรุง 2566),C,2,ผู้เรียนสามารถเรียนรู้เทคโนโลยีใหม่ได้ด้วยตัวเอง เพื่อปรับตัวให้ทันการเปลี่ยนแปลงทางวิศวกรรมดิจิทัล และเทคโนโลยีที่เกิดขึ้นอย่างรวดเร็ว
db314 - plo.csv,2. วิศวกรรมศาสตรบัณฑิต สาขาวิชาวิศวกรรมอุตสาหการฯ (นานาชาติ) (ปรับปรุง 2566),K,1,ผู้เรียนสามารถประยุกต์นำความรู้ทางด้านวิศวกรรมอุตสาหการและระบบโลจิสติกส์อัจฉริยะ สำหรับการระบุและแก้ปัญหาที่ซับซ้อนได้
db314 - plo.csv,2. วิศวกรรมศาสตรบัณฑิต สาขาวิชาวิศวกรรมอุตสาหการฯ (นานาชาติ) (ปรับปรุง 2566),S,1,ผู้เรียนสามารถวิเคราะห์ประเด็นปัญหา โดยการคิดวิเคราะห์เชิงวิพากษ์ ด้านวิศวกรรมอุตสาหการและระบบโลจิสติกส์อัจฉริยะ ได้
db314 - plo.csv,2. วิศวกรรมศาสตรบัณฑิต สาขาวิชาวิศวกรรมอุตสาหการฯ (นานาชาติ) (ปรับปรุง 2566),S,2,ผู้เรียนมีทักษะในการประยุกต์ใช้เทคโนโลยีดิจิทัล เพื่อเพิ่มประสิทธิภาพของงานด้านวิศวกรรมอุตสาหการและระบบโลจิสติกส์อัจฉริยะ
db314 - plo.csv,2. วิศวกรรมศาสตรบัณฑิต สาขาวิชาวิศวกรรมอุตสาหการฯ (นานาชาติ) (ปรับปรุง 2566),S,3,ผู้เรียนสามารถสื่อสารได้ด้วยภาษาอังกฤษกับบุคคลที่เกี่ยวข้องทุกระดับ
db314 - plo.csv,2. วิศวกรรมศาสตรบัณฑิต สาขาวิชาวิศวกรรมอุตสาหการฯ (นานาชาติ) (ปรับปรุง 2566),S,4,ผู้เรียนสามารถพัฒนาแนวคิด ริเริ่มสร้างสรรค์และร่วมสร้างสรรค์นวัตกรรมใหม่ๆ
db314 - plo.csv,2. วิศวกรรมศาสตรบัณฑิต สาขาวิชาวิศวกรรมอุตสาหการฯ (นานาชาติ) (ปรับปรุง 2566),S,5,ผู้เรียนมีทักษะพื้นฐานในการใช้เครื่องมือ อุปกรณ์ ในห้องปฏิบัติการและในอุตสาหกรรม
db314 - plo.csv,2. วิศวกรรมศาสตรบัณฑิต สาขาวิชาวิศวกรรมอุตสาหการฯ (นานาชาติ) (ปรับปรุง 2566),E,1,ผู้เรียนเป็นผู้มีจริยธรรม มีจรรยาบรรณทางวิชาชีพ มีความประพฤติดี และปฏิบัติตามกฎเกณฑ์ของสังคม
db314 - plo.csv,2. วิศวกรรมศาสตรบัณฑิต สาขาวิชาวิศวกรรมอุตสาหการฯ (นานาชาติ) (ปรับปรุง 2566),C,1,ผู้เรียนมีลักษณะประนีประนอม และทำงานเป็นทีมได้ดี
db314 - plo.csv,2. วิศวกรรมศาสตรบัณฑิต สาขาวิชาวิศวกรรมอุตสาหการฯ (นานาชาติ) (ปรับปรุง 2566),C,2,ผู้เรียนกล้าแสดงความคิดเห็น เพื่อปรับปรุงให้องค์กรและซัพพลายเชนมีประสิทธิภาพมากขึ้น
db314 - plo.csv,วิชาโทภาษาอังกฤษเพื่อการสื่อสารเชิงวิชาชีพ (ปรับปรุง 2566),K,1,ผู้เรียนมีความรู้และทักษะการใช้ภาษาอังกฤษเพื่อการสื่อสารอย่างถูกต้อง
db314 - plo.csv,วิชาโทภาษาอังกฤษเพื่อการสื่อสารเชิงวิชาชีพ (ปรับปรุง 2566),K,2,ผู้เรียนมีความรู้ภาษาอังกฤษเชิงวิชาการเพื่อการค้นคว้าและการทำวิจัยอย่างต่อเนื่อง
db314 - plo.csv,วิชาโทภาษาอังกฤษเพื่อการสื่อสารเชิงวิชาชีพ (ปรับปรุง 2566),K,3,ผู้เรียนมีความรู้ด้านการสื่อสารข้ามวัฒนธรรมโดยใช้ภาษาอังกฤษอย่างถูกต้องและเหมาะสม ในฐานะพลเมืองโลก
db314 - plo.csv,วิชาโทภาษาอังกฤษเพื่อการสื่อสารเชิงวิชาชีพ (ปรับปรุง 2566),K,4,ผู้เรียนมีความรู้ภาษาอังกฤษที่สามารถนำไปประยุกต์ใช้ร่วมกับสื่อเทคโนโลยีที่ทันสมัย
db314 - plo.csv,วิชาโทภาษาอังกฤษเพื่อการสื่อสารเชิงวิชาชีพ (ปรับปรุง 2566),S,1,ผู้เรียนสามารถสรุปการเรียนรู้ภาษาอังกฤษอย่างเป็นระบบและมีแบบแผน
db314 - plo.csv,วิชาโทภาษาอังกฤษเพื่อการสื่อสารเชิงวิชาชีพ (ปรับปรุง 2566),S,2,ผู้เรียนสามารถประยุกต์ใช้ทักษะภาษาอังกฤษให้เข้ากับสถานการณ์ในวัฒนธรรมต่างๆ ได้อย่างเหมาะสม
db314 - plo.csv,วิชาโทภาษาอังกฤษเพื่อการสื่อสารเชิงวิชาชีพ (ปรับปรุง 2566),S,3,ผู้เรียนสามารถประเมินความสามารถทางภาษาอังกฤษของตนเองและประยุกต์ใช้ ภาษาอังกฤษกับผู้อื่นได้อย่างเหมาะสม
db314 - plo.csv,วิชาโทภาษาอังกฤษเพื่อการสื่อสารเชิงวิชาชีพ (ปรับปรุง 2566),S,4,ผู้เรียนสามารถสร้างองค์ความรู้ในแขนงวิชาต่างๆ โดยใช้ภาษาอังกฤษได้อย่างเหมาะสม
db314 - plo.csv,วิชาโทภาษาอังกฤษเพื่อการสื่อสารเชิงวิชาชีพ (ปรับปรุง 2566),E,1,ผู้เรียนสามารถรับผิดชอบทำงานที่ได้รับมอบหมายได้ครบถ้วนและตามเวลาที่กำหนด
db314 - plo.csv,วิชาโทภาษาอังกฤษเพื่อการสื่อสารเชิงวิชาชีพ (ปรับปรุง 2566),E,2,ผู้เรียนสามารถทำงานที่ได้รับมอบหมายโดยไม่ละเมิดจรรยาบรรณทางวิชาการ
db314 - plo.csv,วิชาโทภาษาอังกฤษเพื่อการสื่อสารเชิงวิชาชีพ (ปรับปรุง 2566),E,3,ผู้เรียนสามารถนำองค์ความรู้ด้านภาษาอังกฤษมาสร้างคุณประโยชน์ต่อตนเองและสังคม
db314 - plo.csv,วิชาโทภาษาอังกฤษเพื่อการสื่อสารเชิงวิชาชีพ (ปรับปรุง 2566),C,1,ผู้เรียนมีความมั่นใจในการสื่อสารภาษาอังกฤษในสถานการณ์ต่างๆ ได้อย่างเหมาะสม
db314 - plo.csv,วิชาโทภาษาอังกฤษเพื่อการสื่อสารเชิงวิชาชีพ (ปรับปรุง 2566),C,2,ผู้เรียนมีอัตลักษณ์สำหรับการสื่อสารข้ามวัฒนธรรมได้อย่างเหมาะสม
db314 - plo.csv,วิชาโทภาษาอังกฤษเพื่อการสื่อสารเชิงวิชาชีพ (ปรับปรุง 2566),C,3,ผู้เรียนมีทัศนคติที่ดีต่อการพัฒนาตนเองในการใช้ภาษาอังกฤษในแขนงวิชาต่างๆ
db314 - plo.csv,บริหารธุรกิจบัณฑิต (นานาชาติ-ปรับปรุง 66),K,1,มีความรู้และความเข้าใจในสาระสำคัญของศาสตร์ด้านบริหารธุรกิจ
db314 - plo.csv,บริหารธุรกิจบัณฑิต (นานาชาติ-ปรับปรุง 66),K,2,มีความรู้ความเข้าใจในสาระสำคัญของศาสตร์ที่เกี่ยวข้องกับบริหารธุรกิจด้านสังคมศาสตร์และวิทยาศาสตร์
db314 - plo.csv,บริหารธุรกิจบัณฑิต (นานาชาติ-ปรับปรุง 66),K,3,มีความรู้และความเข้าใจในสาระสำคัญเกี่ยวกับกระบวนการบริหารธุรกิจ ในด้านการวางแผน การจัดโครงสร้างองค์การ การปฏิบัติการ
db314 - plo.csv,บริหารธุรกิจบัณฑิต (นานาชาติ-ปรับปรุง 66),S,1,สามารถสืบค้น ประเมินข้อมูลจากหลายแหล่งและมีประสิทธิภาพด้วยตนเอง เพื่อให้ได้สารสนเทศที่เป็นประโยชน์ในการใช้งานตามสถานการณ์แวดล้อมทางธุรกิจ
db314 - plo.csv,บริหารธุรกิจบัณฑิต (นานาชาติ-ปรับปรุง 66),S,2,มีความคิดวิเคราะห์อย่างเป็นระบบ และมีเหตุผล คิดอย่างสร้างสรรค์ สามารถบูรณาการความรู้จากสาขาวิชาชีพ ที่ศึกษาและประสบการณ์เพื่อใช้ในการแก้ปัญหาทางธุรกิจและสถานการณ์ทั่วไป
db314 - plo.csv,บริหารธุรกิจบัณฑิต (นานาชาติ-ปรับปรุง 66),S,3,สามารถคิดค้นทางเลือก วิเคราะห์ทางเลือกและผลกระทบจากทางเลือกอย่างรอบด้าน มีความสามารถในการ ตัดสินใจเลือกทางเลือกที่สอดคล้องกับสถานการณ์ ทำให้เกิดการได้เปรียบทางการแข่งขันทางธุรกิจ
db314 - plo.csv,บริหารธุรกิจบัณฑิต (นานาชาติ-ปรับปรุง 66),S,4,สามารถทำงานเป็นกลุ่มและมีทักษะในการทำงานเป็นทีม แสดงภาวะผู้นำ สมาชิกของกลุ่มได้อย่างเหมาะสม และสามารถปรับตัวเชิงวิชาชีพได้
db314 - plo.csv,บริหารธุรกิจบัณฑิต (นานาชาติ-ปรับปรุง 66),S,5,สามารถแสดงความคิดริเริ่มและความเห็นต่างอย่างสร้างสรรค์ เอื้อต่อการแก้ไขปัญหาของทีม
db314 - plo.csv,บริหารธุรกิจบัณฑิต (นานาชาติ-ปรับปรุง 66),S,6,สามารถประยุกต์ใช้หลักคณิตศาสตร์ สถิติ การวิเคราะห์เชิงปริมาณมาใช้ในการวิเคราะห์และตัดสินใจทางธุรกิจและชีวิตประจำวัน
db314 - plo.csv,บริหารธุรกิจบัณฑิต (นานาชาติ-ปรับปรุง 66),S,7,สามารถสื่อสารเพื่ออธิบายและสร้างความเข้าใจในรูปแบบการพูด การเขียน ที่เหมาะสมสาหรับกลุ่มบุคคลที่แตกต่างกัน ทั้งที่เป็นข้อมูลธุรกิจและข้อมูลอื่น
db314 - plo.csv,บริหารธุรกิจบัณฑิต (นานาชาติ-ปรับปรุง 66),S,8,สามารถนำเทคโนโลยีสารสนเทศและเทคโนโลยีอื่นๆ ไปใช้สนับสนุนการดำเนินงานของธุรกิจ
db314 - plo.csv,บริหารธุรกิจบัณฑิต (นานาชาติ-ปรับปรุง 66),E,1,มีความซื่อสัตย์สุจริต เสียสละไม่เอารัดเอาเปรียบผู้อื่น มีความรับผิดชอบต่อตนเอง สังคม และสิ่งแวดล้อม
db314 - plo.csv,บริหารธุรกิจบัณฑิต (นานาชาติ-ปรับปรุง 66),E,2,มีวินัย เคารพและปฏิบัติตามกฎ ระเบียบ และข้อบังคับต่าง ๆ ขององค์กรและสังคม
db314 - plo.csv,บริหารธุรกิจบัณฑิต (นานาชาติ-ปรับปรุง 66),E,3,มีความรู้ความเข้าใจในหลักจริยธรรม คุณธรรมที่มีความสำคัญทางธุรกิจ สามารถจัดการปัญหาทางคุณธรรม จริยธรรม และจรรยาบรรณวิชาชีพทางธุรกิจ
db314 - plo.csv,บริหารธุรกิจบัณฑิต (นานาชาติ-ปรับปรุง 66),C,1,มีความสามารถในการปรับตัว จัดการได้ทุกสถานการณ์
db314 - plo.csv,บริหารธุรกิจบัณฑิต (นานาชาติ-ปรับปรุง 66),C,2,ทันโลก ทันสังคม เท่าทันการเปลี่ยนแปลงของโลกธุรกิจ
db314 - plo.csv,บัญชีบัณฑิต (ปรับปรุง 66),PLOs,1,มีความรู้ ความสามารถและทักษะด้านภาษาและเทคโนโลยีในการประกอบวิชาชีพบัญชีที่ทันสมัยตามมาตรฐานสากลอย่างมีคุณธรรม จริยธรรม
db314 - plo.csv,บัญชีบัณฑิต (ปรับปรุง 66),PLOs,2,มีความรู้รอบในศาสตร์ด้านการบริหารธุรกิจที่เกี่ยวข้อง และสามารถนำความรู้ด้านการบัญชีประยุกต์และทำงานร่วมกับผู้อื่นได้อย่างสร้างสรรค์
db314 - plo.csv,บัญชีบัณฑิต (ปรับปรุง 66),PLOs,3,ความสามารถในการคิด วิเคราะห์ และลักษณะเฉพาะตัวโดยมีความสังเกตและสงสัยเยี่ยงผู้ประกอบวิชาชีพ
db314 - plo.csv,บัญชีบัณฑิต (ปรับปรุง 66),K,1,ความรู้ด้านการบัญชีการเงินและการรายงานทางการเงิน
db314 - plo.csv,บัญชีบัณฑิต (ปรับปรุง 66),K,1,ผู้เรียนสามารถประยุกต์ใช้หลักการบัญชีและมาตรฐานการรายงานทางการเงินกับการรายการค้าและเหตุการณ์ต่าง ๆ
db314 - plo.csv,บัญชีบัณฑิต (ปรับปรุง 66),K,2,ผู้เรียนสามารถจัดทำงบการเงินซึ่งรวมถึงงบการเงินรวมตามมาตรฐานที่เกี่ยวข้องได้
db314 - plo.csv,บัญชีบัณฑิต (ปรับปรุง 66),K,3,ผู้เรียนสามารถประเมินความเหมาะสมของนโยบายการบัญชีที่ใช้ ตีความงบการเงินและการเปิดเผยข้อมูลที่เกี่ยวข้อง
db314 - plo.csv,บัญชีบัณฑิต (ปรับปรุง 66),K,4,ผู้เรียนสามารถตีความรายงานต่าง ๆ ซึ่งรวมถึงข้อมูลที่ไม่ใช่ข้อมูลทางการเงิน
db314 - plo.csv,บัญชีบัณฑิต (ปรับปรุง 66),K,2,ความรู้ด้านการบัญชีบริหาร
db314 - plo.csv,บัญชีบัณฑิต (ปรับปรุง 66),K,2,ผู้เรียนสามารถประยุกต์ใช้เทคนิคต่าง ๆ เพื่อสนับสนุนการตัดสินใจด้านการบริหารรวมถึงต้นทุนผลิตภัณฑ์ การวิเคราะห์ผลต่าง การบริหารสินค้าคงเหลือ และการจัดทำงบประมาณและการพยากรณ์
db314 - plo.csv,บัญชีบัณฑิต (ปรับปรุง 66),K,2,ผู้เรียนสามารถประยุกต์ใช้เทคนิคเชิงปริมาณที่เหมาะสมในการวิเคราะห์พฤติกรรมต้นทุนและตัวผลักดันต้นทุน
db314 - plo.csv,บัญชีบัณฑิต (ปรับปรุง 66),K,3,ผู้เรียนสามารถวิเคราะห์ข้อมูลทางการเงินและข้อมูลที่ไม่ใช่ข้อมูลทางการเงินเพื่อนำเสนอข้อมูลที่เกี่ยวข้องสำหรับการตัดสินใจด้านการบริหาร
db314 - plo.csv,บัญชีบัณฑิต (ปรับปรุง 66),K,4,ผู้เรียนสามารถจัดทำรายงานเพื่อสนับสนุนการตัดสินใจด้านการบริหารซึ่งรวมถึงรายงานต่าง ๆ
db314 - plo.csv,บัญชีบัณฑิต (ปรับปรุง 66),K,5,ผู้เรียนสามารถประเมินผลการปฏิบัติงานของผลิตภัณฑ์และส่วนงานทางธุรกิจ
db314 - plo.csv,บัญชีบัณฑิต (ปรับปรุง 66),K,3,ความรู้ด้านการเงินและบริหารการเงิน
db314 - plo.csv,บัญชีบัณฑิต (ปรับปรุง 66),K,3,ผู้เรียนสามารถเปรียบเทียบแหล่งเงินทุนต่าง ๆ สำหรับองค์กร รวมทั้งการจัดหาเงินทุน และสามารถคำนวณต้นทุนเงินทุนขององค์กร
db314 - plo.csv,บัญชีบัณฑิต (ปรับปรุง 66),K,3,ผู้เรียนสามารถวิเคราะห์ความต้องการด้านกระแสเงินสดและเงินทุนหมุนเวียนขององค์กร
db314 - plo.csv,บัญชีบัณฑิต (ปรับปรุง 66),K,3,ผู้เรียนสามารถวิเคราะห์ฐานะการเงินในปัจจุบันและในอนาคตขององค์กรโดยใช้เทคนิคต่าง ๆ
db314 - plo.csv,บัญชีบัณฑิต (ปรับปรุง 66),K,3,ผู้เรียนสามารถอธิบายวิธีประเมินมูลค่าสินทรัพย์หรือหนี้สินได้
db314 - plo.csv,บัญชีบัณฑิต (ปรับปรุง 66),K,4,ความรู้ด้านภาษีอากร
db314 - plo.csv,บัญชีบัณฑิต (ปรับปรุง 66),K,4,ผู้เรียนสามารถอธิบายข้อกำหนดและปฏิบัติตามระบบการจัดเก็บภาษีอากรของประเทศ รวมถึงวิเคราะห์ประเด็นภาษีอากรที่สัมพันธ์กับรายการค้าระหว่างประเทศที่ไม่ซับซ้อน
db314 - plo.csv,บัญชีบัณฑิต (ปรับปรุง 66),K,4,ผู้เรียนสามารถคำนวณภาษีทางตรงและทางอ้อมสำหรับบุคคลธรรมดาและนิติบุคคล
db314 - plo.csv,บัญชีบัณฑิต (ปรับปรุง 66),K,4,ผู้เรียนอธิบายความแตกต่างระหว่างการวางแผนภาษีและการหลีกเลี่ยงภาษีและการหนีภาษี
db314 - plo.csv,บัญชีบัณฑิต (ปรับปรุง 66),K,5,ความรู้ด้านการสอบบัญชีและการให้ความเชื่อมั่น
db314 - plo.csv,บัญชีบัณฑิต (ปรับปรุง 66),K,5,ผู้เรียนอธิบายขั้นตอนการตรวจสอบ และสามารถประยุกต์ใช้เทคนิคการตรวจสอบและวิธีเชิงปริมาณตามมาตรฐานการสอบบัญชีและกฎหมายข้อบังคับที่เกี่ยวข้องในการตรวจสอบงบการเงินได้
db314 - plo.csv,บัญชีบัณฑิต (ปรับปรุง 66),K,5,ผู้เรียนสามารถประเมินความเสี่ยงของข้อมูลที่ขัดต่อข้อเท็จจริงอันเป็นสาระสำคัญที่จะมีผลกระทบต่อกลยุทธ์การตรวจสอบ
db314 - plo.csv,บัญชีบัณฑิต (ปรับปรุง 66),K,5,ผู้เรียนสามารถอธิบายองค์ประกอบสำคัญของงานให้ความเชื่อมั่นและมาตรฐานที่เกี่ยวข้องกับงานนั้น
db314 - plo.csv,บัญชีบัณฑิต (ปรับปรุง 66),K,6,ความรู้ด้านการกำกับดูแลและบริหารความเสี่ยง และการควบคุมภายใน
db314 - plo.csv,บัญชีบัณฑิต (ปรับปรุง 66),K,6,ผู้เรียนสามารถอธิบายหลักการกำกับดูแลที่ดี และสามารถอธิบายบทบาทของผู้มีส่วนได้เสียในการกำกับดูแล
db314 - plo.csv,บัญชีบัณฑิต (ปรับปรุง 66),K,6,ผู้เรียนสามารถวิเคราะห์องค์ประกอบของกรอบแนวคิดในการกำกับดูแลองค์กรและวิเคราะห์ความเสี่ยงขององค์กรได้
db314 - plo.csv,บัญชีบัณฑิต (ปรับปรุง 66),K,6,ผู้เรียนสามารถวิเคราะห์องค์ประกอบของการควบคุมภายในภายในองค์กรได้
db314 - plo.csv,บัญชีบัณฑิต (ปรับปรุง 66),K,7,ความรู้เกี่ยวกับกฎหมายและข้อบังคับทางธุรกิจ
db314 - plo.csv,บัญชีบัณฑิต (ปรับปรุง 66),K,7,ผู้เรียนสามารถอธิบายกฎหมายและข้อบังคับที่กำกับดูแลกิจการได้
db314 - plo.csv,บัญชีบัณฑิต (ปรับปรุง 66),K,7,ผู้เรียนอธิบายกฎหมายและข้อบังคับที่เกี่ยวข้องกับวิชาชีพบัญชีได้
db314 - plo.csv,บัญชีบัณฑิต (ปรับปรุง 66),K,8,ความรู้ด้านเทคโนโลยีสารสนเทศ
db314 - plo.csv,บัญชีบัณฑิต (ปรับปรุง 66),K,8,ผู้เรียนวิเคราะห์ความเพียงพอของการควบคุมภายในของระบบสารสนเทศได้
db314 - plo.csv,บัญชีบัณฑิต (ปรับปรุง 66),K,8,ผู้เรียนสามารถอธิบาย และเลือกใช้เทคโนโลยีสารสนเทศเพื่อใช้ในการตัดสินใจและการวิเคราะห์ธุรกิจได้
db314 - plo.csv,บัญชีบัณฑิต (ปรับปรุง 66),K,9,ความรู้ด้านสภาพแวดล้อมทางธุรกิจและองค์กร
db314 - plo.csv,บัญชีบัณฑิต (ปรับปรุง 66),K,9,ผู้เรียนสามารถอธิบายสภาพแวดล้อมทางธุรกิจขององค์กรที่กำลังดำเนินอยู่ด้านต่าง ๆ ได้
db314 - plo.csv,บัญชีบัณฑิต (ปรับปรุง 66),K,9,ผู้เรียนสามารถวิเคราะห์ลักษณะสภาพแวดล้อมและผลกระทบที่มีต่อการดำเนินธุรกิจทั้งในระดับประเทศและระหว่างประเทศ รวมทั้งสภาพแวดล้อมทางธุรกิจใหม่ ๆ ได้
db314 - plo.csv,บัญชีบัณฑิต (ปรับปรุง 66),K,10,ความรู้ด้านเศรษฐศาสตร์
db314 - plo.csv,บัญชีบัณฑิต (ปรับปรุง 66),K,10,ผู้เรียนสามารถอธิบายหลักการพื้นฐานของเศรษฐศาสตร์มหภาคและผลกระทบของการเปลี่ยนแปลงในดัชนีชี้วัดด้านเศรษฐศาสตร์มหภาคต่อกิจกรรมทางธุรกิจ
db314 - plo.csv,บัญชีบัณฑิต (ปรับปรุง 66),K,10,ผู้เรียนสามารถอธิบายหลักการพื้นฐานของเศรษฐศาสตร์จุลภาค โครงสร้างและกลไกตลาดประเภทต่าง ๆ ในเชิงเศรษฐศาสตร์ได้
db314 - plo.csv,บัญชีบัณฑิต (ปรับปรุง 66),K,11,ความรู้ด้านกลยุทธ์ธุรกิจและการจัดการ
db314 - plo.csv,บัญชีบัณฑิต (ปรับปรุง 66),K,11,ผู้เรียนอธิบายวิธีการต่าง ๆ ที่อาจใช้ในการออกแบบและจัดรูปแบบองค์กร
db314 - plo.csv,บัญชีบัณฑิต (ปรับปรุง 66),K,11,ผู้เรียนอธิบายวัตถุประสงค์และความสำคัญของหน้าที่และการดำเนินงานประเภทต่าง ๆ ภายในองค์กร
db314 - plo.csv,บัญชีบัณฑิต (ปรับปรุง 66),K,11,ผู้เรียนสามารถวิเคราะห์ปัจจัยทั้งภายนอกและภายในที่มีผลต่อกลยุทธ์องค์กร และอธิบายกระบวนการดำเนินงานตามกลยุทธ์องค์กรได้
db314 - plo.csv,บัญชีบัณฑิต (ปรับปรุง 66),K,11,ผู้เรียนสามารถอธิบายทฤษฎีพฤติกรรมองค์กร
db314 - plo.csv,บัญชีบัณฑิต (ปรับปรุง 66),S,1,ทักษะทางปัญญา
db314 - plo.csv,บัญชีบัณฑิต (ปรับปรุง 66),S,1,ผู้เรียนสามารถประเมินข้อมูลจากแหล่งข้อมูลและแง่มุมที่หลากหลายผ่านการวิจัย การวิเคราะห์ และการบูรณาการ
db314 - plo.csv,บัญชีบัณฑิต (ปรับปรุง 66),S,1,ผู้เรียนสามารถประยุกต์ใช้เหตุผล การวิเคราะห์เชิงวิพากษ์ ตลอดจนดุลยพินิจเยี่ยงผู้ประกอบวิชาชีพในการระบุและประเมินทางเลือก เพื่อให้ได้ข้อสรุปที่สมเหตุสมผลบนพื้นฐานของข้อเท็จจริงและสถานการณ์ที่เกี่ยวข้อง รวมทั้งระบุได้ว่าเมื่อใดสมควรที่จะปรึกษาผู้เชี่ยวชาญในการแก้ปัญหาหรือหาข้อสรุป
db314 - plo.csv,บัญชีบัณฑิต (ปรับปรุง 66),S,1,ผู้เรียนสามารถเสนอแนะวิธีแก้ไขปัญหาที่ไม่มีรูปแบบและซับซ้อนในหลายแง่มุม
db314 - plo.csv,บัญชีบัณฑิต (ปรับปรุง 66),S,2,ทักษะด้านความสัมพันธ์ระหว่างบุคคลและการสื่อสาร และภาษาอังกฤษ
db314 - plo.csv,บัญชีบัณฑิต (ปรับปรุง 66),S,2,ผู้เรียนสามารถร่วมมือและทำงานเป็นทีมเพื่อให้บรรลุเป้าหมาย และตระหนักถึงความแตกต่างด้านต่าง ๆ เช่น วัฒนธรรม ภาษา และสามารถนำเสนอความคิดเพื่อโน้มน้าวใจผู้อื่นให้เกิดการสนับสนุนในการทำงาน
db314 - plo.csv,บัญชีบัณฑิต (ปรับปรุง 66),S,2,ผู้เรียนสามารถสื่อสารอย่างชัดเจนเมื่อนำเสนอ อภิปรายและรายงาน
db314 - plo.csv,บัญชีบัณฑิต (ปรับปรุง 66),S,2,ผู้เรียนสามารถใช้เทคนิคการฟัง การสัมภาษณ์ การเจรจาต่อรองและการให้คำปรึกษาเพื่อแก้ไขปัญหาหรือลดข้อขัดแย้งได้
db314 - plo.csv,บัญชีบัณฑิต (ปรับปรุง 66),S,2,ผู้เรียนสามารถใช้ทักษะภาษาอังกฤษเพื่อการสื่อสารในรูปแบบต่าง ๆ ได้
db314 - plo.csv,บัญชีบัณฑิต (ปรับปรุง 66),S,3,ทักษะด้านการจัดการตนเอง
db314 - plo.csv,บัญชีบัณฑิต (ปรับปรุง 66),S,3,ผู้เรียนสามารถแสดงให้เห็นถึงความมุ่งมั่นในการเรียนรู้อย่างต่อเนื่อง และสามารถจัดการเวลาและทรัพยากรเพื่อให้บรรลุจุดมุ่งหมาย
db314 - plo.csv,บัญชีบัณฑิต (ปรับปรุง 66),S,3,ผู้เรียนเปิดใจกว้างรับโอกาสใหม่ ๆ และความท้าทาย
db314 - plo.csv,บัญชีบัณฑิต (ปรับปรุง 66),S,3,ผู้เรียนสามารถปฏิบัติงานที่ได้รับมอบหมายตามแนวปฏิบัติ
db314 - plo.csv,บัญชีบัณฑิต (ปรับปรุง 66),S,4,ผู้เรียนสามารถประยุกต์ใช้ทักษะการบริหารคนด้านต่าง ๆ อันได้แก่ วางแผน การกระจายงานการบริหารคน รวมทั้งสอบทานงานเพื่อให้บรรลุวัตถุประสงค์ที่ตั้งไว้ได้
db314 - plo.csv,บัญชีบัณฑิต (ปรับปรุง 66),S,5,ผู้เรียนสามารถนำเครื่องมือและเทคโนโลยีที่เหมาะสมมาใช้เพื่อเพิ่มประสิทธิภาพและประสิทธิผล และการตัดสินใจที่ดีขึ้น
db314 - plo.csv,บัญชีบัณฑิต (ปรับปรุง 66),E,1,ผู้เรียนสามารถอธิบายลักษณะของจริยธรรม รวมทั้งข้อดีข้อเสียของแนวทางการปฏิบัติตามกฎเกณฑ์และแนวปฏิบัติตามหลักจริยธรรมได้
db314 - plo.csv,บัญชีบัณฑิต (ปรับปรุง 66),E,2,ผู้เรียนสามารถระบุประเด็นทางจริยธรรมและจรรยาบรรณทางวิชาชีพ วิเคราะห์ทางเลือกของวิธีปฏิบัติ และประยุกต์ใช้ข้อกำหนดทางจริยธรรมและจรรยาบรรณที่เกี่ยวข้องกับพฤติกรรมทางวิชาชีพได้อย่างเหมาะสม
db314 - plo.csv,บัญชีบัณฑิต (ปรับปรุง 66),E,3,ผู้เรียนสามารถอธิบายบทบาทของจริยธรรมในวิชาชีพที่เกี่ยวข้องกับการดำเนินธุรกิจและความรับผิดชอบต่อสังคม
db314 - plo.csv,บัญชีบัณฑิต (ปรับปรุง 66),C,1,ผู้เรียนมีความคล่องตัว มีความสามารถในการปรับตัว กล้าแสดงออก กล้าตัดสินใจ มีภาวะความเป็นผู้นำ
db314 - plo.csv,บัญชีบัณฑิต (ปรับปรุง 66),C,2,ผู้เรียนมีความสังเกตและสงสัยเยี่ยงผู้ประกอบวิชาชีพ
db314 - plo.csv,ควบ บธ.บ. สาขาวิชาการจัดการธุรกิจแบบบูรณาการ (ปรับปรุง 66),K,1,มีความรู้และความเข้าใจในสาระสำคัญของศาสตร์ด้านบริหารธุรกิจ
db314 - plo.csv,ควบ บธ.บ. สาขาวิชาการจัดการธุรกิจแบบบูรณาการ (ปรับปรุง 66),K,2,มีความรู้ความเข้าใจในสาระสำคัญของศาสตร์ที่เกี่ยวข้องกับบริหารธุรกิจด้านสังคมศาสตร์และวิทยาศาสตร์
db314 - plo.csv,ควบ บธ.บ. สาขาวิชาการจัดการธุรกิจแบบบูรณาการ (ปรับปรุง 66),K,3,มีความรู้และความเข้าในใจในสาระสำคัญเกี่ยวกับกระบวนการบริหารธุรกิจ ในด้านการวางแผน การบูรณาการศาสตร์ต่างๆด้านการบริหาร
db314 - plo.csv,ควบ บธ.บ. สาขาวิชาการจัดการธุรกิจแบบบูรณาการ (ปรับปรุง 66),K,4,มีความรู้และความเข้าในใจในสาระสำคัญเกี่ยวกับกระบวนการจัดการและวิเคราะห์ข้อมูลทางธุรกิจ
db314 - plo.csv,ควบ บธ.บ. สาขาวิชาการจัดการธุรกิจแบบบูรณาการ (ปรับปรุง 66),S,1,สามารถสืบค้น ประเมินข้อมูลจากหลายแหล่งและมีประสิทธิภาพด้วยตนเอง เพื่อให้ได้สารสนเทศที่เป็นประโยชน์ในการใช้งานตามสถานการณ์แวดล้อมทางธุรกิจ
db314 - plo.csv,ควบ บธ.บ. สาขาวิชาการจัดการธุรกิจแบบบูรณาการ (ปรับปรุง 66),S,2,มีความคิดวิเคราะห์อย่างเป็นระบบ และมีเหตุผล คิดอย่างสร้างสรรค์ สามารถบูรณาการความรู้จากสาขาวิชาชีพ ที่ศึกษาและประสบการณ์เพื่อใช้ในการแก้ปัญหาทางธุรกิจและสถานการณ์ทั่วไป
db314 - plo.csv,ควบ บธ.บ. สาขาวิชาการจัดการธุรกิจแบบบูรณาการ (ปรับปรุง 66),S,3,สามารถคิดค้นทางเลือก วิเคราะห์ทางเลือกและผลกระทบจากทางเลือกอย่างรอบด้าน มีความสามารถในการ ตัดสินใจเลือกทางเลือกที่สอดคล้องกับสถานการณ์ ทำให้เกิดการได้เปรียบทางการแข่งขันทางธุรกิจ
db314 - plo.csv,ควบ บธ.บ. สาขาวิชาการจัดการธุรกิจแบบบูรณาการ (ปรับปรุง 66),S,4,สามารถทำงานเป็นกลุ่มและมีทักษะในการทำงานเป็นทีม แสดงภาวะผู้นำ สมาชิกของกลุ่มได้อย่างเหมาะสม และสามารถปรับตัวเชิงวิชาชีพได้
db314 - plo.csv,ควบ บธ.บ. สาขาวิชาการจัดการธุรกิจแบบบูรณาการ (ปรับปรุง 66),S,5,สามารถแสดงความคิดริเริ่มและความเห็นต่างอย่างสร้างสรรค์ เอื้อต่อการแก้ไขปัญหาของทีม
db314 - plo.csv,ควบ บธ.บ. สาขาวิชาการจัดการธุรกิจแบบบูรณาการ (ปรับปรุง 66),S,6,สามารถประยุกต์ใช้หลักคณิตศาสตร์ สถิติ การวิเคราะห์เชิงปริมาณมาใช้ในการวิเคราะห์และตัดสินใจทางธุรกิจและชีวิตประจำวัน
db314 - plo.csv,ควบ บธ.บ. สาขาวิชาการจัดการธุรกิจแบบบูรณาการ (ปรับปรุง 66),S,7,สามารถสื่อสารเพื่ออธิบายและสร้างความเข้าใจในรูปแบบการพูด การเขียน ที่เหมาะสมสาหรับกลุ่มบุคคลที่แตกต่างกัน ทั้งที่เป็นข้อมูลธุรกิจและข้อมูลอื่น
db314 - plo.csv,ควบ บธ.บ. สาขาวิชาการจัดการธุรกิจแบบบูรณาการ (ปรับปรุง 66),S,8,สามารถนำเทคโนโลยีสารสนเทศและเทคโนโลยีอื่นๆ ไปใช้สนับสนุนการดำเนินงานของธุรกิจ
db314 - plo.csv,ควบ บธ.บ. สาขาวิชาการจัดการธุรกิจแบบบูรณาการ (ปรับปรุง 66),E,1,มีความซื่อสัตย์สุจริต เสียสละไม่เอารัดเอาเปรียบผู้อื่น มีความรับผิดชอบต่อตนเอง สังคมและสิ่งแวดล้อม
db314 - plo.csv,ควบ บธ.บ. สาขาวิชาการจัดการธุรกิจแบบบูรณาการ (ปรับปรุง 66),E,2,มีวินัย เคารพและปฏิบัติตามกฎ ระเบียบ และข้อบังคับต่างๆ ขององค์กรและสังคม
db314 - plo.csv,ควบ บธ.บ. สาขาวิชาการจัดการธุรกิจแบบบูรณาการ (ปรับปรุง 66),E,3,มีความรู้ความเข้าใจในหลักจริยธรรม คุณธรรมที่มีความสำคัญทางธุรกิจ สามารถจัดการปัญหาทางคุณธรรม จริยธรรม และจรรยาบรรณวิชาชีพทางธุรกิจ
db314 - plo.csv,ควบ บธ.บ. สาขาวิชาการจัดการธุรกิจแบบบูรณาการ (ปรับปรุง 66),C,1,มีความสามารถในการปรับตัว จัดการได้ทุกสถานการณ์
db314 - plo.csv,ควบ บธ.บ. สาขาวิชาการจัดการธุรกิจแบบบูรณาการ (ปรับปรุง 66),C,2,ทันโลก ทันสังคม เท่าทันการเปลี่ยนแปลงของโลกธุรกิจ
db314 - plo.csv,ควบ บธ.บ. สาขาวิชาการจัดการธุรกิจแบบบูรณาการ (ปรับปรุง 66),C,3,เข้าใจความท้าทายและปัญหาอย่างถ่องแท้ก่อนจะคิดหาแนวทางการจัดการ
db314 - plo.csv,ควบ บช.บ. สาขาวิชาการบัญชีธุรกิจแบบบูรณาการ (ปรับปรุง 66),K,1,มีความรู้และความเข้าใจในแนวคิด ทฤษฎี หลักการ และวิธีการทางการบัญชี
db314 - plo.csv,ควบ บช.บ. สาขาวิชาการบัญชีธุรกิจแบบบูรณาการ (ปรับปรุง 66),K,2,มีความรู้และความเข้าใจในองค์ความรู้ทางด้านอื่นที่สัมพันธ์กับองค์ความรู้ด้านการบัญชี โดยสามารถบูรณาการและนำมาประยุกต์ใช้ได้อย่างเหมาะสม
db314 - plo.csv,ควบ บช.บ. สาขาวิชาการบัญชีธุรกิจแบบบูรณาการ (ปรับปรุง 66),K,3,สามารถเชื่อมโยงแนวคิดและทฤษฎีด้านการบัญชีกับการปฏิบัติงาน ผ่านวิธีการเรียนรู้จากประสบการณ์
db314 - plo.csv,ควบ บช.บ. สาขาวิชาการบัญชีธุรกิจแบบบูรณาการ (ปรับปรุง 66),K,4,มีความรู้และความเข้าใจในสาระสำคัญเกี่ยวกับกระบวนการจัดการและวิเคราะห์ข้อมูลทางธุรกิจ
db314 - plo.csv,ควบ บช.บ. สาขาวิชาการบัญชีธุรกิจแบบบูรณาการ (ปรับปรุง 66),S,1,สามารถสืบค้น ประเมินข้อมูลจากหลายแหล่งอย่างมีประสิทธิภาพด้วยตนเอง เพื่อให้ได้ สารสนเทศที่เป็นประโยชน์ในการใช้งานตามสถานการณ์แวดล้อมทางธุรกิจ
db314 - plo.csv,ควบ บช.บ. สาขาวิชาการบัญชีธุรกิจแบบบูรณาการ (ปรับปรุง 66),S,2,สามารถคิดวิเคราะห์อย่างเป็นระบบ และมีเหตุผล คิดอย่างสร้างสรรค์ สามารถบูรณาการ ความรู้จากสาขาวิชาชีพที่ศึกษาและประสบการณ์เพื่อใช้ในการแก้ปัญหาทางธุรกิจและสถานการณ์ทั่วไป
db314 - plo.csv,ควบ บช.บ. สาขาวิชาการบัญชีธุรกิจแบบบูรณาการ (ปรับปรุง 66),S,3,สามารถคิดค้นทางเลือก วิเคราะห์ทางเลือกและผลกระทบจากทางเลือกอย่างรอบด้าน มี ความสามารถในการตัดสินใจทางเลือกที่สอดคล้องกับสถานการณ์ ทำให้เกิดการได้เปรียบทางการแข่งขัน ทางธุรกิจ
db314 - plo.csv,ควบ บช.บ. สาขาวิชาการบัญชีธุรกิจแบบบูรณาการ (ปรับปรุง 66),S,4,สามารถทำงานเป็นกลุ่มและมีทักษะในการทำงานเป็นทีม แสดงภาวะผู้นำสมาชิกของกลุ่ม ได้อย่างเหมาะสม และสามารถปรับตัวเชิงวิชาชีพได้
db314 - plo.csv,ควบ บช.บ. สาขาวิชาการบัญชีธุรกิจแบบบูรณาการ (ปรับปรุง 66),S,5,สามารถแสดงความคิดริเริ่มและความเห็นต่างอย่างสร้างสรรค์เอื้อต่อการแก้ไขปัญหาของทีม
db314 - plo.csv,ควบ บช.บ. สาขาวิชาการบัญชีธุรกิจแบบบูรณาการ (ปรับปรุง 66),S,6,สามารถประยุกต์ใช้หลักคณิตศาสตร์ สถิติ การวิเคราะห์เชิงปริมาณมาใช้ในการวิเคราะห์ และตัดสินใจทางธรุกิจและชีวิตประจำวัน
db314 - plo.csv,ควบ บช.บ. สาขาวิชาการบัญชีธุรกิจแบบบูรณาการ (ปรับปรุง 66),S,7,สามารถสื่อสารเพื่ออธิบายและสร้างความเข้าใจในรูปแบบการพูด การเขียนที่เหมาะสม สำหรับกลุ่มบุคคลที่แตกต่างกัน ทั้งที่เป็นข้อมูลธุรกิจและข้อมูลอื่น
db314 - plo.csv,ควบ บช.บ. สาขาวิชาการบัญชีธุรกิจแบบบูรณาการ (ปรับปรุง 66),S,8,สามารถนำเทคโนโลยีสารสนเทศและใช้เทคโนโลยีอื่น ๆ ไปใช้สนับสนุนการดำเนินงานของธุรกิจ
db314 - plo.csv,ควบ บช.บ. สาขาวิชาการบัญชีธุรกิจแบบบูรณาการ (ปรับปรุง 66),E,1,มีความรู้ความเข้าใจในหลักจริยธรรม คุณธรรมที่มีความสำคัญทางธุรกิจ สามารถจัดการ ปัญหาทางคุณธรรม จริยธรรม จรรยาบรรณของผู้ประกอบวิชาชีพบัญชี และจรรยาบรรณทางธุรกิจ
db314 - plo.csv,ควบ บช.บ. สาขาวิชาการบัญชีธุรกิจแบบบูรณาการ (ปรับปรุง 66),E,2,มีความซื่อสัตย์สุจริต มีวินัย เสียสละไม่เอารัดเอาเปรียบผู้อื่น มีความรับผิดชอบต่อตนเอง สังคม และสิ่งแวดล้อม
db314 - plo.csv,ควบ บช.บ. สาขาวิชาการบัญชีธุรกิจแบบบูรณาการ (ปรับปรุง 66),E,3,มีจิตสำนึก และพฤติกรรมที่คำนึงถึงประโยชน์ส่วนรวมมากกว่าประโยชน์ส่วนตนอย่างมี คุณธรรม
db314 - plo.csv,ควบ บช.บ. สาขาวิชาการบัญชีธุรกิจแบบบูรณาการ (ปรับปรุง 66),C,1,ผู้เรียนมีความสามารถในการปรับตัว กล้าแสดงออก กล้าตัดสินใจ มีภาวะความเป็นผู้นำ
db314 - plo.csv,ควบ บช.บ. สาขาวิชาการบัญชีธุรกิจแบบบูรณาการ (ปรับปรุง 66),C,2,ผู้เรียนมีความสังเกตและสงสัยเยี่ยงผู้ประกอบวิชาชีพ
db314 - plo.csv,ควบ บช.บ. สาขาวิชาการบัญชีธุรกิจแบบบูรณาการ (ปรับปรุง 66),C,3,ผู้เรียนเข้าใจความท้าทายและปัญหาอย่างถ่องแท้ก่อนจะคิดหาแนวทางการจัดการ
db314 - plo.csv,บัญชีบัณฑิต (นานาชาติ-ปรับปรุง 66),PLOs,1,มีความรู้ ความสามารถและทักษะด้านภาษาและเทคโนโลยีในการประกอบวิชาชีพบัญชีที่ทันสมัยตามมาตรฐานสากลอย่างมีคุณธรรม จริยธรรม
db314 - plo.csv,บัญชีบัณฑิต (นานาชาติ-ปรับปรุง 66),PLOs,2,มีความรู้รอบในศาสตร์ด้านการบริหารธุรกิจที่เกี่ยวข้อง และสามารถนำความรู้ด้านการบัญชีประยุกต์และทำงานร่วมกับผู้อื่นได้อย่างสร้างสรรค์
db314 - plo.csv,บัญชีบัณฑิต (นานาชาติ-ปรับปรุง 66),PLOs,3,"ความสามารถในการคิด วิเคราะห์ และลักษณะเฉพาะตัวโดยมีความสังเกตและสงสัยเยี่ยงผู้ประกอบวิชาชีพ, ความสามารถในการคิด วิเคราะห์ และลักษณะเฉพาะตัวโดยมีความสังเกตและสงสัยเยี่ยงผู้ประกอบวิชาชีพ"
db314 - plo.csv,บัญชีบัณฑิต (นานาชาติ-ปรับปรุง 66),K,1,"ผู้เรียนสามารถประยุกต์ใช้หลักการบัญชีและมาตรฐานการรายงานทางการเงินกับการรายการค้าและเหตุการณ์ต่าง ๆ, ผู้เรียนสามารถจัดทำงบการเงินซึ่งรวมถึงงบการเงินรวมตามมาตรฐานที่เกี่ยวข้องได้, ผู้เรียนสามารถประเมินความเหมาะสมของนโยบายการบัญชีที่ใช้ ตีความงบการเงินและการเปิดเผยข้อมูลที่เกี่ยวข้อง, ผู้เรียนสามารถตีความรายงานต่าง ๆ ซึ่งรวมถึงข้อมูลที่ไม่ใช่ข้อมูลทางการเงิน"
db314 - plo.csv,บัญชีบัณฑิต (นานาชาติ-ปรับปรุง 66),K,2,"ผู้เรียนสามารถประยุกต์ใช้เทคนิคต่าง ๆ เพื่อสนับสนุนการตัดสินใจด้านการบริหารรวมถึงต้นทุนผลิตภัณฑ์ การวิเคราะห์ผลต่าง การบริหารสินค้าคงเหลือ และการจัดทำงบประมาณและการพยากรณ์, ผู้เรียนสามารถประยุกต์ใช้เทคนิคเชิงปริมาณที่เหมาะสมในการวิเคราะห์พฤติกรรมต้นทุนและตัวผลักดันต้นทุน, ผู้เรียนสามารถวิเคราะห์ข้อมูลทางการเงินและข้อมูลที่ไม่ใช่ข้อมูลทางการเงินเพื่อนำเสนอข้อมูลที่เกี่ยวข้องสำหรับการตัดสินใจด้านการบริหาร, ผู้เรียนสามารถจัดทำรายงานเพื่อสนับสนุนการตัดสินใจด้านการบริหารซึ่งรวมถึงรายงานต่าง ๆ, ผู้เรียนสามารถประเมินผลการปฏิบัติงานของผลิตภัณฑ์และส่วนงานทางธุรกิจ"
db314 - plo.csv,บัญชีบัณฑิต (นานาชาติ-ปรับปรุง 66),K,3,"ผู้เรียนสามารถเปรียบเทียบแหล่งเงินทุนต่าง ๆ สำหรับองค์กร รวมทั้งการจัดหาเงินทุน และสามารถคำนวณต้นทุนเงินทุนขององค์กร, ผู้เรียนสามารถวิเคราะห์ความต้องการด้านกระแสเงินสดและเงินทุนหมุนเวียนขององค์กร, ผู้เรียนสามารถวิเคราะห์ฐานะการเงินในปัจจุบันและในอนาคตขององค์กรโดยใช้เทคนิคต่าง ๆ, ผู้เรียนสามารถอธิบายวิธีประเมินมูลค่าสินทรัพย์หรือหนี้สินได้"
db314 - plo.csv,บัญชีบัณฑิต (นานาชาติ-ปรับปรุง 66),K,4,"ผู้เรียนสามารถอธิบายข้อกำหนดและปฏิบัติตามระบบการจัดเก็บภาษีอากรของประเทศ รวมถึงวิเคราะห์ประเด็นภาษีอากรที่สัมพันธ์กับรายการค้าระหว่างประเทศที่ไม่ซับซ้อน, ผู้เรียนสามารถคำนวณภาษีทางตรงและทางอ้อมสำหรับบุคคลธรรมดาและนิติบุคคล, ผู้เรียนอธิบายความแตกต่างระหว่างการวางแผนภาษีและการหลีกเลี่ยงภาษีและการหนีภาษี"
db314 - plo.csv,บัญชีบัณฑิต (นานาชาติ-ปรับปรุง 66),K,5,"ผู้เรียนอธิบายขั้นตอนการตรวจสอบ และสามารถประยุกต์ใช้เทคนิคการตรวจสอบและวิธีเชิงปริมาณตามมาตรฐานการสอบบัญชีและกฎหมายข้อบังคับที่เกี่ยวข้องในการตรวจสอบงบการเงินได้, ผู้เรียนสามารถประเมินความเสี่ยงของข้อมูลที่ขัดต่อข้อเท็จจริงอันเป็นสาระสำคัญที่จะมีผลกระทบต่อกลยุทธ์การตรวจสอบ, ผู้เรียนสามารถอธิบายองค์ประกอบสำคัญของงานให้ความเชื่อมั่นและมาตรฐานที่เกี่ยวข้องกับงานนั้น"
db314 - plo.csv,บัญชีบัณฑิต (นานาชาติ-ปรับปรุง 66),K,6,"ผู้เรียนสามารถอธิบายหลักการกำกับดูแลที่ดี และสามารถอธิบายบทบาทของผู้มีส่วนได้เสียในการกำกับดูแล, ผู้เรียนสามารถวิเคราะห์องค์ประกอบของกรอบแนวคิดในการกำกับดูแลองค์กรและวิเคราะห์ความเสี่ยงขององค์กรได้, ผู้เรียนสามารถวิเคราะห์องค์ประกอบของการควบคุมภายในภายในองค์กรได้"
db314 - plo.csv,บัญชีบัณฑิต (นานาชาติ-ปรับปรุง 66),K,7,"ผู้เรียนสามารถอธิบายกฎหมายและข้อบังคับที่กำกับดูแลกิจการได้, ผู้เรียนอธิบายกฎหมายและข้อบังคับที่เกี่ยวข้องกับวิชาชีพบัญชีได้"
db314 - plo.csv,บัญชีบัณฑิต (นานาชาติ-ปรับปรุง 66),K,8,"ผู้เรียนวิเคราะห์ความเพียงพอของการควบคุมภายในของระบบสารสนเทศได้, ผู้เรียนสามารถอธิบาย และเลือกใช้เทคโนโลยีสารสนเทศเพื่อใช้ในการตัดสินใจและการวิเคราะห์ธุรกิจได้"
db314 - plo.csv,บัญชีบัณฑิต (นานาชาติ-ปรับปรุง 66),K,9,"ผู้เรียนสามารถอธิบายสภาพแวดล้อมทางธุรกิจขององค์กรที่กำลังดำเนินอยู่ด้านต่าง ๆ ได้, ผู้เรียนสามารถวิเคราะห์ลักษณะสภาพแวดล้อมและผลกระทบที่มีต่อการดำเนินธุรกิจทั้งในระดับประเทศและระหว่างประเทศ รวมทั้งสภาพแวดล้อมทางธุรกิจใหม่ ๆ ได้"
db314 - plo.csv,บัญชีบัณฑิต (นานาชาติ-ปรับปรุง 66),K,10,"ผู้เรียนสามารถอธิบายหลักการพื้นฐานของเศรษฐศาสตร์มหภาคและผลกระทบของการเปลี่ยนแปลงในดัชนีชี้วัดด้านเศรษฐศาสตร์มหภาคต่อกิจกรรมทางธุรกิจ, ผู้เรียนสามารถอธิบายหลักการพื้นฐานของเศรษฐศาสตร์จุลภาค โครงสร้างและกลไกตลาดประเภทต่าง ๆ ในเชิงเศรษฐศาสตร์ได้"
db314 - plo.csv,บัญชีบัณฑิต (นานาชาติ-ปรับปรุง 66),K,11,"ผู้เรียนอธิบายวิธีการต่าง ๆ ที่อาจใช้ในการออกแบบและจัดรูปแบบองค์กร, ผู้เรียนอธิบายวัตถุประสงค์และความสำคัญของหน้าที่และการดำเนินงานประเภทต่าง ๆ ภายในองค์กร, ผู้เรียนสามารถวิเคราะห์ปัจจัยทั้งภายนอกและภายในที่มีผลต่อกลยุทธ์องค์กร และอธิบายกระบวนการดำเนินงานตามกลยุทธ์องค์กรได้, ผู้เรียนสามารถอธิบายทฤษฎีพฤติกรรมองค์กร"
db314 - plo.csv,บัญชีบัณฑิต (นานาชาติ-ปรับปรุง 66),S,1,"ผู้เรียนสามารถประเมินข้อมูลจากแหล่งข้อมูลและแง่มุมที่หลากหลายผ่านการวิจัย การวิเคราะห์ และการบูรณาการ, ผู้เรียนสามารถประยุกต์ใช้เหตุผล การวิเคราะห์เชิงวิพากษ์ ตลอดจนดุลยพินิจเยี่ยงผู้ประกอบวิชาชีพในการระบุและประเมินทางเลือก เพื่อให้ได้ข้อสรุปที่สมเหตุสมผลบนพื้นฐานของข้อเท็จจริงและสถานการณ์ที่เกี่ยวข้อง รวมทั้งระบุได้ว่าเมื่อใดสมควรที่จะปรึกษาผู้เชี่ยวชาญในการแก้ปัญหาหรือหาข้อสรุป, ผู้เรียนสามารถเสนอแนะวิธีแก้ไขปัญหาที่ไม่มีรูปแบบและซับซ้อนในหลายแง่มุม"
db314 - plo.csv,บัญชีบัณฑิต (นานาชาติ-ปรับปรุง 66),S,2,"ผู้เรียนสามารถร่วมมือและทำงานเป็นทีมเพื่อให้บรรลุเป้าหมาย และตระหนักถึงความแตกต่างด้านต่าง ๆ เช่น วัฒนธรรม ภาษา และสามารถนำเสนอความคิดเพื่อโน้มน้าวใจผู้อื่นให้เกิดการสนับสนุนในการทำงาน, ผู้เรียนสามารถสื่อสารอย่างชัดเจนเมื่อนำเสนอ อภิปรายและรายงาน, ผู้เรียนสามารถใช้เทคนิคการฟัง การสัมภาษณ์ การเจรจาต่อรองและการให้คำปรึกษาเพื่อแก้ไขปัญหาหรือลดข้อขัดแย้งได้, ผู้เรียนสามารถใช้ทักษะภาษาอังกฤษเพื่อการสื่อสารในรูปแบบต่าง ๆ ได้"
db314 - plo.csv,บัญชีบัณฑิต (นานาชาติ-ปรับปรุง 66),S,3,"ผู้เรียนสามารถแสดงให้เห็นถึงความมุ่งมั่นในการเรียนรู้อย่างต่อเนื่อง และสามารถจัดการเวลาและทรัพยากรเพื่อให้บรรลุจุดมุ่งหมาย, ผู้เรียนเปิดใจกว้างรับโอกาสใหม่ ๆ และความท้าทาย, ผู้เรียนสามารถปฏิบัติงานที่ได้รับมอบหมายตามแนวปฏิบัติ"
db314 - plo.csv,บัญชีบัณฑิต (นานาชาติ-ปรับปรุง 66),S,4,ผู้เรียนสามารถประยุกต์ใช้ทักษะการบริหารคนด้านต่าง ๆ อันได้แก่ วางแผน การกระจายงานการบริหารคน รวมทั้งสอบทานงานเพื่อให้บรรลุวัตถุประสงค์ที่ตั้งไว้ได้
db314 - plo.csv,บัญชีบัณฑิต (นานาชาติ-ปรับปรุง 66),S,5,ผู้เรียนสามารถนำเครื่องมือและเทคโนโลยีที่เหมาะสมมาใช้เพื่อเพิ่มประสิทธิภาพและประสิทธิผล และการตัดสินใจที่ดีขึ้น
db314 - plo.csv,บัญชีบัณฑิต (นานาชาติ-ปรับปรุง 66),E,1,ผู้เรียนสามารถอธิบายลักษณะของจริยธรรม รวมทั้งข้อดีข้อเสียของแนวทางการปฏิบัติตามกฎเกณฑ์และแนวปฏิบัติตามหลักจริยธรรมได้
db314 - plo.csv,บัญชีบัณฑิต (นานาชาติ-ปรับปรุง 66),E,2,ผู้เรียนสามารถระบุประเด็นทางจริยธรรมและจรรยาบรรณทางวิชาชีพ วิเคราะห์ทางเลือกของวิธีปฏิบัติ และประยุกต์ใช้ข้อกำหนดทางจริยธรรมและจรรยาบรรณที่เกี่ยวข้องกับพฤติกรรมทางวิชาชีพได้อย่างเหมาะสม
db314 - plo.csv,บัญชีบัณฑิต (นานาชาติ-ปรับปรุง 66),E,3,ผู้เรียนสามารถอธิบายบทบาทของจริยธรรมในวิชาชีพที่เกี่ยวข้องกับการดำเนินธุรกิจและความรับผิดชอบต่อสังคม
db314 - plo.csv,บัญชีบัณฑิต (นานาชาติ-ปรับปรุง 66),C,1,ผู้เรียนมีความคล่องตัว มีความสามารถในการปรับตัว กล้าแสดงออก กล้าตัดสินใจ มีภาวะความเป็นผู้นำ
db314 - plo.csv,บัญชีบัณฑิต (นานาชาติ-ปรับปรุง 66),C,2,ผู้เรียนมีความสังเกตและสงสัยเยี่ยงผู้ประกอบวิชาชีพ
db314 - plo.csv,ควบ บธ.บ. สาขาวิชาการจัดการธุรกิจแบบบูรณาการ (นานาชาติ-ใหม่ 2569),K,1,มีความรู้และความเข้าใจในสาระสำคัญของศาสตร์ด้านบริหารธุรกิจ
db314 - plo.csv,ควบ บธ.บ. สาขาวิชาการจัดการธุรกิจแบบบูรณาการ (นานาชาติ-ใหม่ 2569),K,2,มีความรู้ความเข้าใจในสาระสำคัญของศาสตร์ที่เกี่ยวข้องกับบริหารธุรกิจด้านสังคมศาสตร์และวิทยาศาสตร์
db314 - plo.csv,ควบ บธ.บ. สาขาวิชาการจัดการธุรกิจแบบบูรณาการ (นานาชาติ-ใหม่ 2569),K,3,มีความรู้และความเข้าในใจในสาระสำคัญเกี่ยวกับกระบวนการบริหารธุรกิจ ในด้านการวางแผนการบูรณาการศาสตร์ต่าง ๆ ด้านการบริหาร
db314 - plo.csv,ควบ บธ.บ. สาขาวิชาการจัดการธุรกิจแบบบูรณาการ (นานาชาติ-ใหม่ 2569),K,4,มีความรู้และความเข้าในใจในสาระสำคัญเกี่ยวกับกระบวนการจัดการและวิเคราะห์ข้อมูลทางธุรกิจ
db314 - plo.csv,ควบ บธ.บ. สาขาวิชาการจัดการธุรกิจแบบบูรณาการ (นานาชาติ-ใหม่ 2569),S,1,สามารถสืบค้น ประเมินข้อมูลจากหลายแหล่งและมีประสิทธิภาพด้วยตนเอง เพื่อให้ได้สารสนเทศที่เป็นประโยชน์ในการใช้งานตามสถานการณ์แวดล้อมทางธุรกิจ
db314 - plo.csv,ควบ บธ.บ. สาขาวิชาการจัดการธุรกิจแบบบูรณาการ (นานาชาติ-ใหม่ 2569),S,2,มีความคิดวิเคราะห์อย่างเป็นระบบ และมีเหตุผล คิดอย่างสร้างสรรค์ สามารถบูรณาการความรู้จากสาขาวิชาชีพ ที่ศึกษาและประสบการณ์เพื่อใช้ในการแก้ปัญหาทางธุรกิจและสถานการณ์ทั่วไป
db314 - plo.csv,ควบ บธ.บ. สาขาวิชาการจัดการธุรกิจแบบบูรณาการ (นานาชาติ-ใหม่ 2569),S,3,สามารถคิดค้นทางเลือก วิเคราะห์ทางเลือกและผลกระทบจากทางเลือกอย่างรอบด้าน มีความสามารถในการ ตัดสินใจเลือกทางเลือกที่สอดคล้องกับสถานการณ์ ทำให้เกิดการได้เปรียบทางการแข่งขันทางธุรกิจ
db314 - plo.csv,ควบ บธ.บ. สาขาวิชาการจัดการธุรกิจแบบบูรณาการ (นานาชาติ-ใหม่ 2569),S,4,สามารถทำงานเป็นกลุ่มและมีทักษะในการทำงานเป็นทีม แสดงภาวะผู้นำ สมาชิกของกลุ่มได้อย่างเหมาะสม และสามารถปรับตัวเชิงวิชาชีพได้
db314 - plo.csv,ควบ บธ.บ. สาขาวิชาการจัดการธุรกิจแบบบูรณาการ (นานาชาติ-ใหม่ 2569),S,5,สามารถแสดงความคิดริเริ่มและความเห็นต่างอย่างสร้างสรรค์ เอื้อต่อการแก้ไขปัญหาของทีม
db314 - plo.csv,ควบ บธ.บ. สาขาวิชาการจัดการธุรกิจแบบบูรณาการ (นานาชาติ-ใหม่ 2569),S,6,สามารถประยุกต์ใช้หลักคณิตศาสตร์ สถิติ การวิเคราะห์เชิงปริมาณมาใช้ในการวิเคราะห์และตัดสินใจทางธุรกิจและชีวิตประจำวัน
db314 - plo.csv,ควบ บธ.บ. สาขาวิชาการจัดการธุรกิจแบบบูรณาการ (นานาชาติ-ใหม่ 2569),S,7,สามารถสื่อสารเพื่ออธิบายและสร้างความเข้าใจในรูปแบบการพูด การเขียน ที่เหมาะสมสาหรับกลุ่มบุคคลที่แตกต่างกัน ทั้งที่เป็นข้อมูลธุรกิจและข้อมูลอื่น
db314 - plo.csv,ควบ บธ.บ. สาขาวิชาการจัดการธุรกิจแบบบูรณาการ (นานาชาติ-ใหม่ 2569),S,8,สามารถนำเทคโนโลยีสารสนเทศและเทคโนโลยีอื่นๆ ไปใช้สนับสนุนการดำเนินงานของธุรกิจ
db314 - plo.csv,ควบ บธ.บ. สาขาวิชาการจัดการธุรกิจแบบบูรณาการ (นานาชาติ-ใหม่ 2569),E,1,มีความซื่อสัตย์สุจริต เสียสละไม่เอารัดเอาเปรียบผู้อื่น มีความรับผิดชอบต่อตนเอง สังคม และสิ่งแวดล้อม
db314 - plo.csv,ควบ บธ.บ. สาขาวิชาการจัดการธุรกิจแบบบูรณาการ (นานาชาติ-ใหม่ 2569),E,2,มีวินัย เคารพและปฏิบัติตามกฎ ระเบียบ และข้อบังคับต่างๆ ขององค์กรและสังคม
db314 - plo.csv,ควบ บธ.บ. สาขาวิชาการจัดการธุรกิจแบบบูรณาการ (นานาชาติ-ใหม่ 2569),E,3,มีความรู้ความเข้าใจในหลักจริยธรรม คุณธรรมที่มีความสำคัญทางธุรกิจ สามารถจัดการปัญหาทางคุณธรรม จริยธรรม และจรรยาบรรณวิชาชีพทางธุรกิจ
db314 - plo.csv,ควบ บธ.บ. สาขาวิชาการจัดการธุรกิจแบบบูรณาการ (นานาชาติ-ใหม่ 2569),C,1,มีความสามารถในการปรับตัว จัดการได้ทุกสถานการณ์
db314 - plo.csv,ควบ บธ.บ. สาขาวิชาการจัดการธุรกิจแบบบูรณาการ (นานาชาติ-ใหม่ 2569),C,2,ทันโลก ทันสังคม เท่าทันการเปลี่ยนแปลงของโลกธุรกิจ
db314 - plo.csv,ควบ บธ.บ. สาขาวิชาการจัดการธุรกิจแบบบูรณาการ (นานาชาติ-ใหม่ 2569),C,3,เข้าใจความท้าทายและปัญหาอย่างถ่องแท้ก่อนจะคิดหาแนวทางการจัดการ
db314 - plo.csv,บริหารธุรกิจบัณฑิต (ปรับปรุง 66),K,1,มีความรู้และความเข้าใจในสาระสำคัญของศาสตร์ด้านบริหารธุรกิจ
db314 - plo.csv,บริหารธุรกิจบัณฑิต (ปรับปรุง 66),K,2,มีความรู้ความเข้าใจในสาระสำคัญของศาสตร์ที่เกี่ยวข้องกับบริหารธุรกิจด้านสังคมศาสตร์และวิทยาศาสตร์
db314 - plo.csv,บริหารธุรกิจบัณฑิต (ปรับปรุง 66),K,3,มีความรู้และความเข้าใจในสาระสำคัญเกี่ยวกับกระบวนการบริหารธุรกิจ ในด้านการวางแผน การจัดโครงสร้างองค์การ การปฏิบัติการ
db314 - plo.csv,บริหารธุรกิจบัณฑิต (ปรับปรุง 66),S,1,สามารถสืบค้น ประเมินข้อมูลจากหลายแหล่งและมีประสิทธิภาพด้วยตนเอง เพื่อให้ได้สารสนเทศที่เป็นประโยชน์ในการใช้งานตามสถานการณ์แวดล้อมทางธุรกิจ
db314 - plo.csv,บริหารธุรกิจบัณฑิต (ปรับปรุง 66),S,2,มีความคิดวิเคราะห์อย่างเป็นระบบ และมีเหตุผล คิดอย่างสร้างสรรค์ สามารถบูรณาการความรู้จากสาขาวิชาชีพ ที่ศึกษาและประสบการณ์เพื่อใช้ในการแก้ปัญหาทางธุรกิจและสถานการณ์ทั่วไป
db314 - plo.csv,บริหารธุรกิจบัณฑิต (ปรับปรุง 66),S,3,สามารถคิดค้นทางเลือก วิเคราะห์ทางเลือกและผลกระทบจากทางเลือกอย่างรอบด้าน มีความสามารถในการ ตัดสินใจเลือกทางเลือกที่สอดคล้องกับสถานการณ์ ทำให้เกิดการได้เปรียบทางการแข่งขันทางธุรกิจ
db314 - plo.csv,บริหารธุรกิจบัณฑิต (ปรับปรุง 66),S,4,สามารถทำงานเป็นกลุ่มและมีทักษะในการทำงานเป็นทีม แสดงภาวะผู้นำ สมาชิกของกลุ่มได้อย่างเหมาะสม และสามารถปรับตัวเชิงวิชาชีพได้
db314 - plo.csv,บริหารธุรกิจบัณฑิต (ปรับปรุง 66),S,5,สามารถแสดงความคิดริเริ่มและความเห็นต่างอย่างสร้างสรรค์ เอื้อต่อการแก้ไขปัญหาของทีม
db314 - plo.csv,บริหารธุรกิจบัณฑิต (ปรับปรุง 66),S,6,สามารถประยุกต์ใช้หลักคณิตศาสตร์ สถิติ การวิเคราะห์เชิงปริมาณมาใช้ในการวิเคราะห์และตัดสินใจทางธุรกิจและชีวิตประจำวัน
db314 - plo.csv,บริหารธุรกิจบัณฑิต (ปรับปรุง 66),S,7,สามารถสื่อสารเพื่ออธิบายและสร้างความเข้าใจในรูปแบบการพูด การเขียน ที่เหมาะสมสาหรับกลุ่มบุคคลที่แตกต่างกัน ทั้งที่เป็นข้อมูลธุรกิจและข้อมูลอื่น
db314 - plo.csv,บริหารธุรกิจบัณฑิต (ปรับปรุง 66),S,8,สามารถนำเทคโนโลยีสารสนเทศและเทคโนโลยีอื่นๆ ไปใช้สนับสนุนการดำเนินงานของธุรกิจ
db314 - plo.csv,บริหารธุรกิจบัณฑิต (ปรับปรุง 66),E,1,มีความซื่อสัตย์สุจริต เสียสละไม่เอารัดเอาเปรียบผู้อื่น มีความรับผิดชอบต่อตนเอง สังคม และสิ่งแวดล้อม
db314 - plo.csv,บริหารธุรกิจบัณฑิต (ปรับปรุง 66),E,2,มีวินัย เคารพและปฏิบัติตามกฎ ระเบียบ และข้อบังคับต่าง ๆ ขององค์กรและสังคม
db314 - plo.csv,บริหารธุรกิจบัณฑิต (ปรับปรุง 66),E,3,มีความรู้ความเข้าใจในหลักจริยธรรม คุณธรรมที่มีความสำคัญทางธุรกิจ สามารถจัดการปัญหาทางคุณธรรม จริยธรรม และจรรยาบรรณวิชาชีพทางธุรกิจ
db314 - plo.csv,บริหารธุรกิจบัณฑิต (ปรับปรุง 66),C,1,มีความสามารถในการปรับตัว จัดการได้ทุกสถานการณ์
db314 - plo.csv,บริหารธุรกิจบัณฑิต (ปรับปรุง 66),C,2,ทันโลก ทันสังคม เท่าทันการเปลี่ยนแปลงของโลกธุรกิจ
db314 - plo.csv,2.สม.บ.การวิจัยทางสังคม (ปรับปรุง พ.ศ.2566),K,1,มีความรู้ ความเข้าใจองค์ความรู้ต่างๆ ที่เกี่ยวข้องกับการวิจัยสังคม ทั้งในส่วนของปรัชญาการวิจัย เครื่องมือและระเบียบวิธีวิจัยทางสังคมในรูปแบบต่างๆ รวมไปถึง แนวคิด ทฤษฎีทางสังคมวิทยาและมานุษยวิทยาที่เกี่ยวข้อง
db314 - plo.csv,2.สม.บ.การวิจัยทางสังคม (ปรับปรุง พ.ศ.2566),K,2,สามารถนำองค์ความรู้ด้านการวิจัย เครื่องมือและระเบียบวิจัยทางสังคม รวมถึงแนวคิดทางสังคมวิทยาและมานุษยวิทยาไปปรับประยุกต์ใช้เพื่อทำความเข้าใจ อธิบาย วิเคราะห์ วิพากษ์ และวิจารณ์ปรากฏการณ์ทางสังคมต่างๆ ที่มีความเคลื่อนไหวเปลี่ยนแปลงอยู่เสมอ
db314 - plo.csv,2.สม.บ.การวิจัยทางสังคม (ปรับปรุง พ.ศ.2566),K,3,สามารถนำองค์ความรู้จากสาขาวิชาวิจัยทางสังคมไปประยุกต์ใช้และต่อยอดความรู้เพื่อศึกษาต่อระดับสูง หรือ ประกอบอาชีพทั้งในหน่วยงานภาครัฐและเอกชนได้อย่างมีประสิทธิภาพ
db314 - plo.csv,2.สม.บ.การวิจัยทางสังคม (ปรับปรุง พ.ศ.2566),S,1,สามารถประยุกต์ใช้ทักษะทางการวิจัยทางสังคมในการตั้งคำถาม ค้นคว้า รวบรวม และวิเคราะห์ข้อมูลเพื่อทำความเข้าใจปรากฏการณ์ต่างๆ ที่เกิดขึ้นทั้งในระดับปัจเจกและระดับสังคมได้อย่างเป็นระบบและสร้างสรรค์
db314 - plo.csv,2.สม.บ.การวิจัยทางสังคม (ปรับปรุง พ.ศ.2566),S,2,สามารถสะท้อนให้เห็นความเชื่อมโยงและความซับซ้อนของปัจจัยต่างๆ ที่มีความเกี่ยวข้องกับมนุษย์และสังคมได้อย่างลึกซึ้ง
db314 - plo.csv,2.สม.บ.การวิจัยทางสังคม (ปรับปรุง พ.ศ.2566),S,3,สามารถนำข้อมูลและผลจากการวิจัย ไปประยุกต์ใช้เพื่ออธิบายปรากฏการณ์ทางสังคม และวิพากษ์วิจารณ์ได้อย่างชัดเจน เป็นระบบ และมีเหตุผล เพื่อค้นหาแนวทางในการแก้ไขปัญหาและพัฒนาสังคมอย่างยั่งยืน
db314 - plo.csv,2.สม.บ.การวิจัยทางสังคม (ปรับปรุง พ.ศ.2566),E,1,มีความรับผิดชอบในการวิจัย คำนึงถึงความรับผิดชอบทั้งต่อตนเองและผู้อื่น
db314 - plo.csv,2.สม.บ.การวิจัยทางสังคม (ปรับปรุง พ.ศ.2566),E,2,เคารพในคุณค่าและศักดิ์ศรีของความเป็นมนุษย์
db314 - plo.csv,2.สม.บ.การวิจัยทางสังคม (ปรับปรุง พ.ศ.2566),E,3,พยายามทำความเข้าใจและมีความอดกลั้นในความแตกต่างของความเชื่อ ความคิดและวัฒนธรรมอันหลากหลายทั้งที่อยู่รอบตน สังคมอื่นรอบข้าง และสังคมวัฒนธรรมอื่นซึ่งอยู่ห่างออกไป
db314 - plo.csv,2.สม.บ.การวิจัยทางสังคม (ปรับปรุง พ.ศ.2566),C,1,ปรับตัวในปฏิสัมพันธ์ระหว่างบุคคล และในชุมชนได้อย่างสร้างสรรค์ โดยมีความเคารพยอมรับ และอดกลั้นต่อความแตกต่างระหว่างบุคคล สังคม และวัฒนธรรม
db314 - plo.csv,2.สม.บ.การวิจัยทางสังคม (ปรับปรุง พ.ศ.2566),C,2,มีความสามารถในการคิดริเริ่ม วิเคราะห์ และวิพากษ์ปรากฏการณ์ทางสังคมอย่างอิสระ และมีความรับผิดชอบต่อการแสดงออกดังกล่าว
db314 - plo.csv,2.สม.บ.การวิจัยทางสังคม (ปรับปรุง พ.ศ.2566),C,3,มีความรับผิดชอบในบทบาทหน้าที่ของตนเองที่มีต่อสังคม และมีความรู้เท่าทันสำหรับการดำรงชีพในสังคมยุคดิจิทัลที่มีการเปลี่ยนแปลงอย่างรวดเร็ว
db314 - plo.csv,1.สม.บ.สังคมวิทยาและมานุษยวิทยา (ปรับปรุง พ.ศ.2566),K,1,มีความรู้และความเข้าใจองค์ความรู้ทางสังคมวิทยาและมานุษยวิทยาที่เป็นสากล เพื่อเป็นเครื่องมือพื้นฐานในการทำความเข้าใจปรากฏการณ์ทางสังคมวัฒนธรรม ทั้งของสังคมที่ตนเองสังกัดและของสังคมอื่น
db314 - plo.csv,1.สม.บ.สังคมวิทยาและมานุษยวิทยา (ปรับปรุง พ.ศ.2566),K,2,สามารถนำแนวคิดทฤษฎี อธิบาย วิพากษ์ และวิจารณ์ ปรากฏการณ์ทางสังคมซึ่งมีความเคลื่อนไหวเปลี่ยนแปลงอยู่เสมอ
db314 - plo.csv,1.สม.บ.สังคมวิทยาและมานุษยวิทยา (ปรับปรุง พ.ศ.2566),K,3,สามารถประยุกต์ใช้และต่อยอดความรู้ เพื่อเป็นประโยชน์ในการดำรงชีพ และการประกอบอาชีพ
db314 - plo.csv,1.สม.บ.สังคมวิทยาและมานุษยวิทยา (ปรับปรุง พ.ศ.2566),S,1,สามารถคิดวิเคราะห์ปรากฏการณ์ทั้งในระดับปัจเจกและสังคมได้อย่างเป็นระบบและสร้างสรรค์
db314 - plo.csv,1.สม.บ.สังคมวิทยาและมานุษยวิทยา (ปรับปรุง พ.ศ.2566),S,2,สามารถมองเห็นความเชื่อมโยงของปัจจัยต่าง ๆ ที่มีความเกี่ยวข้องกับมนุษย์และสังคม และมีความสามารถในการค้นคว้า รวบรวม วิเคราะห์ และนำเสนอข้อมูลการวิจัย
db314 - plo.csv,1.สม.บ.สังคมวิทยาและมานุษยวิทยา (ปรับปรุง พ.ศ.2566),S,3,สามารถเสนอความคิด อธิบายปรากฏการณ์ทางสังคม และวิพากษ์ วิจารณ์ได้อย่างชัดเจน และมีเหตุผล เพื่อเป็นแนวทางในการแก้ไขปัญหาและพัฒนาสังคมอย่างยั่งยืน
db314 - plo.csv,1.สม.บ.สังคมวิทยาและมานุษยวิทยา (ปรับปรุง พ.ศ.2566),E,1,มีความรับผิดชอบต่อตนเองและสังคม
db314 - plo.csv,1.สม.บ.สังคมวิทยาและมานุษยวิทยา (ปรับปรุง พ.ศ.2566),E,2,เคารพในคุณค่าและศักดิ์ศรีของความเป็นมนุษย์
db314 - plo.csv,1.สม.บ.สังคมวิทยาและมานุษยวิทยา (ปรับปรุง พ.ศ.2566),E,3,พยายามทำความเข้าใจและมีความอดกลั้นในความแตกต่างของความเชื่อ ความคิดและวัฒนธรรมอันหลากหลายทั้งที่อยู่รอบตน สังคมอื่นรอบข้าง และสังคมวัฒนธรรมอื่นซึ่งอยู่ห่างออกไป
db314 - plo.csv,1.สม.บ.สังคมวิทยาและมานุษยวิทยา (ปรับปรุง พ.ศ.2566),C,1,ปรับตัวในปฏิสัมพันธ์ระหว่างบุคคล และในชุมชนได้อย่างสร้างสรรค์ โดยมีความเคารพ ยอมรับ และอดกลั้นต่อความแตกต่างระหว่างบุคคล สังคม และวัฒนธรรม
db314 - plo.csv,1.สม.บ.สังคมวิทยาและมานุษยวิทยา (ปรับปรุง พ.ศ.2566),C,2,มีความสามารถในการคิด ริเริ่มในการคิด วิเคราะห์ และวิพากษ์ปรากฏการณ์ทางสังคม อย่างอิสระและมีความรับผิดชอบต่อการแสดงออกดังกล่าว
db314 - plo.csv,1.สม.บ.สังคมวิทยาและมานุษยวิทยา (ปรับปรุง พ.ศ.2566),C,3,มีความรับผิดชอบในบทบาทหน้าที่ของตนเองที่มีต่อสังคม และมีความรู้เท่าทันสำหรับการ ดำรงชีพในสังคมยุคดิจิทัลที่มีการเปลี่ยนแปลงอย่างรวดเร็ว
db314 - plo.csv,ศศ.บ.วิทยาการเรียนรู้,PLOs,1,การคิดอย่างเป็นองค์รวม (Holistic thinking) สามารถคิดในลักษณะที่เป็นองค์รวม เห็นความเชื่อมโยงของปรากฏการณ์เชิงระบบ และประเมินผลกระทบของการทำงานต่าง ๆ ได้
db314 - plo.csv,ศศ.บ.วิทยาการเรียนรู้,PLOs,2,การคิดเชิงวิพากษ์และการคิดเชิงนวัตกรรม (Critical and innovative mind) สามารถวิพากษ์ และตรวจสอบการวิพากษ์ของตนเอง สามารถมองเห็นปัญหาและหาทางเลือกในการ แก้ปัญหาที่สร้างสรรค์
db314 - plo.csv,ศศ.บ.วิทยาการเรียนรู้,PLOs,3,การทำงานบนฐานความรู้ (Knowledge based expertise) ทำงานด้วยความเป็นมืออาชีพบน ฐานความรู้ สามารถเรียนรู้แบบนำตัวเอง (self-directed learning) มีทักษะในการจัด กระบวนการเรียนรู้ (learning process and facilitation) และมีทักษะในการใช้เทคโนโลยีเพื่อ การเรียนรู้ (learning technology)
db314 - plo.csv,ศศ.บ.วิทยาการเรียนรู้,PLOs,4,ทักษะในการพัฒนาตนเอง (Intrapersonal skills) รู้จัก เท่าทัน สะท้อน กำกับและพัฒนาตนเอง อย่างต่อเนื่องจนเกิดความเชี่ยวชาญ (self mastery)
db314 - plo.csv,ศศ.บ.วิทยาการเรียนรู้,PLOs,5,ทักษะในการปฏิสัมพันธ์กับผู้อื่น (Interpersonal skills) เข้าใจความแตกต่างหลากหลาย สามารถทำงานเป็นทีม มีทักษะการสื่อสาร และประสานความร่วมมือกับบุคคลอื่นได้ มีความ เป็นผู้นำ และความเป็นมืออาชีพ
db314 - plo.csv,ศศ.บ.วิทยาการเรียนรู้,PLOs,6,จิตสำนึกและการมีส่วนร่วมทางสังคม (Social conscience and engagement) ความรู้สึกรู้สา ต่อเพื่อนมนุษย์หรือความไม่เป็นธรรมที่ปรากฏตรงหน้า ต่อความเป็นไปในสังคม โดยสามารถ ประเมินผลกระทบทางสังคม จากการสร้างการเปลี่ยนแปลงของตนเองได้
db314 - plo.csv,ศศ.บ.วิทยาการเรียนรู้,K,1,มีความรู้ความเข้าใจเกี่ยวกับทฤษฎีและแนวคิดที่เกี่ยวข้องกับการศึกษาและการเรียนรู้
db314 - plo.csv,ศศ.บ.วิทยาการเรียนรู้,K,2,มีความรู้ความเข้าใจเรื่องการออกแบบและจัดกระบวนการเรียนรู้
db314 - plo.csv,ศศ.บ.วิทยาการเรียนรู้,K,3,มีความรู้ความเข้าใจเกี่ยวกับทฤษฎีและแนวคิดเรื่องความเป็นธรรมทางสังคมและการ ขับเคลื่อนสังคม
db314 - plo.csv,ศศ.บ.วิทยาการเรียนรู้,K,4,มีความรู้ความเข้าใจในการทำงานร่วมกับชุมชนในบริบทที่หลากหลาย
db314 - plo.csv,ศศ.บ.วิทยาการเรียนรู้,K,5,มีความรู้ความเข้าใจเกี่ยวกับหลักการและเครื่องมือในการพัฒนานวัตกรรมการเรียนรู้
db314 - plo.csv,ศศ.บ.วิทยาการเรียนรู้,S,1,สามารถใช้เทคโนโลยีและนวัตกรรมเพื่อส่งเสริมการเรียนรู้
db314 - plo.csv,ศศ.บ.วิทยาการเรียนรู้,S,2,สามารถทำงานเป็นทีม มีภาวะผู้นำ และมีความเข้าใจผู้อื่น
db314 - plo.csv,ศศ.บ.วิทยาการเรียนรู้,S,3,สามารถสื่อสารได้อย่างมีประสิทธิภาพ ทั้งในระดับบุคคล ชุมชน และสังคม
db314 - plo.csv,ศศ.บ.วิทยาการเรียนรู้,S,4,รู้จัก เท่าทัน สะท้อน กำกับ และพัฒนาตนเองอย่างต่อเนื่องจนเกิดความเชี่ยวชาญ
db314 - plo.csv,ศศ.บ.วิทยาการเรียนรู้,S,5,สามารถใช้ทักษะการคิดอย่างหลากหลายในการระบุ และหาทางออกของปัญหาด้วยวิธีการ ที่สร้างสรรค์
db314 - plo.csv,ศศ.บ.วิทยาการเรียนรู้,S,6,สามารถวิพากษ์ปัญหา และปรากฏการณ์ทางสังคมอย่างมีวิจารณญาณ
db314 - plo.csv,ศศ.บ.วิทยาการเรียนรู้,S,7,สามารถออกแบบ และจัดกระบวนการเรียนรู้กับกลุ่มประชากรและบริบทที่หลากหลาย
db314 - plo.csv,ศศ.บ.วิทยาการเรียนรู้,S,8,สามารถรวบรวม วิเคราะห์ สังเคราะห์ จัดการ และสื่อสารความรู้อย่างเป็นระบบ
db314 - plo.csv,ศศ.บ.วิทยาการเรียนรู้,E,1,มีจิตสำนึก และไม่เพิกเฉยต่อประเด็นปัญหาทางสังคม
db314 - plo.csv,ศศ.บ.วิทยาการเรียนรู้,E,2,เข้าใจ และเคารพความแตกต่างหลากหลายของผู้คน
db314 - plo.csv,ศศ.บ.วิทยาการเรียนรู้,C,1,สามารถเรียนรู้แบบนำตัวเอง
db314 - plo.csv,ศศ.บ.วิทยาการเรียนรู้,C,2,ทำงานด้วยความเป็นมืออาชีพบนฐานความรู้
db314 - plo.csv,ศศ.บ.วิทยาการเรียนรู้,C,3,สามารถคิดในลักษณะที่เป็นองค์รวมเห็นความเชื่อมโยงของปรากฏการณ์เชิงระบบ และ ประเมินผลกระทบของการทำงานต่าง ๆ ได้
db314 - plo.csv,ศศ.บ.วิทยาการเรียนรู้,C,4,มีความเป็นพลเมืองตื่นรู้
db314 - plo.csv,ศศ.บ.ศักยภาพมนุษย์และสุขภาวะ,PLOs,1,สร้างแนวทางการพัฒนาตนเองที่ส่งเสริมการเติบโตทางอารมณ์ จิตใจ และจิตวิญญาณเพื่อเสริมสร้างสุขภาวะและศักยภาพของตนเอง
db314 - plo.csv,ศศ.บ.ศักยภาพมนุษย์และสุขภาวะ,PLOs,2,แสดงการสะท้อนตนเอง (Self-Reflection) และกำกับตนเอง (Self-Regulation) เพื่อนำไปสู่การพัฒนาที่ยั่งยืนและสมดุลในชีวิต
db314 - plo.csv,ศศ.บ.ศักยภาพมนุษย์และสุขภาวะ,PLOs,3,วิเคราะห์รากของปัญหาและมิติของสุขภาวะ อย่างเป็นองค์รวม และเข้าใจผู้อื่น
db314 - plo.csv,ศศ.บ.ศักยภาพมนุษย์และสุขภาวะ,PLOs,4,ใช้ทักษะการสื่อสารอย่างสร้างสรรค์ โดยอาศัยหลักการของการฟังอย่างลึกซึ้ง (Deep Listening) และ การสื่อสารอย่างเข้าอกเข้าใจ (Empathic Communication) ในการทำงานร่วมกับผู้อื่น
db314 - plo.csv,ศศ.บ.ศักยภาพมนุษย์และสุขภาวะ,PLOs,5,ระบุบทบาทของตนเอง และความเชื่อมโยงกับบทบาทอื่น ๆ ของทีม และปรับตัวเพื่อทำให้ทีมบรรลุวัตถุประสงค์ที่ตั้งไว้ร่วมกันได้
db314 - plo.csv,ศศ.บ.ศักยภาพมนุษย์และสุขภาวะ,PLOs,6,แสดงสมรรถนะทางวัฒนธรรม (Cultural Competence) เพื่อสร้างความร่วมมือและความเข้าใจในสังคมพหุวัฒนธรรม
db314 - plo.csv,ศศ.บ.ศักยภาพมนุษย์และสุขภาวะ,PLOs,7,ใช้แนวคิดและทฤษฎีที่เกี่ยวข้องกับการพัฒนาศักยภาพมนุษย์ สุขภาวะบุคคล องค์กร และความเป็นอยู่ที่ดีของสังคมในการทำงานจริงได้
db314 - plo.csv,ศศ.บ.ศักยภาพมนุษย์และสุขภาวะ,PLOs,8,ออกแบบและดำเนินโครงการนวัตกรรมที่เกี่ยวข้องกับการพัฒนาศักยภาพมนุษย์และสุขภาวะที่มีประสิทธิภาพและสามารถวัดผลได้ โดยคำนึงถึงสิ่งแวดล้อมและความยั่งยืน
db314 - plo.csv,ศศ.บ.ศักยภาพมนุษย์และสุขภาวะ,PLOs,9,ผลิตผลงานอย่างถูกหลักจริยธรรมทางวิชาชีพและวิชาการ มีความซื่อสัตย์ คำนึงถึงผลกระทบของผู้มีส่วนเกี่ยวข้อง ไม่คัดลอกผลงานทางวิชาการ และไม่ละเมิดลิขสิทธิ์ทางปัญญา
db314 - plo.csv,ศศ.บ.ศักยภาพมนุษย์และสุขภาวะ,PLOs,10,"แสดงสมรรถนะการรู้เท่าทันสื่อ ดิจิทัล และเทคโนโลยี (Media, Digital and Technology Literacy)"
db314 - plo.csv,2. วิทยาศาสตรบัณฑิต สาขาวิชาอาชีวอนามัยและความปลอดภัย  (ปรับปรุง 2566) ศูนย์รังสิต,K,1,อธิบายครอบคลุมเนื้อหาสำคัญและประยุกต์ใช้ความรู้ด้านสาธารณสุขและด้านอาชีวอนามัยและความปลอดภัย
db314 - plo.csv,2. วิทยาศาสตรบัณฑิต สาขาวิชาอาชีวอนามัยและความปลอดภัย  (ปรับปรุง 2566) ศูนย์รังสิต,K,2,วิเคราะห์และแก้ปัญหาโดยใช้ความรู้ด้านสาธารณสุขและด้านอาชีวอนามัยและความปลอดภัย
db314 - plo.csv,2. วิทยาศาสตรบัณฑิต สาขาวิชาอาชีวอนามัยและความปลอดภัย  (ปรับปรุง 2566) ศูนย์รังสิต,K,3,แยกแยะแนวคิด แสดงความสัมพันธ์ระหว่างแนวคิด ทฤษฎีต่าง ๆ และวิธีปฏิบัติ
db314 - plo.csv,2. วิทยาศาสตรบัณฑิต สาขาวิชาอาชีวอนามัยและความปลอดภัย  (ปรับปรุง 2566) ศูนย์รังสิต,K,4,อนุมานสาเหตุ ผลกระทบและคาดการณ์ผลลัพธ์
db314 - plo.csv,2. วิทยาศาสตรบัณฑิต สาขาวิชาอาชีวอนามัยและความปลอดภัย  (ปรับปรุง 2566) ศูนย์รังสิต,K,5,ประยุกต์ใช้ทฤษฎีในสถานการณ์ ใหม่ๆ อธิบายเหตุการณ์
db314 - plo.csv,2. วิทยาศาสตรบัณฑิต สาขาวิชาอาชีวอนามัยและความปลอดภัย  (ปรับปรุง 2566) ศูนย์รังสิต,S,1,แก้ปัญหาโดยใช้กระบวนการคิดอย่างมีเหตุผลตตามหลักวิชาการ
db314 - plo.csv,2. วิทยาศาสตรบัณฑิต สาขาวิชาอาชีวอนามัยและความปลอดภัย  (ปรับปรุง 2566) ศูนย์รังสิต,S,2,สื่อสารองค์ความรู้และนำเสนอกับบุคคลที่หลากหลายได้
db314 - plo.csv,2. วิทยาศาสตรบัณฑิต สาขาวิชาอาชีวอนามัยและความปลอดภัย  (ปรับปรุง 2566) ศูนย์รังสิต,S,3,ใช้เทคโนโลยีสารสนเทศและนวัตกรรมในการค้นคว้าอย่างรู้เท่าทัน
db314 - plo.csv,2. วิทยาศาสตรบัณฑิต สาขาวิชาอาชีวอนามัยและความปลอดภัย  (ปรับปรุง 2566) ศูนย์รังสิต,E,1,มีจรรยาบรรณทางวิชาการและวิชาชีพ
db314 - plo.csv,2. วิทยาศาสตรบัณฑิต สาขาวิชาอาชีวอนามัยและความปลอดภัย  (ปรับปรุง 2566) ศูนย์รังสิต,E,2,มีความซื่อสัตย์ สุจริต และสามารถจัดการปัญหาด้านจริยธรรม และความขัดแย้ง
db314 - plo.csv,2. วิทยาศาสตรบัณฑิต สาขาวิชาอาชีวอนามัยและความปลอดภัย  (ปรับปรุง 2566) ศูนย์รังสิต,E,3,มีทัศนคติที่ดีต่ออาชีพ และแสดงออกซึ่งคุณธรรม และจริยธรรมในการปฏิบัติงาน และการปฏิบัติตนต่อผู้อื่นอย่าง สม่ำเสมอ
db314 - plo.csv,2. วิทยาศาสตรบัณฑิต สาขาวิชาอาชีวอนามัยและความปลอดภัย  (ปรับปรุง 2566) ศูนย์รังสิต,E,4,มีความรับผิดชอบในหน้าที่ เป็นสมาชิกที่ดีและมีส่วนร่วมในกิจกรรมเพื่อการพัฒนา เป็นแบบอย่างที่ดีต่อผู้อื่น ทั้งในการดำรงตนและการปฏิบัติงาน และมีภาวะผู้นำ
db314 - plo.csv,2. วิทยาศาสตรบัณฑิต สาขาวิชาอาชีวอนามัยและความปลอดภัย  (ปรับปรุง 2566) ศูนย์รังสิต,E,5,มีวินัย มีความตรงต่อเวลา ปฏิบัติตามกฎระเบียบและข้อบังคับขององค์กร และสังคม
db314 - plo.csv,2. วิทยาศาสตรบัณฑิต สาขาวิชาอาชีวอนามัยและความปลอดภัย  (ปรับปรุง 2566) ศูนย์รังสิต,E,6,มีจิตสำนึกสาธารณะและมีความรับผิดชอบต่อส่วนรวม
db314 - plo.csv,2. วิทยาศาสตรบัณฑิต สาขาวิชาอาชีวอนามัยและความปลอดภัย  (ปรับปรุง 2566) ศูนย์รังสิต,C,1,มีความมุ่งมั่น ตั้งใจ สามารถปฏิบัติงานที่ได้รับมอบหมายด้วยความรับผิดชอบ สร้างสรรค์ สามัคคี เป็นธรรม และร่วมชี้นำสังคม สอดคล้องกับอัตลักษณ์ของ มธ.
db314 - plo.csv,2. วิทยาศาสตรบัณฑิต สาขาวิชาอาชีวอนามัยและความปลอดภัย  (ปรับปรุง 2566) ศูนย์รังสิต,C,2,มีภาวะผู้นำใฝ่รู้ใฝ่เรียน ตระหนักรู้ทางสังคม และวัฒนธรรม (Social Awareness)
db314 - plo.csv,2. วิทยาศาสตรบัณฑิต สาขาวิชาอาชีวอนามัยและความปลอดภัย  (ปรับปรุง 2566) ศูนย์รังสิต,C,3,เรียนรู้เพื่อพัฒนาตนเองได้
db314 - plo.csv,2. วิทยาศาสตรบัณฑิต สาขาวิชาอาชีวอนามัยและความปลอดภัย  (ปรับปรุง 2566) ศูนย์รังสิต,C,4,มีแนวคิดของการเป็นผู้ประกอบการ ในด้านการเห็นคุณค่าของการใช้ทรัพยากร กล้าตัดสินใจ ไม่ย่อท้อต่ออุปสรรค
db314 - plo.csv,6. วิทยาศาสตรบัณฑิต สาขาวิชาอนามัยชุมชน (ปรับปรุง 2568),K,1,ผู้เรียนสามารถวิเคราะห์สถานการณ์ปัจจุบันที่ส่งผลต่อด้านสุขภาพชุมชนในอนาคต
db314 - plo.csv,6. วิทยาศาสตรบัณฑิต สาขาวิชาอนามัยชุมชน (ปรับปรุง 2568),K,2,ผู้เรียนสามารถวิเคราะห์และคิดเชิงระบบด้านสุขภาพชุมชน
db314 - plo.csv,6. วิทยาศาสตรบัณฑิต สาขาวิชาอนามัยชุมชน (ปรับปรุง 2568),K,3,ผู้เรียนมีความรู้เกี่ยวกับการให้บริการสุขภาพ
db314 - plo.csv,6. วิทยาศาสตรบัณฑิต สาขาวิชาอนามัยชุมชน (ปรับปรุง 2568),K,4,ผู้เรียนมีแนวคิดด้านธุรกิจที่เกี่ยวข้องกับการส่งเสริมและดูแลสุขภาพที่สอดคล้องกับสภาพสังคมจริง
db314 - plo.csv,6. วิทยาศาสตรบัณฑิต สาขาวิชาอนามัยชุมชน (ปรับปรุง 2568),S,1,ผู้เรียนสามารถทำงานเป็นทีมได้
db314 - plo.csv,6. วิทยาศาสตรบัณฑิต สาขาวิชาอนามัยชุมชน (ปรับปรุง 2568),S,2,ผู้เรียนสามารถประยุกต์ใช้ในกระบวนการแก้ไขปัญหาสุขภาพชุมชนได้อย่างสร้างสรรค์
db314 - plo.csv,6. วิทยาศาสตรบัณฑิต สาขาวิชาอนามัยชุมชน (ปรับปรุง 2568),S,3,ผู้เรียนมีทักษะการให้บริการสุขภาพภายใต้ พ.ร.บ.วิชาชีพสาธารณสุขชุมชน
db314 - plo.csv,6. วิทยาศาสตรบัณฑิต สาขาวิชาอนามัยชุมชน (ปรับปรุง 2568),S,4,ผู้เรียนมีทักษะในการใช้เทคโนโลยีสารสนเทศและสื่อสารได้อย่างมีประสิทธิภาพ
db314 - plo.csv,6. วิทยาศาสตรบัณฑิต สาขาวิชาอนามัยชุมชน (ปรับปรุง 2568),S,5,ผู้เรียนสามารถสร้างนวัตกรรมสุขภาพที่สอดคล้องกับปัญหาและทรัพยากรในชุมชน
db314 - plo.csv,6. วิทยาศาสตรบัณฑิต สาขาวิชาอนามัยชุมชน (ปรับปรุง 2568),S,6,ผู้เรียนสามารถออกแบบและพัฒนางานวิจัยด้านสุขภาพชุมชน
db314 - plo.csv,6. วิทยาศาสตรบัณฑิต สาขาวิชาอนามัยชุมชน (ปรับปรุง 2568),E,1,ผู้เรียนมีคุณธรรมและจริยธรรมในวิชาชีพสาธารณสุข และสามารถทำงานด้วยความเคารพศักดิ์ศรีความเป็นมนุษย์
db314 - plo.csv,6. วิทยาศาสตรบัณฑิต สาขาวิชาอนามัยชุมชน (ปรับปรุง 2568),E,2,ผู้เรียนสามารถใช้สารสนเทศอย่างมีจรรยาบรรณ
db314 - plo.csv,6. วิทยาศาสตรบัณฑิต สาขาวิชาอนามัยชุมชน (ปรับปรุง 2568),E,3,ผู้เรียนสามารถดำเนินงานวิจัยอย่างมีจริยธรรมและจรรยาบรรณ
db314 - plo.csv,6. วิทยาศาสตรบัณฑิต สาขาวิชาอนามัยชุมชน (ปรับปรุง 2568),C,1,ผู้เรียนสามารถวางแผนแก้ปัญหาด้านสุขภาพชุมชนแบบบูรณาการและการมีส่วนร่วมของชุมชน
db314 - plo.csv,6. วิทยาศาสตรบัณฑิต สาขาวิชาอนามัยชุมชน (ปรับปรุง 2568),C,2,ผู้เรียนสามารถออกแบบบริการสุขภาพที่ตอบสนองต่อความจำเป็นด้านสุขภาพของประชากร
db314 - plo.csv,6. วิทยาศาสตรบัณฑิต สาขาวิชาอนามัยชุมชน (ปรับปรุง 2568),C,3,ผู้เรียนมีคุณลักษณะความเป็นผู้นำ
db314 - plo.csv,6. วิทยาศาสตรบัณฑิต สาขาวิชาอนามัยชุมชน (ปรับปรุง 2568),C,4,ผู้เรียนสามารถเป็นผู้อำนวยการเรียนรู้/วิทยากรกระบวนการ
db314 - plo.csv,4. วิทยาศาสตรบัณฑิต สาขาวิชาอนามัยสิ่งแวดล้อม (ปรับปรุง 2566) ศูนย์รังสิต,K,1,สามารถประยุกต์ใช้หลักทางด้านสาธารณสุขและอนามัยสิ่งแวดล้อมในการวางแผนและจัดการปัญหาด้านอนามัยสิ่งแวดล้อม
db314 - plo.csv,4. วิทยาศาสตรบัณฑิต สาขาวิชาอนามัยสิ่งแวดล้อม (ปรับปรุง 2566) ศูนย์รังสิต,K,2,ศึกษาความรู้เกี่ยวกับกฎหมายที่เกี่ยวข้องกับงานอนามัยสิ่งแวดล้อมและการบังคับใช้เพื่อการกำหนดมาตรฐานและการควบคุมคุณภาพสิ่งแวดล้อมให้อยู่ในเกณฑ์มาตรฐาน และการจัดการสิ่งแวดล้อมและสุขภาพด้านต่างๆ รวมทั้งการพัฒนาการใช้มาตรการทางกฎหมายในงานอนามัยสิ่งแวดล้อม
db314 - plo.csv,4. วิทยาศาสตรบัณฑิต สาขาวิชาอนามัยสิ่งแวดล้อม (ปรับปรุง 2566) ศูนย์รังสิต,S,1,วิเคราะห์ปัญหาอนามัยสิ่งแวดล้อมที่เกิดขึ้นโดยการสำรวจ ตรวจสอบ รวบรวมและวิเคราะห์ข้อมูล เพื่อบ่งชี้ปัญหาและประเมินผลกระทบต่อสิ่งแวดล้อมและสุขภาพ
db314 - plo.csv,4. วิทยาศาสตรบัณฑิต สาขาวิชาอนามัยสิ่งแวดล้อม (ปรับปรุง 2566) ศูนย์รังสิต,S,2,วางแผนและดำเนินการในการเก็บการตรวจวิเคราะห์ตัวอย่างทั้งในภาคสนามและในห้องปฏิบัติการ เพื่อการวางแผนเฝ้าระวังคุณภาพสิ่งแวดล้อมตลอดจนดูแลควบคุม ระบบควบคุมมลพิษสิ่งแวดล้อม รวมถึงการเลือกใช้เครื่องมือ เทคโนโลยี และทักษะด้านดิจิทัลที่เหมาะสมในการรักษาคุณภาพสิ่งแวดล้อมได้อย่างมีประสิทธิภาพ
db314 - plo.csv,4. วิทยาศาสตรบัณฑิต สาขาวิชาอนามัยสิ่งแวดล้อม (ปรับปรุง 2566) ศูนย์รังสิต,S,3,สามารถใช้การวิเคราะห์เชิงระบบ ในการประเมินการเปลี่ยนแปลงของสิ่งแวดล้อมอันเนื่องจากการกระทำของมนุษย์ และผลกระทบต่อคุณภาพสิ่งแวดล้อมและสุขภาพอนามัย อันเป็นผลสืบเนื่องจากกิจกรรมนั้นๆ และวางแผนในการแก้ปัญหา
db314 - plo.csv,4. วิทยาศาสตรบัณฑิต สาขาวิชาอนามัยสิ่งแวดล้อม (ปรับปรุง 2566) ศูนย์รังสิต,S,4,สามารถประยุกต์ใช้ความรู้ในการทำวิจัยทางสาธารณสุขและอนามัยสิ่งแวดล้อมโดยใช้กระบวนการวิจัยและจริยธรรมการวิจัย ตลอดจนเลือกใช้ผลการวิจัยในการพัฒนาองค์ความรู้หรือพัฒนางานสาธารณสุขและอนามัยสิ่งแวดล้อม
db314 - plo.csv,4. วิทยาศาสตรบัณฑิต สาขาวิชาอนามัยสิ่งแวดล้อม (ปรับปรุง 2566) ศูนย์รังสิต,E,1,ดำเนินงานเป็นระบบตามจรรยาบรรณวิชาชีพ มีมนุษยสัมพันธ์ คุณธรรม และจริยธรรม และดำรงตนเป็นแบบอย่างที่ดีในการสร้างระบบสิ่งแวดล้อมที่เอื้อหนุนสุขภาพได้อย่างมีประสิทธิภาพ
db314 - plo.csv,4. วิทยาศาสตรบัณฑิต สาขาวิชาอนามัยสิ่งแวดล้อม (ปรับปรุง 2566) ศูนย์รังสิต,E,2,มีจิตสาธารณะ
db314 - plo.csv,4. วิทยาศาสตรบัณฑิต สาขาวิชาอนามัยสิ่งแวดล้อม (ปรับปรุง 2566) ศูนย์รังสิต,C,1,มีความรู้ความสามารถในการเป็นนักบริหารจัดการงานวิชาการสุขาภิบาลและอนามัยสิ่งแวดล้อมที่ทันสมัย เท่าทันการเปลี่ยนแปลงของโลกและการพัฒนาอย่างยั่งยืน
db314 - plo.csv,4. วิทยาศาสตรบัณฑิต สาขาวิชาอนามัยสิ่งแวดล้อม (ปรับปรุง 2566) ศูนย์รังสิต,C,2,มีทักษะในการเลือกใช้ข้อมูลและเทคโนโลยีในการวิเคราะห์ข้อมูลได้อย่างถูกต้องและเหมาะสม และเชื่อมโยงสาเหตุและผลกระทบทางด้านอนามัยสิ่งแวดล้อมในเชิงระบบได้
db314 - plo.csv,4. วิทยาศาสตรบัณฑิต สาขาวิชาอนามัยสิ่งแวดล้อม (ปรับปรุง 2566) ศูนย์รังสิต,C,3,มีความคิดสร้างสรรค์ และการสื่อสารที่ดี คิดเป็นระบบ
db314 - plo.csv,4. วิทยาศาสตรบัณฑิต สาขาวิชาอนามัยสิ่งแวดล้อม (ปรับปรุง 2566) ศูนย์รังสิต,C,4,มีความรู้เท่าทันต่อสถานการณ์การเปลี่ยนแปลงทางด้านสิ่งแวดล้อมที่มีผลกระทบต่อสุขภาพ
db314 - plo.csv,4. วิทยาศาสตรบัณฑิต สาขาวิชาอนามัยสิ่งแวดล้อม (ปรับปรุง 2566) ศูนย์รังสิต,PLOs,1,สามารถพัฒนาขีดความสามารถตามลักษณะงานทางด้านสิ่งแวดล้อมและสุขภาพ
db314 - plo.csv,5. วิทยาศาสตรบัณฑิต สาขาวิชาอนามัยสิ่งแวดล้อม (ปรับปรุง 2566) ศูนย์ลำปาง,K,1,สามารถประยุกต์ใช้หลักทางด้านสาธารณสุขและอนามัยสิ่งแวดล้อมในการวางแผนและจัดการปัญหาด้านอนามัยสิ่งแวดล้อม
db314 - plo.csv,5. วิทยาศาสตรบัณฑิต สาขาวิชาอนามัยสิ่งแวดล้อม (ปรับปรุง 2566) ศูนย์ลำปาง,K,2,ศึกษาความรู้เกี่ยวกับกฎหมายที่เกี่ยวข้องกับงานอนามัยสิ่งแวดล้อมและการบังคับใช้เพื่อการกำหนดมาตรฐานและการควบคุมคุณภาพสิ่งแวดล้อมให้อยู่ในเกณฑ์มาตรฐาน และการจัดการสิ่งแวดล้อมและสุขภาพด้านต่างๆ รวมทั้งการพัฒนาการใช้มาตรการทางกฎหมายในงานอนามัยสิ่งแวดล้อม
db314 - plo.csv,5. วิทยาศาสตรบัณฑิต สาขาวิชาอนามัยสิ่งแวดล้อม (ปรับปรุง 2566) ศูนย์ลำปาง,S,1,วิเคราะห์ปัญหาอนามัยสิ่งแวดล้อมที่เกิดขึ้นโดยการสำรวจ ตรวจสอบ รวบรวมและวิเคราะห์ข้อมูล เพื่อบ่งชี้ปัญหาและประเมินผลกระทบต่อสิ่งแวดล้อมและสุขภาพ
db314 - plo.csv,5. วิทยาศาสตรบัณฑิต สาขาวิชาอนามัยสิ่งแวดล้อม (ปรับปรุง 2566) ศูนย์ลำปาง,S,2,วางแผนและดำเนินการในการเก็บการตรวจวิเคราะห์ตัวอย่างทั้งในภาคสนามและในห้องปฏิบัติการ เพื่อการวางแผนเฝ้าระวังคุณภาพสิ่งแวดล้อมตลอดจนดูแลควบคุม ระบบควบคุมมลพิษสิ่งแวดล้อม รวมถึงการเลือกใช้เครื่องมือ เทคโนโลยี และทักษะด้านดิจิทัลที่เหมาะสมในการรักษาคุณภาพสิ่งแวดล้อมได้อย่างมีประสิทธิภาพ
db314 - plo.csv,5. วิทยาศาสตรบัณฑิต สาขาวิชาอนามัยสิ่งแวดล้อม (ปรับปรุง 2566) ศูนย์ลำปาง,S,3,สามารถใช้การวิเคราะห์เชิงระบบ ในการประเมินการเปลี่ยนแปลงของสิ่งแวดล้อมอันเนื่องจากการกระทำของมนุษย์ และผลกระทบต่อคุณภาพสิ่งแวดล้อมและสุขภาพอนามัย อันเป็นผลสืบเนื่องจากกิจกรรมนั้นๆ และวางแผนในการแก้ปัญหา
db314 - plo.csv,5. วิทยาศาสตรบัณฑิต สาขาวิชาอนามัยสิ่งแวดล้อม (ปรับปรุง 2566) ศูนย์ลำปาง,S,4,สามารถประยุกต์ใช้ความรู้ในการทำวิจัยทางสาธารณสุขและอนามัยสิ่งแวดล้อมโดยใช้กระบวนการวิจัยและจริยธรรมการวิจัย ตลอดจนเลือกใช้ผลการวิจัยในการพัฒนาองค์ความรู้หรือพัฒนางานสาธารณสุขและอนามัยสิ่งแวดล้อม
db314 - plo.csv,5. วิทยาศาสตรบัณฑิต สาขาวิชาอนามัยสิ่งแวดล้อม (ปรับปรุง 2566) ศูนย์ลำปาง,E,1,ดำเนินงานเป็นระบบตามจรรยาบรรณวิชาชีพ มีมนุษยสัมพันธ์ คุณธรรม และจริยธรรม และดำรงตนเป็นแบบอย่างที่ดีในการสร้างระบบสิ่งแวดล้อมที่เอื้อหนุนสุขภาพได้อย่างมีประสิทธิภาพ
db314 - plo.csv,5. วิทยาศาสตรบัณฑิต สาขาวิชาอนามัยสิ่งแวดล้อม (ปรับปรุง 2566) ศูนย์ลำปาง,E,2,มีจิตสาธารณะ
db314 - plo.csv,5. วิทยาศาสตรบัณฑิต สาขาวิชาอนามัยสิ่งแวดล้อม (ปรับปรุง 2566) ศูนย์ลำปาง,C,1,มีความรู้ความสามารถในการเป็นนักบริหารจัดการงานวิชาการสุขาภิบาลและอนามัยสิ่งแวดล้อมที่ทันสมัย เท่าทันการเปลี่ยนแปลงของโลกและการพัฒนาอย่างยั่งยืน
db314 - plo.csv,5. วิทยาศาสตรบัณฑิต สาขาวิชาอนามัยสิ่งแวดล้อม (ปรับปรุง 2566) ศูนย์ลำปาง,C,2,มีทักษะในการเลือกใช้ข้อมูลและเทคโนโลยีในการวิเคราะห์ข้อมูลได้อย่างถูกต้องและเหมาะสม และเชื่อมโยงสาเหตุและผลกระทบทางด้านอนามัยสิ่งแวดล้อมในเชิงระบบได้
db314 - plo.csv,5. วิทยาศาสตรบัณฑิต สาขาวิชาอนามัยสิ่งแวดล้อม (ปรับปรุง 2566) ศูนย์ลำปาง,C,3,มีความคิดสร้างสรรค์ และการสื่อสารที่ดี คิดเป็นระบบ
db314 - plo.csv,5. วิทยาศาสตรบัณฑิต สาขาวิชาอนามัยสิ่งแวดล้อม (ปรับปรุง 2566) ศูนย์ลำปาง,C,4,มีความรู้เท่าทันต่อสถานการณ์การเปลี่ยนแปลงทางด้านสิ่งแวดล้อมที่มีผลกระทบต่อสุขภาพ
db314 - plo.csv,5. วิทยาศาสตรบัณฑิต สาขาวิชาอนามัยสิ่งแวดล้อม (ปรับปรุง 2566) ศูนย์ลำปาง,PLOs,1,สามารถพัฒนาขีดความสามารถตามลักษณะงานทางด้านสิ่งแวดล้อมและสุขภาพ
db314 - plo.csv,3. วิทยาศาสตรบัณฑิต สาขาวิชาอาชีวอนามัยและความปลอดภัย (ปรับปรุง 2566) ศูนย์ลำปาง,K,1,อธิบายครอบคลุมเนื้อหาสำคัญและประยุกต์ใช้ความรู้ด้านสาธารณสุขและด้านอาชีวอนามัยและความปลอดภัย
db314 - plo.csv,3. วิทยาศาสตรบัณฑิต สาขาวิชาอาชีวอนามัยและความปลอดภัย (ปรับปรุง 2566) ศูนย์ลำปาง,K,2,วิเคราะห์และแก้ปัญหาโดยใช้ความรู้ด้านสาธารณสุขและด้านอาชีวอนามัยและความปลอดภัย
db314 - plo.csv,3. วิทยาศาสตรบัณฑิต สาขาวิชาอาชีวอนามัยและความปลอดภัย (ปรับปรุง 2566) ศูนย์ลำปาง,K,3,แยกแยะแนวคิด แสดงความสัมพันธ์ระหว่างแนวคิด ทฤษฎีต่าง ๆ และวิธีปฏิบัติ
db314 - plo.csv,3. วิทยาศาสตรบัณฑิต สาขาวิชาอาชีวอนามัยและความปลอดภัย (ปรับปรุง 2566) ศูนย์ลำปาง,K,4,อนุมานสาเหตุ ผลกระทบและคาดการณ์ผลลัพธ์
db314 - plo.csv,3. วิทยาศาสตรบัณฑิต สาขาวิชาอาชีวอนามัยและความปลอดภัย (ปรับปรุง 2566) ศูนย์ลำปาง,K,5,ประยุกต์ใช้ทฤษฎีในสถานการณ์ ใหม่ๆ อธิบายเหตุการณ์
db314 - plo.csv,3. วิทยาศาสตรบัณฑิต สาขาวิชาอาชีวอนามัยและความปลอดภัย (ปรับปรุง 2566) ศูนย์ลำปาง,S,1,แก้ปัญหาโดยใช้กระบวนการคิดอย่างมีเหตุผลตตามหลักวิชาการ
db314 - plo.csv,3. วิทยาศาสตรบัณฑิต สาขาวิชาอาชีวอนามัยและความปลอดภัย (ปรับปรุง 2566) ศูนย์ลำปาง,S,2,สื่อสารองค์ความรู้และนำเสนอกับบุคคลที่หลากหลายได้
db314 - plo.csv,3. วิทยาศาสตรบัณฑิต สาขาวิชาอาชีวอนามัยและความปลอดภัย (ปรับปรุง 2566) ศูนย์ลำปาง,S,3,ใช้เทคโนโลยีสารสนเทศและนวัตกรรมในการค้นคว้าอย่างรู้เท่าทัน
db314 - plo.csv,3. วิทยาศาสตรบัณฑิต สาขาวิชาอาชีวอนามัยและความปลอดภัย (ปรับปรุง 2566) ศูนย์ลำปาง,E,1,มีจรรยาบรรณทางวิชาการและวิชาชีพ
db314 - plo.csv,3. วิทยาศาสตรบัณฑิต สาขาวิชาอาชีวอนามัยและความปลอดภัย (ปรับปรุง 2566) ศูนย์ลำปาง,E,2,มีความซื่อสัตย์ สุจริต และสามารถจัดการปัญหาด้านจริยธรรม และความขัดแย้ง
db314 - plo.csv,3. วิทยาศาสตรบัณฑิต สาขาวิชาอาชีวอนามัยและความปลอดภัย (ปรับปรุง 2566) ศูนย์ลำปาง,E,3,มีทัศนคติที่ดีต่ออาชีพ และแสดงออกซึ่งคุณธรรม และจริยธรรมในการปฏิบัติงานและการปฏิบัติตนต่อผู้อื่นอย่าง สม่ำเสมอ
db314 - plo.csv,3. วิทยาศาสตรบัณฑิต สาขาวิชาอาชีวอนามัยและความปลอดภัย (ปรับปรุง 2566) ศูนย์ลำปาง,E,4,มีความรับผิดชอบในหน้าที่ เป็นสมาชิกที่ดีและมีส่วนร่วมในกิจกรรมเพื่อการพัฒนาเป็นแบบอย่างที่ดีต่อผู้อื่น ทั้งในการดำรงตนและการปฏิบัติงาน และมีภาวะผู้นำ
db314 - plo.csv,3. วิทยาศาสตรบัณฑิต สาขาวิชาอาชีวอนามัยและความปลอดภัย (ปรับปรุง 2566) ศูนย์ลำปาง,E,5,มีวินัย มีความตรงต่อเวลา ปฏิบัติตามกฎระเบียบและข้อบังคับขององค์กร และสังคม
db314 - plo.csv,3. วิทยาศาสตรบัณฑิต สาขาวิชาอาชีวอนามัยและความปลอดภัย (ปรับปรุง 2566) ศูนย์ลำปาง,E,6,มีจิตสำนึกสาธารณะและมีความรับผิดชอบต่อส่วนรวม
db314 - plo.csv,3. วิทยาศาสตรบัณฑิต สาขาวิชาอาชีวอนามัยและความปลอดภัย (ปรับปรุง 2566) ศูนย์ลำปาง,C,1,มีความมุ่งมั่น ตั้งใจ สามารถปฏิบัติงานที่ได้รับมอบหมายด้วยความรับผิดชอบ สร้างสรรค์ สามัคคี เป็นธรรม และร่วมชี้นำสังคม สอดคล้องกับอัตลักษณ์ของมหาวิทยาลัยธรรมศาสตร์
db314 - plo.csv,3. วิทยาศาสตรบัณฑิต สาขาวิชาอาชีวอนามัยและความปลอดภัย (ปรับปรุง 2566) ศูนย์ลำปาง,C,2,มีภาวะผู้นำใฝ่รู้ใฝ่เรียน ตระหนักรู้ทางสังคม และวัฒนธรรม (Social Awareness)
db314 - plo.csv,3. วิทยาศาสตรบัณฑิต สาขาวิชาอาชีวอนามัยและความปลอดภัย (ปรับปรุง 2566) ศูนย์ลำปาง,C,3,เรียนรู้เพื่อพัฒนาตนเองได้
db314 - plo.csv,3. วิทยาศาสตรบัณฑิต สาขาวิชาอาชีวอนามัยและความปลอดภัย (ปรับปรุง 2566) ศูนย์ลำปาง,C,4,มีแนวคิดของการเป็นผู้ประกอบการ ในด้านการเห็นคุณค่าของการใช้ทรัพยากร กล้าตัดสินใจ ไม่ย่อท้อต่ออุปสรรค
db314 - plo.csv,1. วิทยาศาสตรบัณฑิต สาขาวิชาการสร้างเสริมสุขภาพเชิงนวัตกรรม (ปรับปรุง 2568),K,1,ผู้เรียนผู้เรียนมีความรู้ความเข้าใจด้านวิทยาศาสตร์ การสาธารณสุขและการสร้างเสริมสุขภาพที่ทันต่อสถานการณ์
db314 - plo.csv,1. วิทยาศาสตรบัณฑิต สาขาวิชาการสร้างเสริมสุขภาพเชิงนวัตกรรม (ปรับปรุง 2568),S,1,ผู้เรียนสามารถวิเคราะห์และใช้ข้อมูลเพื่อการวางแผนในการสร้างเสริมสุขภาพ
db314 - plo.csv,1. วิทยาศาสตรบัณฑิต สาขาวิชาการสร้างเสริมสุขภาพเชิงนวัตกรรม (ปรับปรุง 2568),S,2,ผู้เรียนสามารถคิด ออกแบบและพัฒนานวัตกรรมเพื่อการสร้างเสริมสุขภาพได้
db314 - plo.csv,1. วิทยาศาสตรบัณฑิต สาขาวิชาการสร้างเสริมสุขภาพเชิงนวัตกรรม (ปรับปรุง 2568),S,3,ผู้เรียนสามารถประยุกต์ใช้ความรู้ด้านดิจิตัลในการวางแผน ออกแบบ พัฒนานวัตกรรมเพื่อการสร้างเสริมสุขภาพได้
db314 - plo.csv,1. วิทยาศาสตรบัณฑิต สาขาวิชาการสร้างเสริมสุขภาพเชิงนวัตกรรม (ปรับปรุง 2568),E,1,ผู้เรียนมีจริยธรรมในการประกอบวิชาชีพ
db314 - plo.csv,1. วิทยาศาสตรบัณฑิต สาขาวิชาการสร้างเสริมสุขภาพเชิงนวัตกรรม (ปรับปรุง 2568),C,1,มีสมรรถนะในการเป็นผู้ประกอบการด้านสุขภาพที่สามารถประยุกต์ใช้ความรู้ด้านดิจิตัลในการประกอบการ
db314 - plo.csv,15. วท.บ.เทคโนโลยีการเกษตร,PLOs,1,ผู้เรียนสามารถจัดการการผลิตทางการเกษตร โดยใช้ความรู้และทักษะทางด้านเทคโนโลยีการเกษตร และบูรณาการร่วมกับศาสตร์อื่นได้อย่างเหมาะสม ภายใต้การเปลี่ยนแปลงของกฎหมาย กฎระเบียบ ข้อบังคับ และข้อกำหนดทางวิชาการ
db314 - plo.csv,15. วท.บ.เทคโนโลยีการเกษตร,PLOs,2,ผู้เรียนมีแนวคิดการเป็นผู้ประกอบการทางการเกษตร โดยบูรณาการความรู้ด้านการจัดการ เทคโนโลยีการเกษตร และวิทยาศาสตร์ได้อย่างเหมาะสม
db314 - plo.csv,15. วท.บ.เทคโนโลยีการเกษตร,PLOs,3,ผู้เรียนสามารถถ่ายทอดความรู้ด้านเทคโนโลยีการเกษตร โดยใช้เทคโนโลยีสารสนเทศที่เหมาะสม ทั้งภาษาไทยและ/หรือภาษาอังกฤษได้อย่างถูกต้อง
db314 - plo.csv,15. วท.บ.เทคโนโลยีการเกษตร,PLOs,4,ผู้เรียนสามารถทำงานเป็นทีม โดยทำงานร่วมกับผู้อื่น และปรับตัวเข้ากับสถานการณ์ได้อย่างเหมาะสม
db314 - plo.csv,12. วท.บ.เทคโนโลยีชีวภาพ,K,1,อธิบายหลักการและทฤษฎีที่เกี่ยวข้องกับเทคโนโลยีชีวภาพได้ถูกต้อง
db314 - plo.csv,12. วท.บ.เทคโนโลยีชีวภาพ,K,2,เชื่อมโยงองค์ความรู้ทางเทคโนโลยีชีวภาพกับงานวิจัยได้ถูกต้องตามหลักวิชาการ
db314 - plo.csv,12. วท.บ.เทคโนโลยีชีวภาพ,K,3,ประยุกต์องค์ความรู้ทางเทคโนโลยีชีวภาพเพื่อแก้ปัญหาหรือสร้างองค์ความรู้/ผลิตภัณฑ์ได้
db314 - plo.csv,12. วท.บ.เทคโนโลยีชีวภาพ,S,1,"ปฏิบัติงานทางด้านเทคโนโลยีชีวภาพได้,  ใช้เครื่องมือพื้นฐานที่เกี่ยวข้องกับเทคโนโลยีชีวภาพได้,  คัดแยกและเพาะเลี้ยงจุลินทรีย์ได้,  สกัดและวิเคราะห์สารชีวโมเลกุลเบื้องต้นได้, ใช้เครื่องมือทางวิศวกรรมกระบวนการชีวภาพเพื่อผลิต แยก และทำบริสุทธิ์ผลิตภัณฑ์ทางเทคโนโลยีชีวภาพได้, เพิ่มปริมาณ ตรวจสอบ และตัดเชื่อมสารพันธุกรรมได้, ใช้ชีวสารสนเทศศาสตร์วิเคราะห์ข้อมูลทางชีวภาพได้"
db314 - plo.csv,12. วท.บ.เทคโนโลยีชีวภาพ,S,2,ใช้เทคโนโลยีสารสนเทศในการสืบค้นข้อมูลเพื่อแสวงหาความรู้ในการพัฒนาตนเอง
db314 - plo.csv,12. วท.บ.เทคโนโลยีชีวภาพ,E,1,มีคุณธรรม จริยธรรม จรรยาบรรณที่ดีในการทำงาน และเคารพสิทธิและยอมรับในความแตกต่างระหว่างบุคคล
db314 - plo.csv,12. วท.บ.เทคโนโลยีชีวภาพ,E,2,ปฏิบัติตนและปฏิบัติงานด้านเทคโนโลยีชีวภาพให้สอดคล้องกับความปลอดภัยทางชีวภาพและ จริยธรรมของการวิจัยในคนและสัตว์
db314 - plo.csv,12. วท.บ.เทคโนโลยีชีวภาพ,C,1,ปฏิบัติตนเป็นผู้นำและผู้ตามที่ดีในการทำงานร่วมกับผู้อื่น และมีความรับผิดชอบในหน้าที่
db314 - plo.csv,12. วท.บ.เทคโนโลยีชีวภาพ,C,2,นำเสนอและสื่อสารความรู้ทางเทคโนโลยีชีวภาพโดยใช้เทคโนโลยีสารสนเทศได้ถูกต้องและตรงประเด็น
db314 - plo.csv,12. วท.บ.เทคโนโลยีชีวภาพ,C,3,ติดตาม พร้อมเรียนรู้องค์ความรู้ใหม่ และมีแนวคิดผู้ประกอบการ
db314 - plo.csv,2. FIN,K,1,มีความรู้ สามารถอธิบายหลักการและทฤษฎีด้านในสาขาวิชาวิทยาศาสตร์และนวัตกรรมทางอาหาร
db314 - plo.csv,2. FIN,K,2,มีความรู้ในเชิงบูรณาการ และ/หรือ ประยุกต์หลักการและทฤษฎีทางด้านวิชาอื่นๆ ที่เกี่ยวข้องกับสาขาวิชาวิทยาศาสตร์และนวัตกรรมทางอาหาร ได้อย่างเหมาะสมและถูกต้อง
db314 - plo.csv,2. FIN,K,3,มีความรู้ในการวิจัยและพัฒนาให้ได้ผลผลิตใหม่ที่เป็นสิ่งประดิษฐ์หรือกระบวนการทางนวัตกรรมทางอาหาร
db314 - plo.csv,2. FIN,S,1,สามารถทำงานร่วมกับผู้อื่นได้เหมาะสมกับบทบาทและหน้าที่ ทั้งในฐานะผู้นำและสมาชิกกลุ่ม
db314 - plo.csv,2. FIN,S,2,สามารถการบูรณาการประยุกต์ใช้หลักการและทฤษฎีทางวิทยาศาสตร์ ในการวิจัยและพัฒนาให้ได้ผลผลิตใหม่ที่เป็นสิ่งประดิษฐ์หรือกระบวนการทางนวัตกรรมทางอาหาร
db314 - plo.csv,2. FIN,S,3,คิดวิเคราะห์อย่างเป็นระบบ มีเหตุมีผลตามหลักการและวิธีการทางวิทยาศาสตร์ และสามารถปรับปรุงกระบวนการเพื่องานพัฒนาผลิตภัณฑ์นวัตกรรมทางอาหาร
db314 - plo.csv,2. FIN,S,4,สามารถใช้เทคโนโลยีสารสนเทศในการสืบค้น เก็บรวบรวม วิเคราะห์ข้อมูล และ/หรือ สร้างการจำลองได้อย่างมีประสิทธิภาพ เหมาะกับสถานการณ์ และ การคัดเลือกแหล่งข้อมูลความรู้จากแหล่งข้อมูลต่างๆ อย่างมีวิจารณญาณ
db314 - plo.csv,2. FIN,E,1,แสดงถึงการมีจิตสำนึกและตระหนักในการปฏิบัติตามจรรยาบรรณวิชาชีพ
db314 - plo.csv,2. FIN,E,2,มีความซื่อสัตย์สุจริต ไม่กระทำการทุจริตทางวิชาการ คัดลอกผลงาน หรือละเมิดทรัพย์สินทางปัญญา และ มีจิตสาธารณะ
db314 - plo.csv,2. FIN,E,3,แสดงถึงการมีความรับผิดชอบต่อตนเอง สังคม และสิ่งแวดล้อม
db314 - plo.csv,2. FIN,E,4,แสดงถึงการเคารพกฎระเบียบและข้อบังคับต่างๆ ขององค์กรและสังคม
db314 - plo.csv,2. FIN,C,1,แสดงถึงการมีความคิดเชิงตรรกะ การใช้ความคิดที่เป็นเหตุเป็นผล เพื่อที่นำไปสู่การตัดสินใจและเลือกวิธีการแก้ปัญหา พร้อมเรียนรู้องค์ความรู้และทักษะใหม่
db314 - plo.csv,2. FIN,C,2,มีความเป็นผู้ประกอบการ
db314 - plo.csv,2. FIN,C,3,สามารถการปรับตัวต่อการเปลี่ยนแปลง บริหารจัดการ วางแผน และตัดสินใจอย่างมีวิจารณญาณ
db314 - plo.csv,2. FIN,C,4,สามารถสืบค้น คัดกรองข้อมูล และติดตามความก้าวหน้าทางเทคโนโลยี นวัตกรรม และสถานการณ์โลก โดยใช้เทคโนโลยีสารสนเทศได้
db314 - plo.csv,2. FIN,C,5,สามารถใช้คอมพิวเตอร์ และโปรแกรมทางสถิติในการวิเคราะห์ประมวลผลข้อมูลได้อย่างเหมาะสมและมีประสิทธิภาพ
db314 - plo.csv,18. วท.บ.คณิตศาสตร์,K,1,บัณฑิตมีความรู้และความเข้าใจในเนื้อหาสาระหลักของวิชาทั้งหลักการที่เป็นทฤษฎี และการปฏิบัติอย่างถ่องแท้
db314 - plo.csv,18. วท.บ.คณิตศาสตร์,K,2,บัณฑิตมีความรู้เรื่องคุณธรรมและจริยธรรมเพื่อเป็นกรอบความคิดพื้นฐานในการตัดสินใจในชีวิตและการทำงาน
db314 - plo.csv,18. วท.บ.คณิตศาสตร์,K,3,บัณฑิตสามารถวิเคราะห์ปัญหา เข้าใจ รวมทั้งประยุกต์ความรู้ และทักษะที่เหมาะสมกับการแก้ไขปัญหา
db314 - plo.csv,18. วท.บ.คณิตศาสตร์,S,1,บัณฑิตสามารถนำความรู้เรื่องเทคโนโลยีและนวัตกรรมดิจิทัลและปัญญาประดิษฐ์ มาประยุกต์ใช้เพื่อตอบปัญหาจริงที่โลกจำเป็นต้องใช้
db314 - plo.csv,18. วท.บ.คณิตศาสตร์,S,2,บัณฑิตมีทักษะเบื้องต้นของการเป็นผู้ประกอบการที่มีประสิทธิภาพและประสิทธิผล
db314 - plo.csv,18. วท.บ.คณิตศาสตร์,S,3,บัณฑิตมีทักษะการทำงานเป็นทีมอย่างมีประสิทธิภาพและประสิทธิผล และสามารถรักษาบรรยากาศการทำงานร่วมกันได้ดี
db314 - plo.csv,18. วท.บ.คณิตศาสตร์,S,4,บัณฑิตสามารถสื่อสารผลงานให้กับผู้ฟังหลากหลายระดับ เช่น ผู้บริหาร ฝ่ายเทคนิค และบุคคลทั่วไป เป็นต้น
db314 - plo.csv,18. วท.บ.คณิตศาสตร์,S,5,บัณฑิตมีทักษะในการพัฒนาซอฟต์แวร์บนแพลตฟอร์มร่วมสมัย มีทักษะความถนัดด้านใด ด้านหนึ่งในการมีส่วนร่วมในกลไกการสร้างผลิตภัณฑ์ดิจิทัล (Digital products)
db314 - plo.csv,18. วท.บ.คณิตศาสตร์,S,6,บัณฑิตมีทักษะในการประเมินสมรรถนะและการใช้ทรัพยากรของเทคโนโลยีและนวัตกรรมดิจิทัล ที่นำไปสู่ประสิทธิภาพ ประสิทธิผล
db314 - plo.csv,18. วท.บ.คณิตศาสตร์,E,1,บัณฑิตสามารถออกแบบการทำงานที่โปร่งใสตรวจสอบได้
db314 - plo.csv,18. วท.บ.คณิตศาสตร์,E,2,บัณฑิตมีนิสัยมองเห็นงานในภาพรวม และการแบ่งงานอย่างสมดุล ไม่เอาเปรียบเพื่อนร่วมงาน
db314 - plo.csv,18. วท.บ.คณิตศาสตร์,E,3,บัณฑิตมีนิสัยรักการช่วยเหลือเพื่อนร่วมงาน บนพื้นฐานของการรักษามาตรฐานของงานในหน้าที่ที่ตนเองรับผิดชอบ
db314 - plo.csv,18. วท.บ.คณิตศาสตร์,E,4,บัณฑิตรักษาเกียรติของตนเองและสถาบัน ปฏิบัติตนในแนวทางที่ดำรงคุณค่าความเป็นมนุษย์ทั้งของตนเองและผู้อื่น ตระหนักและเคารพในความหลากหลายทางวัฒนธรรม เชื้อชาติ ภาษา และศาสนา
db314 - plo.csv,18. วท.บ.คณิตศาสตร์,E,5,บัณฑิตตระหนักและปฏิบัติตามข้อกำหนดและจรรยาบรรณเชิงวิชาชีพ
db314 - plo.csv,18. วท.บ.คณิตศาสตร์,C,1,บัณฑิตมีความตระหนักถึงคุณค่าของสิ่งต่าง ๆ มีทัศนคติในเชิงบวก รู้จักสร้างความสุขและกำลังใจให้ตนเองเพื่อการก้าวเดินไปข้างหน้าบนพื้นฐานของความเป็นจริง
db314 - plo.csv,18. วท.บ.คณิตศาสตร์,C,2,บัณฑิตใช้กระบวนการคิดอย่างเป็นระบบ ที่มีความยืดหยุ่นและสร้างสรรค์
db314 - plo.csv,18. วท.บ.คณิตศาสตร์,C,3,บัณฑิตมีนิสัยใฝ่รู้ ทั้งรู้ลึกและรู้รอบ เพื่อนำความรู้มาพัฒนาตนและพัฒนางานอย่างสม่ำเสมอ
db314 - plo.csv,18. วท.บ.คณิตศาสตร์,C,4,บัณฑิตเป็นผู้มีทักษะทางอารมณ์และสังคม (Socio-emotional domain) มีความตระหนักรู้จักตนเอง (Self-awareness) สามารถยืนหยัดในภาวะที่ยากลำบาก ตระหนักและสามารถปรับสู่การเปลี่ยนแปลง
db314 - plo.csv,18. วท.บ.คณิตศาสตร์,C,5,บัณฑิตมีความเป็นผู้ประกอบการ
db314 - plo.csv,3. วท.บ.วิทยาศาสตร์เทคโนโลยีการอาหาร,K,1,ผู้เรียนมีความรู้ ในสาขาวิชาวิทยาศาสตร์และเทคโนโลยีการอาหาร
db314 - plo.csv,3. วท.บ.วิทยาศาสตร์เทคโนโลยีการอาหาร,K,2,ผู้เรียนมีความรู้ในสาขาวิชาอื่นที่เกี่ยวข้องกับสาขาวิชาวิทยาศาสตร์และเทคโนโลยีการอาหาร ได้แก่ วิทยาศาสตร์พื้นฐาน วิศวกรรมศาสตร์ การบริหารจัดการ การตลาด และความรู้เชิงธุรกิจ และสามารถบูรณาการได้
db314 - plo.csv,3. วท.บ.วิทยาศาสตร์เทคโนโลยีการอาหาร,K,3,ผู้เรียนมีความรู้ทันความก้าวหน้าทางวิชาการและงานวิจัยในสาขาวิชาวิทยาศาสตร์และ เทคโนโลยีการอาหาร
db314 - plo.csv,3. วท.บ.วิทยาศาสตร์เทคโนโลยีการอาหาร,S,1,การทำงานร่วมกับผู้อื่นได้เหมาะสมกับบทบาทและหน้าที่ ทั้งในฐานะผู้นำและสมาชิกกลุ่ม
db314 - plo.csv,3. วท.บ.วิทยาศาสตร์เทคโนโลยีการอาหาร,S,2,ความเป็นผู้ประกอบการ การใช้สิ่งประดิษฐ์หรือเทคโนโลยีมาสร้างนวัตกรรมสินค้าและ/หรือ บริการเพื่อใช้ในเชิงพาณิชย์
db314 - plo.csv,3. วท.บ.วิทยาศาสตร์เทคโนโลยีการอาหาร,S,3,การค้นหาข้อเท็จจริง ประเมินข้อมูล วิเคราะห์ปัญหา บูรณาการความรู้ทั้งทางทฤษฎีและ ปฏิบัติ และเสนอแนวทางการแก้ไขอย่างสร้างสรรค์
db314 - plo.csv,3. วท.บ.วิทยาศาสตร์เทคโนโลยีการอาหาร,S,4,การคัดเลือกแหล่งข้อมูลความรู้จากอินเตอร์เน็ตอย่างมีวิจารณญาณ
db314 - plo.csv,3. วท.บ.วิทยาศาสตร์เทคโนโลยีการอาหาร,S,5,การใช้โปรแกรมในการนำเสนองาน สร้างสื่อดิจิทัล การประมวลผลข้อมูล การทำรายงาน หรือ การทำงานร่วมกันแบบออนไลน์
db314 - plo.csv,3. วท.บ.วิทยาศาสตร์เทคโนโลยีการอาหาร,E,1,การมีจิตสำนึกและตระหนักในการปฏิบัติตามจรรยาบรรณวิชาชีพ
db314 - plo.csv,3. วท.บ.วิทยาศาสตร์เทคโนโลยีการอาหาร,E,2,การแสดงออกถึงความซื่อสัตย์สุจริต
db314 - plo.csv,3. วท.บ.วิทยาศาสตร์เทคโนโลยีการอาหาร,E,3,การมีความรับผิดชอบอย่างยั่งยืนต่อตนเอง สังคม และ สิ่งแวดล้อม
db314 - plo.csv,3. วท.บ.วิทยาศาสตร์เทคโนโลยีการอาหาร,E,4,การเคารพกฎระเบียบและข้อบังคับต่างๆ ขององค์กรและสังคม
db314 - plo.csv,3. วท.บ.วิทยาศาสตร์เทคโนโลยีการอาหาร,C,1,การมีความคิดเชิงตรรกะ การใช้ความคิดที่เป็นเหตุเป็นผล เพื่อที่นำไปสู่การตัดสินใจและเลือก วิธีการแก้ปัญหา
db314 - plo.csv,3. วท.บ.วิทยาศาสตร์เทคโนโลยีการอาหาร,C,2,ความเป็นผู้ประกอบการ การปรับตัวต่อการเปลี่ยนแปลง ความพร้อมในการเรียนรู้สิ่งใหม่ๆ ความสามารถในการบริหารจัดการและการวางแผน การกล้าตัดสินใจอย่างมีวิจารณญาณ
db314 - plo.csv,3. วท.บ.วิทยาศาสตร์เทคโนโลยีการอาหาร,C,3,การใช้เครื่องมือ อุปกรณ์ และเทคโนโลยีดิจิทัลที่มีอยู่ในปัจจุบัน เพื่อให้เกิดประโยชน์สูงสุด ใน การสื่อสาร การปฏิบัติงาน และการทำงานร่วมกัน หรือใช้เพื่อพัฒนากระบวนการทำงาน
db314 - plo.csv,3. วท.บ.วิทยาศาสตร์เทคโนโลยีการอาหาร,C,4,ใช้เจตคติทางวิทยาศาสตร์ เช่น ความอยากรู้อยากเห็น ความช่างสังเกต รอบคอบและละเอียด ถี่ถ้วน ความเชื่อมั่นต่อหลักฐาน ติดตามและพร้อมเรียนรู้องค์ความรู้ใหม่
db314 - plo.csv,6. วท.บ.ฟิสิกส์,K,1,อธิบายความเข้าใจและความรู้ในทฤษฎีและแนวคิดฟิสิกส์ ผ่านการเชื่อมโยงกับคณิตศาสตร์ได้
db314 - plo.csv,6. วท.บ.ฟิสิกส์,K,2,ใช้ความรู้ทางฟิสิกส์ในการแก้ปัญหาและหาคำตอบสำหรับปรากฏการณ์ทางธรรมชาติหรือในชีวิตประจำวันได้
db314 - plo.csv,6. วท.บ.ฟิสิกส์,S,1,ใช้เครื่องมือทางฟิสิกส์และคณิตศาสตร์ เพื่อการออกแบบ การดำเนินการทดลอง การวัด การเก็บข้อมูล และการวิเคราะห์ผลได้อย่างถูกต้อง
db314 - plo.csv,6. วท.บ.ฟิสิกส์,S,2,ใช้เทคโนโลยีสารสนเทศในการสืบค้น และประเมินข้อมูลเพื่อนำไปสู่การแก้ไขปัญหาได้
db314 - plo.csv,6. วท.บ.ฟิสิกส์,S,3,สื่อสารทางวิทยาศาสตร์ด้วยภาษาไทยหรือภาษาอังกฤษ ที่แสดงให้เห็นการคิดวิเคราะห์อย่างมีเหตุผล และส่งไปยังผู้รับสารในระดับต่างๆ ได้
db314 - plo.csv,6. วท.บ.ฟิสิกส์,E,1,เห็นคุณค่าของความซื่อสัตย์และจรรยาบรรณทางวิชาการและวิชาชีพ
db314 - plo.csv,6. วท.บ.ฟิสิกส์,C,1,ทำงานเป็นทีม ทั้งในฐานะผู้นำและสมาชิกที่ดี รับผิดชอบต่องานที่ทำร่วมกัน แก้ปัญหาอย่างสร้างสรรค์ และปรับตัวเข้ากับสถานการณ์หรือวัฒนธรรมองค์กรได้อย่างเหมาะสม
db314 - plo.csv,6. วท.บ.ฟิสิกส์,C,2,มีความคิดเชิงระบบ (Systematic thinking) ที่ต่อยอดจากความรู้พื้นฐานทางฟิสิกส์
db314 - plo.csv,6. วท.บ.ฟิสิกส์,C,3,เห็นคุณค่าและผลกระทบของนวัตกรรมต่อสังคมโลก
db314 - plo.csv,10. วท.บ.เทคโนโลยีเพื่อการพัฒนายั่งยืน,K,1,มีความรู้และความเข้าใจในหลักการ เนื้อหาสำคัญของสาขาวิชาเทคโนโลยีเพื่อการพัฒนายั่งยืนทั้งในภาคทฤษฎีและภาคปฏิบัติ
db314 - plo.csv,10. วท.บ.เทคโนโลยีเพื่อการพัฒนายั่งยืน,K,2,มีความรู้ในสาขาวิชาอื่นที่เกี่ยวข้องกับสาขาวิชาเทคโนโลยีเพื่อการพัฒนายั่งยืน เพื่อใช้สำหรับการบูรณาการความรู้หรือต่อยอดความรู้ในสาขาเทคโนโลยีเพื่อการพัฒนายั่งยืนและศาสตร์อื่นๆ ที่เกี่ยวข้อง
db314 - plo.csv,10. วท.บ.เทคโนโลยีเพื่อการพัฒนายั่งยืน,K,3,มีความรู้และมีกระบวนคิดอย่างเป็นระบบเพื่อแก้ปัญหาหรือสามารถปรับใช้ความรู้ในการพัฒนางานในด้านเทคโนโลยีเพื่อการพัฒนายั่งยืน
db314 - plo.csv,10. วท.บ.เทคโนโลยีเพื่อการพัฒนายั่งยืน,S,1,สามารถคิด วิเคราะห์และแสวงหาความรู้ด้วยตนเองอย่างเป็นระบบและสร้างสรรค์
db314 - plo.csv,10. วท.บ.เทคโนโลยีเพื่อการพัฒนายั่งยืน,S,2,สามารถวิเคราะห์และแก้ไขปัญหาอย่างบูรณาการโดยประยุกต์ใช้องค์ความรู้ที่เกี่ยวข้องทั้งภาคทฤษฎีและประสบการณ์ภาคปฏิบัติได้อย่างมีประสิทธิภาพเหมาะสมต่อสถานการณ์
db314 - plo.csv,10. วท.บ.เทคโนโลยีเพื่อการพัฒนายั่งยืน,S,3,สามารถประยุกต์ใช้เทคโนโลยีสารสนเทศที่เหมาะสมกับสถานการณ์ เพื่อการสืบค้น ศึกษาด้วยตนเอง นำเสนอและการสื่อสาร
db314 - plo.csv,10. วท.บ.เทคโนโลยีเพื่อการพัฒนายั่งยืน,E,1,มีความตระหนักในคุณค่าและคุณธรรม จริยธรรม เสียสละ และซื่อสัตย์สุจริต
db314 - plo.csv,10. วท.บ.เทคโนโลยีเพื่อการพัฒนายั่งยืน,E,2,มีวินัย ตรงต่อเวลา เคารพกฎระเบียบและข้อบังคับต่าง ๆ ขององค์กรและสังคม
db314 - plo.csv,10. วท.บ.เทคโนโลยีเพื่อการพัฒนายั่งยืน,E,3,มีความเคารพสิทธิและรับฟังความคิดเห็นของผู้อื่น
db314 - plo.csv,10. วท.บ.เทคโนโลยีเพื่อการพัฒนายั่งยืน,E,4,มีจรรยาบรรณทางวิชาการและวิชาชีพ
db314 - plo.csv,10. วท.บ.เทคโนโลยีเพื่อการพัฒนายั่งยืน,C,1,มีสามารถทำงานเป็นทีมได้เป็นอย่างดีทั้งในบทบาทของผู้นำ หรือในบทบาทของผู้ร่วมทีมทำงาน
db314 - plo.csv,10. วท.บ.เทคโนโลยีเพื่อการพัฒนายั่งยืน,C,2,มีความคิดเชิงตรรกะสามารถวิเคราะห์หาเหตุผลและแสดงลำดับขั้นตอนได้อย่างเหมาะสม
db314 - plo.csv,10. วท.บ.เทคโนโลยีเพื่อการพัฒนายั่งยืน,C,3,มีความสามารถต่อยอดความรู้ในสาขาเทคโนโลยีเพื่อการพัฒนายั่งยืนและศาสตร์อื่น ๆ ที่เกี่ยวข้อง ไปใช้สำหรับการพัฒนาเป็นผู้ประกอบการได้
db314 - plo.csv,10. วท.บ.เทคโนโลยีเพื่อการพัฒนายั่งยืน,C,4,มีความรู้ด้านดิจิทัล ความรู้เทคโนโลยี และความรู้สารสนเทศ สามารถประยุกต์ใช้ในการพัฒนางานด้านเทคโนโลยีเพื่อการพัฒนายั่งยืนได้เป็นอย่างดี
db314 - plo.csv,4. วท.บ.วิทยาการคอมพิวเตอร์,K,1,"สามารถอธิบายหลักการและทฤษฎีพื้นฐานที่สำคัญในศาสตร์ด้านวิทยาการคอมพิวเตอร์ตามหมวดหมู่ดังต่อไปนี้ 1.1. การวิเคราะห์และออกแบบเชิงระบบ (System Modelling) 1.2. ฮาร์ดแวร์ สถาปัตยกรรมระบบ และรากฐานระบบ (Hardware, System Architecture and Infrastructure) 1.3. การพัฒนาซอฟต์แวร์ (Software Development) รวมประเด็น ผู้ใช้และองค์กร (Users and Organizations) 1.4. พื้นฐานเกี่ยวกับซอฟต์แวร์ (Software Fundamentals)"
db314 - plo.csv,4. วท.บ.วิทยาการคอมพิวเตอร์,K,2,สามารถประยุกต์ใช้ความรู้พื้นฐานที่มีในการเรียนรู้เครื่องมือและเทคโนโลยีใหม่เพื่อตอบสนองต่อการเปลี่ยนแปลงอันรวดเร็วในศาสตร์วิทยาการคอมพิวเตอร์ 2.1. ผู้เรียนสามารถอธิบายความเกี่ยวข้องและผลกระทบของเทคโนโลยีใหม่ๆ ต่องานด้านวิทยาการคอมพิวเตอร์ได้ 2.2. ผู้เรียนสามารถเปรียบเทียบ เลือกใช้เครื่องมือและเทคโนโลยีใหม่ที่เหมาะสมกับการแก้ปัญหางานด้านวิทยาการคอมพิวเตอร์
db314 - plo.csv,4. วท.บ.วิทยาการคอมพิวเตอร์,K,3,สามารถบูรณาการองค์ความรู้ในศาสตร์ด้านวิทยาการคอมพิวเตอร์ที่ศึกษากับศาสตร์อื่นๆ ได้ 3.1. ผู้เรียนสามารถอธิบายแนวคิดการประยุกต์ใช้องค์ความรู้ด้านวิทยาการคอมพิวเตอร์ในการแก้ปัญหาในศาสตร์ด้านอื่น ๆ ที่เกี่ยวข้องได้ 3.2. ผู้เรียนสามารถเชื่อมโยงหลักการทางคณิตศาสตร์และสถิติและองค์ความรู้ด้านวิทยาการคอมพิวเตอร์ได้
db314 - plo.csv,4. วท.บ.วิทยาการคอมพิวเตอร์,K,4,สามารถอธิบายองค์ความรู้และเทคโนโลยีทางวิทยาการคอมพิวเตอร์ ในกระบวนการพัฒนาซอฟต์แวร์ได้อย่างเป็นระบบ ตรงตามความต้องการ มีมุมมองด้านความปลอดภัย
db314 - plo.csv,4. วท.บ.วิทยาการคอมพิวเตอร์,K,5,สามารถอธิบายองค์ความรู้และเทคโนโลยีทางวิทยาการข้อมูล เพื่อสร้างให้เกิดความเข้าใจพื้นฐานและเชิงลึกเกี่ยวกับชุดข้อมูล
db314 - plo.csv,4. วท.บ.วิทยาการคอมพิวเตอร์,S,1,"มีทักษะในการพัฒนาซอฟต์แวร์ตามทฤษฎีกระบวนการซอฟต์แวร์ที่ใช้ในภาคอุตสาหกรรมในสภาพแวดล้อมจำลอง 1.1. ผู้เรียนสามารถรวบรวม วิเคราะห์ สรุปประเด็น เพื่อกำหนดปัญหาและอธิบายความต้องการของผู้ใช้ 1.2. ผู้เรียนสามารถประยุกต์ใช้หลักการทางคณิตศาสตร์ หลักการทางอัลกอริทึม และทฤษฎีด้านวิทยาการคอมพิวเตอร์ เพื่อออกแบบวิธีการแก้ไขปัญหาซึ่งตรงตามความต้องการได้ 1.3. ผู้เรียนสามารถพัฒนาซอฟต์แวร์ตามข้อกำหนดซึ่งระบุไว้ในขั้นตอนการออกแบบได้ 1.4. ผู้เรียนสามารถทดสอบความถูกต้องและประเมินความสามารถในการทำงานของซอฟต์แวร์ได้ 1.5. ผู้เรียนรู้จักหลักการ เครื่องมือ และสามารถติดตั้งซอฟต์แวร์ในสภาพแวดล้อมที่สร้างขึ้นสำหรับการเรียนรู้เพื่อให้บริการได้ 1.6. ผู้เรียนสามารถอธิบายขั้นตอนการบำรุงรักษาซอฟต์แวร์ได้ 1.7. ผู้เรียนสามารถใช้เครื่องมือและเทคโนโลยีในกระบวนการพัฒนาซอฟต์แวร์ได้ (Utilize current techniques, skills, and tools necessary for computing practice.) 1.8. ผู้เรียนสามารถอธิบายมุมมองความปลอดภัยของซอฟต์แวร์ได้ (Software Security)"
db314 - plo.csv,4. วท.บ.วิทยาการคอมพิวเตอร์,S,2,สามารถประยุกต์ใช้องค์ความรู้และเทคโนโลยีทางวิทยาการข้อมูล เพื่อสร้างให้เกิดความเข้าใจพื้นฐานและเชิงลึกเกี่ยวกับชุดข้อมูล 2.1. ผู้เรียนสามารถรวบรวม วิเคราะห์ สรุปประเด็น เพื่อกำหนดปัญหาและอธิบายความต้องการของผู้ใช้ (Business understanding) 2.2. ผู้เรียนสามารถอธิบายความสำคัญของการมีความเข้าใจที่ถูกต้องเกี่ยวกับชุดข้อมูล (Business Data Understanding) 2.3. ผู้เรียนสามารถประยุกต์ใช้หลักการทางวิทยาการข้อมูลในการเตรียมชุดข้อมูลได้ (Data Preparation) 2.4. ผู้เรียนสามารถประยุกต์ใช้หลักการทางสถิติ หลักการด้านวิทยาการข้อมูล การแสดงข้อมูล และเครื่องมือที่เหมาะสมในการสำรวจชุดข้อมูล (Data Exploration) 2.5. ผู้เรียนสามารถประยุกต์ใช้ทฤษฎีทางการประมวลผลด้วยเครื่องในการสร้างตัวแบบของชุดข้อมูลได้ (Data Modeling) 2.6. ผู้เรียนสามารถประเมินตัวแบบข้อมูลและอภิปรายผลลัพธ์ได้ (Model Evaluation) 2.7. ผู้เรียนสามารถนำเสนอผลลัพธ์ของกระบวนการวิทยาการข้อมูลให้กับผู้มีส่วนได้ส่วนเสียได้ (Comsumption Application)
db314 - plo.csv,4. วท.บ.วิทยาการคอมพิวเตอร์,S,3,มีประสบการณ์ในการพัฒนาและ/หรือการประยุกต์ซอฟต์แวร์สำหรับใช้งานแบบไม่ใช่เชิงพาณิชย์ (non-commercial use) ที่ใช้งานได้
db314 - plo.csv,4. วท.บ.วิทยาการคอมพิวเตอร์,S,4,การคิดเชิงวิพากษ์และคิดอย่างมีวิจารณญาณ 4.1. มีทักษะในการวิเคราะห์ปัญหาและประยุกต์ใช้ความรู้ รวมถึงการเลือกใช้เครื่องมือที่เหมาะสมกับการแก้ไขปัญหาทางคอมพิวเตอร์ 4.2. สามารถสืบค้น ตีความ และประเมินสารสนเทศเชิงวิชาการและเชิงวิชาชีพด้านวิทยาการคอมพิวเตอร์เพื่อใช้ในการแก้ปัญหาอย่างสร้างสรรค์ได้ด้วยตนเอง
db314 - plo.csv,4. วท.บ.วิทยาการคอมพิวเตอร์,S,5,สามารถมีส่วนร่วมในการแก้ปัญหาสถานการณ์ต่าง ๆ ทั้งในบทบาทของผู้นำ หรือในบทบาทของผู้ร่วมทีมทำงาน มีความรับผิดชอบต่อทีมทำงาน
db314 - plo.csv,4. วท.บ.วิทยาการคอมพิวเตอร์,S,6,สามารถสื่อสารเพื่อนำเสนอแนวคิดหรือข้อมูลด้านวิทยาการคอมพิวเตอร์กับบุคคลทั่วไปได้อย่างมีประสิทธิภาพ ทั้งในรูปแบบการเขียนและการนำเสนอแบบปากเปล่า
db314 - plo.csv,4. วท.บ.วิทยาการคอมพิวเตอร์,E,1,ประพฤติตนอย่างซื่อสัตย์ สุจริต
db314 - plo.csv,4. วท.บ.วิทยาการคอมพิวเตอร์,E,2,มีวินัย ตรงต่อเวลา และความรับผิดชอบต่อตนเองและสังคม
db314 - plo.csv,4. วท.บ.วิทยาการคอมพิวเตอร์,E,3,เคารพกฎระเบียบและข้อบังคับต่างๆ ขององค์กรและสังคม
db314 - plo.csv,4. วท.บ.วิทยาการคอมพิวเตอร์,E,4,มีจรรยาบรรณทางวิชาการและวิชาชีพ 4.1. ตระหนักรู้ความสำคัญของการเป็นผู้มีความรู้ทางด้านเทคโนโลยีที่มีคุณธรรมและจริยธรรม 4.2. สามารถวิเคราะห์ผลกระทบจากการใช้คอมพิวเตอร์ต่อบุคคล องค์กรและสังคม
db314 - plo.csv,4. วท.บ.วิทยาการคอมพิวเตอร์,C,1,คิดอย่างเป็นระบบและมีตรรกะ
db314 - plo.csv,4. วท.บ.วิทยาการคอมพิวเตอร์,C,2,ตระหนักรู้แนวคิดแบบผู้ประกอบการ
db314 - plo.csv,4. วท.บ.วิทยาการคอมพิวเตอร์,C,3,มีภาวะความเป็นผู้นำและผู้ตาม สามารถทำงานเป็นทีม เคารพและรับฟังความคิดเห็นของสมาชิกในทีมอย่างเข้าใจ สามารถแก้ไขข้อขัดแย้ง และลำดับความสำคัญ
db314 - plo.csv,13. วท.บ.ประกันภัย,PLOs,1,มีสมรรถนะการเรียนรู้และปรับตัวให้อยู่เหนือการเปลี่ยนแปลง เพื่อเป็นผู้นำในศตวรรษที่ 21 “TU-GREATS”
db314 - plo.csv,13. วท.บ.ประกันภัย,PLOs,2,อธิบายหลักการและทฤษฎีพื้นฐานทางคณิตศาสตร์ สถิติศาสตร์ เทคโนโลยี และการประกันภัยได้
db314 - plo.csv,13. วท.บ.ประกันภัย,PLOs,3,เลือกใช้วิทยาการข้อมูลอย่างชาญฉลาด เพื่อแก้ปัญหาที่ท้าทายในธุรกิจประกันภัย
db314 - plo.csv,13. วท.บ.ประกันภัย,PLOs,4,วางแผนทางการเงิน เพื่อรับมือกับความไม่แน่นอนและความเปลี่ยนแปลงในอนาคต
db314 - plo.csv,13. วท.บ.ประกันภัย,PLOs,5,ออกแบบผลิตภัณฑ์ประกันวินาศภัย โดยใช้หลักการและทฤษฎีด้านการบริหารจัดการความเสี่ยง
db314 - plo.csv,13. วท.บ.ประกันภัย,PLOs,6,ออกแบบผลิตภัณฑ์ประกันชีวิต โดยใช้หลักการและทฤษฎีการคำนวณเบี้ยและเงินสำรองประกันภัย
db314 - plo.csv,13. วท.บ.ประกันภัย,PLOs,7,บูรณาการความรู้ ทักษะ จริยธรรม และลักษณะบุคคล เพื่อยกระดับห่วงโซ่คุณค่าของอุตสาหกรรมประกันภัย
db314 - plo.csv,13. วท.บ.ประกันภัย,K,1,ผู้เรียนมีความรู้ และความเข้าใจในเนื้อหาสาระหลักของรายวิชา
db314 - plo.csv,13. วท.บ.ประกันภัย,K,2,ผู้เรียนมีความเข้าใจและสามารถวิเคราะห์ปัญหา รวมทั้งประยุกต์ความรู้และการใช้เครื่องมือที่เหมาะสมในการแก้ปัญหา
db314 - plo.csv,13. วท.บ.ประกันภัย,S,1,ผู้เรียนมีทักษะในการใช้เครื่องมือทางคณิตศาสตร์และสถิติศาสตร์ที่เหมาะสม ในการประยุกต์ใช้กับงานด้านประกันภัย การวางแผนทางการเงิน และการจัดการความเสี่ยง
db314 - plo.csv,13. วท.บ.ประกันภัย,S,2,ผู้เรียนมีทักษะการใช้เทคโนโลยีดิจิตัล ในงานด้านประกันภัย การวางแผนทางการเงิน และการจัดการความเสี่ยง
db314 - plo.csv,13. วท.บ.ประกันภัย,S,3,ผู้เรียนมีทักษะในการนำเสนอผลงานทางวิชาการ และการสื่อสารกับบุคคลต่าง ๆ ทั้งในวงวิชาการและวิชาชีพได้อย่างเหมาะสมและมีประสิทธิภาพ
db314 - plo.csv,13. วท.บ.ประกันภัย,E,1,ผู้เรียนมีความซื่อสัตย์ สุจริต และมีจรรยาบรรณทางวิชาการและวิชาชีพ
db314 - plo.csv,13. วท.บ.ประกันภัย,E,2,ผู้เรียนมีวินัย ตรงต่อเวลา และความรับผิดชอบต่อตนเองและสังคม
db314 - plo.csv,13. วท.บ.ประกันภัย,E,3,ผู้เรียนเคารพกฏ ระเบียบ และข้อบังคับต่าง ๆ ขององค์กรและสังคม
db314 - plo.csv,13. วท.บ.ประกันภัย,C,1,ผู้เรียนมีความคิดและการแก้ปัญหาเชิงตรรกะ (logical thinking and problem solving) (ความสามารถในการคิดหาเหตุผล รู้จักความเกี่ยวข้องเชื่อมโยงสิ่งต่าง ๆ มีลำดับขั้นตอนของกระบวนการคิด เพื่อหาข้อสรุป)
db314 - plo.csv,13. วท.บ.ประกันภัย,C,2,ผู้เรียนมีความเป็นผู้ประกอบการ (entrepreneuship)
db314 - plo.csv,13. วท.บ.ประกันภัย,C,3,ผู้เรียนเป็นผู้รู้ดิจิตัล (digital literacy) และรู้สารสนเทศ (information literacy)
db314 - plo.csv,20. วท.บ.คอมพิวเตอร์เครือข่ายและความปลอดภัยทางไซเบอร์,PLOs,1,ประยุกต์ใช้หลักการและทฤษฎีพื้นฐานของวิทยาการคอมพิวเตอร์เป็นรากฐานในการวิเคราะห์และพัฒนาแนวทางแก้ปัญหาในสาขาต่าง ๆ
db314 - plo.csv,20. วท.บ.คอมพิวเตอร์เครือข่ายและความปลอดภัยทางไซเบอร์,PLOs,2,แก้ปัญหาด้านคอมพิวเตอร์เครือข่ายและความมั่นคงปลอดภัยทางไซเบอร์เบื้องต้นอย่างเป็นระบบและมีเหตุผลตามหลักการที่ศึกษา
db314 - plo.csv,20. วท.บ.คอมพิวเตอร์เครือข่ายและความปลอดภัยทางไซเบอร์,PLOs,3,รวบรวมและวิเคราะห์ข้อมูลรวมถึงหลักฐานแวดล้อมต่างๆ เพื่อระบุปัญหาทางด้านคอมพิวเตอร์เครือข่ายและความมั่นคงปลอดภัยทางไซเบอร์ และประเมินผลกระทบที่อาจเกิดขึ้นได้
db314 - plo.csv,20. วท.บ.คอมพิวเตอร์เครือข่ายและความปลอดภัยทางไซเบอร์,PLOs,4,เลือกและประเมินเครื่องมือหรือเทคโนโลยีที่เหมาะสมสำหรับกิจกรรมด้านคอมพิวเตอร์เครือข่ายและความมั่นคงปลอดภัยทางไซเบอร์ โดยอ้างอิงความสามารถและข้อจำกัดของเครื่องมือและเทคโนโลยี
db314 - plo.csv,20. วท.บ.คอมพิวเตอร์เครือข่ายและความปลอดภัยทางไซเบอร์,PLOs,5,ใช้เครื่องมือและเทคโนโลยีสมัยใหม่เพื่อแก้ปัญหางานทางด้านคอมพิวเตอร์เครือข่ายและความมั่นคงปลอดภัยทางไซเบอร์ที่กำหนดให้จนสำเร็จได้ด้วยตนเอง
db314 - plo.csv,20. วท.บ.คอมพิวเตอร์เครือข่ายและความปลอดภัยทางไซเบอร์,PLOs,6,สืบค้น เสาะหาองค์ความรู้ใหม่เพื่อนำมาใช้งานทางด้านคอมพิวเตอร์เครือข่าย และความมั่นคงปลอดภัยทางไซเบอร์อย่างเป็นเหตุเป็นผลได้ด้วยตนเอง
db314 - plo.csv,20. วท.บ.คอมพิวเตอร์เครือข่ายและความปลอดภัยทางไซเบอร์,PLOs,7,สื่อสารเพื่อนำเสนอแนวคิดหรือข้อมูลด้านคอมพิวเตอร์เครือข่ายและความมั่นคงปลอดภัยทางไซเบอร์กับผู้อื่นได้อย่างมีประสิทธิภาพ ทั้งในรูปแบบการเขียนและนำเสนอแบบปากเปล่า
db314 - plo.csv,20. วท.บ.คอมพิวเตอร์เครือข่ายและความปลอดภัยทางไซเบอร์,PLOs,8,ทำงานเป็นทีม หรือทำงานร่วมกันผู้อื่นภายใต้สภาพแวดล้อมจริง หรือสภาพแวดล้อมที่ใกล้เคียงในอุตสาหกรรม
db314 - plo.csv,20. วท.บ.คอมพิวเตอร์เครือข่ายและความปลอดภัยทางไซเบอร์,PLOs,9,แสดงออกถึงการมีความรับผิดชอบ ซื่อสัตย์ และมีจรรยาบรรณทางวิชาการและวิชาชีพ
db314 - plo.csv,20. วท.บ.คอมพิวเตอร์เครือข่ายและความปลอดภัยทางไซเบอร์,PLOs,10,ระบุโอกาสในการสร้างโซลูชันนวัตกรรมทางเทคโนโลยีตามกรอบความคิดแบบผู้ประกอบการ
db314 - plo.csv,20. วท.บ.คอมพิวเตอร์เครือข่ายและความปลอดภัยทางไซเบอร์,PLOs,11,แสดงออกถึงความเป็นผู้นำในศตวรรษที่ 21 ตามคุณลักษณะ GREATS ของมหาวิทยาลัย
db314 - plo.csv,1. BEB,K,1,อธิบายหลักการและทฤษฎีด้านวิทยาศาสตร์ คณิตศาสตร์ และเทคโนโลยีที่จำเป็นและเพียงพอต่อการนำไปใช้ในวิชาแกนของแต่ละหลักสูตร และ/หรือ ศึกษาต่อในระดับบัณฑิตศึกษา
db314 - plo.csv,1. BEB,K,2,บูรณาการหลักการและทฤษฎีด้านวิทยาศาสตร์ คณิตศาสตร์ และเทคโนโลยี สาขาต่างๆ และ/หรือ บูรณาการเข้ากับศาสตร์อื่น เพื่อวิเคราะห์ ประเมิน สังเคราะห์ และ/หรือ สร้างสรรค์องค์ความรู้ใหม่ และ/หรือ นวัตกรรม
db314 - plo.csv,1. BEB,S,1,ปฏิบัติงานด้านวิทยาศาสตร์ คณิตศาสตร์ และเทคโนโลยีได้อย่างเหมาะสมและปลอดภัย
db314 - plo.csv,1. BEB,S,2,เลือกเครื่องมือทางวิทยาศาสตร์ คณิตศาสตร์ และเทคโนโลยีได้อย่างเหมาะสมและถูกต้อง
db314 - plo.csv,1. BEB,S,3,ใช้ภาษาอังกฤษหรือภาษาต่างประเทศอื่น เพื่อการสืบค้นข้อมูลและสื่อสารได้อย่างเหมาะสม
db314 - plo.csv,1. BEB,S,4,วิเคราะห์และสังเคราะห์ความรู้จากแหล่งข้อมูลต่าง ๆ ที่หลากหลายได้อย่างถูกต้อง เพื่อนำไปสู่การวางแผนการทดลอง ออกแบบการทดลอง และ/หรือ สร้างสรรค์นวัตกรรม
db314 - plo.csv,1. BEB,S,5,คิดวิเคราะห์อย่างเป็นระบบและมีเหตุมีผลตามหลักการและวิธีการทางวิทยาศาสตร์
db314 - plo.csv,1. BEB,S,6,ใช้เทคโนโลยีดิจิทัลในการสื่อสาร และการทำงาน
db314 - plo.csv,1. BEB,E,1,มีความซื่อสัตย์สุจริตและรับผิดชอบ
db314 - plo.csv,1. BEB,E,2,มีจิตสาธารณะ
db314 - plo.csv,1. BEB,E,3,มีจิตสำนึกและตระหนักในการปฏิบัติตามจรรยาบรรณทางวิชาการและวิชาชีพ
db314 - plo.csv,1. BEB,C,1,แสดงออกถึงความรับผิดชอบอย่างยั่งยืนต่อตนเอง สังคม และสิ่งแวดล้อม
db314 - plo.csv,1. BEB,C,2,สื่อสารไปยังผู้รับสารในระดับต่าง ๆ ได้อย่างชัดเจน ตรงประเด็น ถูกต้อง สร้างสรรค์ และเหมาะกับสถานการณ์
db314 - plo.csv,1. BEB,C,3,รับผิดชอบต่องานที่ทำร่วมกัน และปรับตัวเข้ากับสถานการณ์หรือวัฒนธรรมองค์กรได้อย่างเหมาะสม
db314 - plo.csv,1. BEB,C,4,ใช้เทคโนโลยีดิจิทัลในการสื่อสาร และการทำงาน
db314 - plo.csv,1. BEB,C,4,ใช้เจตคติทางวิทยาศาสตร์ เช่น ความอยากรู้อยากเห็น การช่างสังเกต การคิดอย่างมีวิจารณญาณ ความคิดเชิงตรรกะ ความเชื่อมั่นต่อหลักฐาน ติดตามและพร้อมเรียนรู้องค์ความรู้ใหม่ ฯลฯ ในการเรียนหรือการแก้ปัญหาในชีวิตประจำวัน
db314 - plo.csv,5.วท.บ.ฟิสิกส์อิเล็กทรอนิกส์,K,1,อธิบายหลักการและทฤษฎีด้านวิทยาศาสตร์ คณิตศาสตร์ และเทคโนโลยีที่จำเป็นและเพียงพอต่อการนำไปใช้ในวิชาแกนของแต่ละหลักสูตร และ/หรือ ศึกษาต่อในระดับบัณฑิตศึกษา
db314 - plo.csv,5.วท.บ.ฟิสิกส์อิเล็กทรอนิกส์,K,2,บูรณาการหลักการและทฤษฎีด้านวิทยาศาสตร์ คณิตศาสตร์ และเทคโนโลยี สาขาต่างๆ และ/ หรือ บูรณาการเข้ากับศาสตร์อื่น เพื่อสังเคราะห์ และ/หรือ สร้างสรรค์องค์ความรู้ใหม่ และ/หรือ นวัตกรรม
db314 - plo.csv,5.วท.บ.ฟิสิกส์อิเล็กทรอนิกส์,K,3,อธิบายหลักการและทฤษฎีในวิชาแกนทางฟิสิกส์อิเล็กทรอนิกส์ที่จำเป็นและเพียงพอต่อการนำไปใช้ในโครงงานทางฟิสิกส์อิเล็กทรอนิกส์ หรือศึกษาต่อในระดับบัณฑิตศึกษา
db314 - plo.csv,5.วท.บ.ฟิสิกส์อิเล็กทรอนิกส์,S,1,ปฏิบัติงานด้านฟิสิกส์อิเล็กทรอนิกส์ และเทคโนโลยีได้อย่างเหมาะสมและปลอดภัย
db314 - plo.csv,5.วท.บ.ฟิสิกส์อิเล็กทรอนิกส์,S,2,เลือกเครื่องมือทางวิทยาศาสตร์ คณิตศาสตร์ และเทคโนโลยีได้อย่างเหมาะสมและถูกต้อง
db314 - plo.csv,5.วท.บ.ฟิสิกส์อิเล็กทรอนิกส์,S,3,ใช้ภาษาอังกฤษหรือภาษาต่างประเทศอื่น เพื่อการสืบค้นข้อมูลและสื่อสารได้อย่างเหมาะสม
db314 - plo.csv,5.วท.บ.ฟิสิกส์อิเล็กทรอนิกส์,S,4,วิเคราะห์และสังเคราะห์ความรู้จากแหล่งข้อมูลต่าง ๆ ที่หลากหลายได้อย่างถูกต้อง เพื่อนำไปสู่การวางแผนการทดลอง ออกแบบการทดลอง และ/หรือ สร้างสรรค์นวัตกรรม
db314 - plo.csv,5.วท.บ.ฟิสิกส์อิเล็กทรอนิกส์,S,5,คิดวิเคราะห์อย่างเป็นระบบและมีเหตุมีผลตามหลักการและวิธีการทางวิทยาศาสตร์
db314 - plo.csv,5.วท.บ.ฟิสิกส์อิเล็กทรอนิกส์,S,6,ประยุกต์ใช้หลักการและทฤษฎีทางฟิสิกส์ในการแก้ปัญหาที่ซับซ้อนทางฟิสิกส์หรือหลากหลายสาขาวิชา
db314 - plo.csv,5.วท.บ.ฟิสิกส์อิเล็กทรอนิกส์,S,7,ประยุกต์ความรู้ทางคณิตศาสตร์และสถิติ เพื่อการวิเคราะห์ ประมวลผล แก้ปัญหา และ/หรือนำเสนอข้อมูลได้อย่างเหมาะสม
db314 - plo.csv,5.วท.บ.ฟิสิกส์อิเล็กทรอนิกส์,S,8,สามารถใช้เทคโนโลยีสารสนเทศในการสืบค้น เก็บรวบรวม วิเคราะห์ข้อมูล และ/หรือ สร้างการจำลองได้อย่างมีประสิทธิภาพและเหมาะกับสถานการณ์
db314 - plo.csv,5.วท.บ.ฟิสิกส์อิเล็กทรอนิกส์,E,1,มีความซื่อสัตย์สุจริต
db314 - plo.csv,5.วท.บ.ฟิสิกส์อิเล็กทรอนิกส์,E,2,มีจิตสาธารณะ
db314 - plo.csv,5.วท.บ.ฟิสิกส์อิเล็กทรอนิกส์,E,3,มีจิตสำนึกและตระหนักในการปฏิบัติตามจรรยาบรรณทางวิชาการและวิชาชีพ
db314 - plo.csv,5.วท.บ.ฟิสิกส์อิเล็กทรอนิกส์,C,1,สำนึกรับผิดชอบอย่างยั่งยืนต่อตนเอง สังคม และสิ่งแวดล้อม
db314 - plo.csv,5.วท.บ.ฟิสิกส์อิเล็กทรอนิกส์,C,2,สื่อสารไปยังผู้รับสารในระดับต่าง ๆ ได้อย่างชัดเจน สร้างสรรค์ และเหมาะกับสถานการณ์
db314 - plo.csv,5.วท.บ.ฟิสิกส์อิเล็กทรอนิกส์,C,3,รับผิดชอบต่องานที่ทำร่วมกัน และปรับตัวเข้ากับสถานการณ์หรือวัฒนธรรมองค์กรได้อย่างเหมาะสม
db314 - plo.csv,5.วท.บ.ฟิสิกส์อิเล็กทรอนิกส์,C,4,ใช้แนวคิดแบบผู้ประกอบการ ในการพัฒนาตนเองและพัฒนางาน
db314 - plo.csv,5.วท.บ.ฟิสิกส์อิเล็กทรอนิกส์,C,5,ใช้เทคโนโลยีดิจิทัลในการสื่อสาร และการทำงาน
db314 - plo.csv,5.วท.บ.ฟิสิกส์อิเล็กทรอนิกส์,C,6,มีภาวะผู้นำ ความสามารถในการทำงานเป็นทีม รวมถึงสามารถทำงานร่วมกับผู้อื่นในฐานะผู้นำ และสมาชิกในทีมได้อย่างเหมาะสม
db314 - plo.csv,5.วท.บ.ฟิสิกส์อิเล็กทรอนิกส์,C,7,ใช้เจตคติทางวิทยาศาสตร์ เช่น ความอยากรู้อยากเห็น การช่างสังเกต การคิดอย่างมีวิจารณญาณ ความคิดเชิงตรรกะ ความใจกว้าง ความเชื่อมั่นต่อหลักฐาน ติดตามและพร้อมเรียนรู้องค์ความรู้ใหม่ ฯลฯ ในการเรียนหรือการแก้ปัญหาในชีวิตประจำวัน
db314 - plo.csv,14. วท.บ.สถิติ,K,1,ผู้เรียนมีความรู้และความเข้าใจในเนื้อหา หลักการ และทฤษฎีที่สำคัญของสาขาวิชาสถิติและสาขาวิชาที่เกี่ยวข้อง
db314 - plo.csv,14. วท.บ.สถิติ,K,2,ผู้เรียนสามารถวิเคราะห์ปัญหา เข้าใจ รวมทั้งประยุกต์ความรู้ และทักษะที่เหมาะสมกับการแก้ไขปัญหา
db314 - plo.csv,14. วท.บ.สถิติ,S,1,ผู้เรียนสามารถจัดการปัญหาที่เกี่ยวข้องกับทางวิชาการและวิชาชีพได้
db314 - plo.csv,14. วท.บ.สถิติ,S,2,ผู้เรียนคิดอย่างมีวิจารณญาณและอย่างเป็นระบบและใช้ดุลยพินิจในการตัดสินใจในสถานการณ์ต่างๆ ได้อย่างเหมาะสม
db314 - plo.csv,14. วท.บ.สถิติ,S,3,ผู้เรียนสามารถวิเคราะห์ข้อมูลโดยใช้เทคโนโลยี เพื่อนำมาใช้ในการแก้ปัญหาได้อย่างเหมาะสม
db314 - plo.csv,14. วท.บ.สถิติ,S,4,ผู้เรียนสามารถนำเสนอผลงานโดยใช้เทคโนโลยี และใช้เทคโนโลยีเพื่อการสื่อสารกับบุคคลต่างๆ ทั้งในวงวิชาการและวิชาชีพได้อย่างเหมาะสมและมีประสิทธิภาพ
db314 - plo.csv,14. วท.บ.สถิติ,S,5,ผู้เรียนสามารถทำงานเป็นทีมได้
db314 - plo.csv,14. วท.บ.สถิติ,E,1,ผู้เรียนมีวินัย ตรงต่อเวลา และมีความรับผิดชอบต่อตนเองและสังคม
db314 - plo.csv,14. วท.บ.สถิติ,E,2,ผู้เรียนเคารพกฎระเบียบ และข้อบังคับต่างๆ ขององค์กรและสังคม
db314 - plo.csv,14. วท.บ.สถิติ,E,3,ผู้เรียนมีความซื่อสัตย์สุจริต และมีจรรยาบรรณทางวิชาการและวิชาชีพ
db314 - plo.csv,14. วท.บ.สถิติ,C,1,ผู้เรียนมีความรับผิดชอบในการทำงานของตนเอง และรับผิดชอบงานในกลุ่ม
db314 - plo.csv,14. วท.บ.สถิติ,C,2,ผู้เรียนสามารถสื่อสารเชิงวิชาการอย่างมีประสิทธิภาพทั้งการพูด การเขียน รวมทั้งสามารถสนทนาภาษาไทยได้อย่างมีประสิทธิภาพและสามารถสื่อสารภาษาอังกฤษได้
db314 - plo.csv,14. วท.บ.สถิติ,C,3,ผู้เรียนมีความคิดเชิงตรรกะ
db314 - plo.csv,14. วท.บ.สถิติ,C,4,ผู้เรียนมีความคิดเป็นผู้ประกอบการ
db314 - plo.csv,14. วท.บ.สถิติ,C,5,ผู้เรียนสามารถใช้เทคโนโลยีดิจิทัล
db314 - plo.csv,17. วท.บ. คณิตศาสตร์การจัดการ,K,1,ผู้เรียนมีความรู้และความเข้าใจในเนื้อหาสาระหลักของวิชาทั้งหลักการที่เป็นทฤษฎีและการปฏิบัติอย่างถ่องแท้
db314 - plo.csv,17. วท.บ. คณิตศาสตร์การจัดการ,K,2,ผู้เรียนสามารถบูรณาการหลักการและทฤษฎีด้านวิทยาศาสตร์ คณิตศาสตร์ และเทคโนโลยีรวมทั้งสามารถวิเคราะห์ปัญหา ประยุกต์ใช้ความรู้ และทักษะที่เหมาะสมกับการแก้ไขปัญหา
db314 - plo.csv,17. วท.บ. คณิตศาสตร์การจัดการ,S,1,ผู้เรียนสามารถใช้ภาษาอังกฤษในการศึกษา การสืบค้นข้อมูล และการสื่อสารได้อย่างเหมาะสม
db314 - plo.csv,17. วท.บ. คณิตศาสตร์การจัดการ,S,2,ผู้เรียนสามารถใช้เทคโนโลยีสารสนเทศในการสืบค้น เก็บรวบรวม วิเคราะห์ข้อมูล สังเคราะห์ความรู้จากแหล่งข้อมูลต่าง ๆ และสร้างการจำลองได้อย่างมีประสิทธิภาพและเหมาะสมกับสถานการณ์
db314 - plo.csv,17. วท.บ. คณิตศาสตร์การจัดการ,S,3,ผู้เรียนสามารถคิดอย่างมีวิจารณญาณ เป็นระบบ และใช้ดุลยพินิจในการตัดสินใจในสถานการณ์ต่าง ๆ ได้อย่างเหมาะสม
db314 - plo.csv,17. วท.บ. คณิตศาสตร์การจัดการ,S,4,ผู้เรียนสามารถประยุกต์ความรู้ทางคณิตศาสตร์และสถิติ เพื่อการวิเคราะห์ ประมวลผล แก้ปัญหาที่ซับซ้อน และนำเสนอข้อมูลได้อย่างเหมาะสม
db314 - plo.csv,17. วท.บ. คณิตศาสตร์การจัดการ,E,1,ผู้เรียนมีความซื่อสัตย์สุจริต มีจริยธรรม และตระหนักในการปฏิบัติตามจรรยาบรรณทางวิชาการและวิชาชีพ
db314 - plo.csv,17. วท.บ. คณิตศาสตร์การจัดการ,E,2,ผู้เรียนมีจิตสาธารณะ
db314 - plo.csv,17. วท.บ. คณิตศาสตร์การจัดการ,E,3,ผู้เรียนเคารพกฎ ระเบียบ และข้อบังคับต่าง ๆ ขององค์กรและสังคม
db314 - plo.csv,17. วท.บ. คณิตศาสตร์การจัดการ,C,1,ผู้เรียนมีสำนึกรับผิดชอบอย่างยั่งยืนต่อตนเอง สังคม และสิ่งแวดล้อม ตลอดจนสามารถปรับตัวเข้ากับสถานการณ์หรือวัฒนธรรมองค์กรได้อย่างเหมาะสม
db314 - plo.csv,17. วท.บ. คณิตศาสตร์การจัดการ,C,2,ผู้เรียนสามารถสื่อสารไปยังผู้รับสารในระดับต่าง ๆ ได้อย่างชัดเจน สร้างสรรค์ และเหมาะกับสถานการณ์
db314 - plo.csv,17. วท.บ. คณิตศาสตร์การจัดการ,C,3,ผู้เรียนมีความเท่าทันการเปลี่ยนแปลงในทุกมิติ รวมทั้งพร้อมเรียนรู้องค์ความรู้ใหม่และทักษะใหม่
db314 - plo.csv,17. วท.บ. คณิตศาสตร์การจัดการ,C,4,ผู้เรียนมีภาวะผู้นำ มีความสามารถในการทำงานเป็นทีม รวมถึงสามารถทำงานร่วมกับผู้อื่นในฐานะผู้นำและสมาชิกในทีมได้อย่างเหมาะสม
db314 - plo.csv,19. วท.บ.เทคโนโลยีและนวัตกรรมดิจิทัล,K,1,บัณฑิตมีความรู้และความเข้าใจในเนื้อหาสาระหลักของวิชาทั้งหลักการที่เป็นทฤษฎี และการปฏิบัติอย่างถ่องแท้
db314 - plo.csv,19. วท.บ.เทคโนโลยีและนวัตกรรมดิจิทัล,K,2,บัณฑิตมีความรู้เรื่องคุณธรรมและจริยธรรมเพื่อเป็นกรอบความคิดพื้นฐานในการตัดสินใจในชีวิตและการทำงาน
db314 - plo.csv,19. วท.บ.เทคโนโลยีและนวัตกรรมดิจิทัล,K,3,บัณฑิตสามารถวิเคราะห์ปัญหา เข้าใจ รวมทั้งประยุกต์ความรู้ และทักษะที่เหมาะสมกับการแก้ไขปัญหา
db314 - plo.csv,19. วท.บ.เทคโนโลยีและนวัตกรรมดิจิทัล,S,1,บัณฑิตสามารถนำความรู้เรื่องเทคโนโลยีและนวัตกรรมดิจิทัลและปัญญาประดิษฐ์ มาประยุกต์ใช้เพื่อตอบปัญหาจริงที่โลกจำเป็นต้องใช้
db314 - plo.csv,19. วท.บ.เทคโนโลยีและนวัตกรรมดิจิทัล,S,2,บัณฑิตมีทักษะเบื้องต้นของการเป็นผู้ประกอบการที่มีประสิทธิภาพและประสิทธิผล
db314 - plo.csv,19. วท.บ.เทคโนโลยีและนวัตกรรมดิจิทัล,S,3,บัณฑิตมีทักษะการทำงานเป็นทีมอย่างมีประสิทธิภาพและประสิทธิผล และสามารถรักษาบรรยากาศการทำงานร่วมกันได้ดี
db314 - plo.csv,19. วท.บ.เทคโนโลยีและนวัตกรรมดิจิทัล,S,4,บัณฑิตสามารถสื่อสารผลงานให้กับผู้ฟังหลากหลายระดับ เช่น ผู้บริหาร ฝ่ายเทคนิค และบุคคลทั่วไป เป็นต้น
db314 - plo.csv,19. วท.บ.เทคโนโลยีและนวัตกรรมดิจิทัล,S,5,บัณฑิตมีทักษะในการพัฒนาซอฟต์แวร์บนแพลตฟอร์มร่วมสมัย มีทักษะความถนัดด้านใด ด้านหนึ่งในการมีส่วนร่วมในกลไกการสร้างผลิตภัณฑ์ดิจิทัล (Digital products)
db314 - plo.csv,19. วท.บ.เทคโนโลยีและนวัตกรรมดิจิทัล,S,6,บัณฑิตมีทักษะในการประเมินสมรรถนะและการใช้ทรัพยากรของเทคโนโลยีและนวัตกรรมดิจิทัล ที่นำไปสู่ประสิทธิภาพ ประสิทธิผล
db314 - plo.csv,19. วท.บ.เทคโนโลยีและนวัตกรรมดิจิทัล,E,1,บัณฑิตสามารถออกแบบการทำงานที่โปร่งใสตรวจสอบได้
db314 - plo.csv,19. วท.บ.เทคโนโลยีและนวัตกรรมดิจิทัล,E,2,บัณฑิตมีนิสัยมองเห็นงานในภาพรวม และการแบ่งงานอย่างสมดุล ไม่เอาเปรียบเพื่อนร่วมงาน
db314 - plo.csv,19. วท.บ.เทคโนโลยีและนวัตกรรมดิจิทัล,E,3,บัณฑิตมีนิสัยรักการช่วยเหลือเพื่อนร่วมงาน บนพื้นฐานของการรักษามาตรฐาน ของงานในหน้าที่ที่ตนเองรับผิดชอบ
db314 - plo.csv,19. วท.บ.เทคโนโลยีและนวัตกรรมดิจิทัล,E,4,บัณฑิตรักษาเกียรติของตนเองและสถาบัน ปฏิบัติตนในแนวทางที่ดำรงคุณค่าความเป็น มนุษย์ทั้งของตนเองและผู้อื่น ตระหนักและเคารพในความหลากหลายทางวัฒนธรรม เชื้อ ชาติ ภาษา และศาสนา
db314 - plo.csv,19. วท.บ.เทคโนโลยีและนวัตกรรมดิจิทัล,E,5,บัณฑิตตระหนักและปฏิบัติตามข้อกำหนดและจรรยาบรรณเชิงวิชาชีพ
db314 - plo.csv,19. วท.บ.เทคโนโลยีและนวัตกรรมดิจิทัล,C,1,บัณฑิตมีความตระหนักถึงคุณค่าของสิ่งต่าง ๆ มีทัศนคติในเชิงบวก รู้จักสร้างความสุขและ กำลังใจให้ตนเองเพื่อการก้าวเดินไปข้างหน้าบนพื้นฐานของความเป็นจริง
db314 - plo.csv,19. วท.บ.เทคโนโลยีและนวัตกรรมดิจิทัล,C,2,บัณฑิตใช้กระบวนการคิดอย่างเป็นระบบ ที่มีความยืดหยุ่นและสร้างสรรค์
db314 - plo.csv,19. วท.บ.เทคโนโลยีและนวัตกรรมดิจิทัล,C,3,บัณฑิตมีนิสัยใฝ่รู้ ทั้งรู้ลึกและรู้รอบ เพื่อนำความรู้มาพัฒนาตนและพัฒนางานอย่าง สม่ำเสมอ
db314 - plo.csv,19. วท.บ.เทคโนโลยีและนวัตกรรมดิจิทัล,C,4,บัณฑิตเป็นผู้มีทักษะทางอารมณ์และสังคม (Socio-emotional domain) มีความตระหนัก รู้จักตนเอง (Self-awareness) สามารถยืนหยัดในภาวะที่ยากลำบาก ตระหนักและ สามารถปรับสู่การเปลี่ยนแปลง
db314 - plo.csv,19. วท.บ.เทคโนโลยีและนวัตกรรมดิจิทัล,C,5,บัณฑิตมีความเป็นผู้ประกอบการ
db314 - plo.csv,9. วท.บ.เคมี,K,1,วิชาพื้นฐานบรรยายและปฏิบัติการ = understand
db314 - plo.csv,9. วท.บ.เคมี,K,2,"วิชาเคมีรหัส 200 ขึ้นไป/วิชาบังคับเลือกนอกสาขา = understand,วิชาเลือกในสาขา รหัส 300 ขึ้นไป = understand,CM390 CM491 CM492/497 = apply"
db314 - plo.csv,9. วท.บ.เคมี,K,3,"วิชาข้ามศาสตร์ = understand,CM390, CM491 = apply,CM492/497 = analyzing"
db314 - plo.csv,9. วท.บ.เคมี,S,1,"วิชาปฏิบัติการ: 100 = imitation, 200 = manipulation, 300 = precision or articulation,วิชา safety = imitation,CM390 = manipulation,CM491 CM492/497 = articulation"
db314 - plo.csv,9. วท.บ.เคมี,S,2,"วิชาบรรยาย = manipulation or precision,วิชาปฏิบัติการทั้งหมดทุกวิชา = manipulation,CM390 = precision,CM491 CM492/497 = articulation,ฟัง พูด อ่าน เขียน,คิดอย่างมีวิจารณญาณ เพื่อให้สื่อสารได้เข้าใจ,คิดอย่างมีตรรกะ เป็นเหตุเป็นผล เพื่อให้สื่อสารได้เข้าใจ,หลักสูตรกำหนดทักษะการเรียนรู้ตลอดชีวิต (Life-Long Learning : LLL) ที่ผลักดัน PLO5 คือ สามารถสืบค้นข้อมูล และสื่อสารไปยังผู้รับสารได้"
db314 - plo.csv,9. วท.บ.เคมี,S,3,"วิชาปฏิบัติการ 200 ขึ้นไป = manipulation,CM390 = precision,CM491 CM492/497 = articulation,ทักษะ = การสังเกต การวางแผนการทดลอง การคิดคำนวณ การวิเคราะห์ข้อมูล การบันทึกข้อมูล การแปรผลการทดลอง สืบค้น ค้นคว้า"
db314 - plo.csv,9. วท.บ.เคมี,E,1,"การกระทำที่มีจริยธรรม เช่น ความซื่อสัตย์สุจริต เอื้อเฟื้อเผื่อแผ่ จิตใจเมตตา โอบอ้อมอารี จิตสาธารณะ รักษาสิ่งแวดล้อม ไม่คัดลอกผลงาน ไม่ละเมิดทรัพย์สินทางปัญญา ไม่ละเมิดสิทธิเสรีภาพ,มีระเบียบวินัย = ปฏิบัติตามกติกา/ข้อตกลง/ระเบียบที่กำหนด,จิตอาสา = ช่วยงานที่นอกเหนือจากหน้าที่ของตนเอง,จิตวิญญาณความเป็นธรรมศาสตร์ (ข้อ 5 ของ GREATS see below),G: Global Mindset (TU101) ทันโลก ทันสังคม เท่าทันการเปลี่ยนแปลงของโลกในมิติต่างๆ,R: Responsibility (TU103) มีสำนึกรับผิดชอบอย่างยั่งยืน ต่อตนเอง บุคคลรอบข้าง สังคม และสิ่งแวดล้อม,E: Eloquence (TU106) สามารถสื่อสารอย่างสร้างสรรค์และทรงพลัง มีทักษะสุนทรียะสนทนา,A: Aesthetic Appreciation (TU102) ซาบซึ้งในความงาม คุณค่าของศิลปะ ดนตรี และสถาปัตยกรรม,T: Team Leader ทำงานร่วมกับผู้อื่นได้ทั้งในบทบาทผู้นำ และบทบาททีม,S: Spirit of Thammasat (TU100) ใฝ่ประชาธิปไตย มีจิตใจรักความเป็นธรรม มีความกล้าหาญและอุทิศตนเพื่อประชาชน"
db314 - plo.csv,9. วท.บ.เคมี,C,1,"หลักสูตรได้กำหนดทักษะการเรียนรู้ตลอดชีวิต (Life-Long Learning: LLL) ที่ผลักดัน PLO 8 คือ สามารถแก้ปัญหาเฉพาะหน้า และปรับตัวในสังคมได้,มีจินตนาการ มีความคิดสร้างสรรค์,มีความใฝ่รู้ใฝ่เรียน เรียนรู้เพิ่มเติม,มีแนวคิดความเป็นผู้ประกอบการ,มีค่านิยมยึดมั่นในอุดมการณ์ที่ถูกต้อง,รอบคอบ ละเอียดถี่ถ้วน มีความรับผิดชอบ,ทิ้ง waste ในภาชนะจัดเก็บไม่อยู่ข้อนี้ (อยู่ PLO7)"
db314 - plo.csv,9. วท.บ.เคมี,C,2,"ทำงานกลุ่มได้สำเร็จลุล่วงและราบรื่น,เป็นผู้นำและผู้ตามที่ดี เชื่อมั่นในตนเอง,ยอมรับความแตกต่างในสังคมได้,เป็นนักบริหารจัดการ"
db314 - plo.csv,8. วท.บ.วิทยาศาสตร์สิ่งแวดล้อม,K,1,ผู้เรียนมีความรู้อย่างกว้างขวางในหลักการและทฤษฎีองค์ความรู้ด้านวิทยาศาสตร์สิ่งแวดล้อม
db314 - plo.csv,8. วท.บ.วิทยาศาสตร์สิ่งแวดล้อม,K,2,ผู้เรียนสามารถวิเคราะห์อย่างเป็นระบบ
db314 - plo.csv,8. วท.บ.วิทยาศาสตร์สิ่งแวดล้อม,K,3,ผู้เรียนสามารถนำความรู้ หลักการ ทฤษฎีไปประยุกต์ใช้ได้อย่างเหมาะสม
db314 - plo.csv,8. วท.บ.วิทยาศาสตร์สิ่งแวดล้อม,S,1,ผู้เรียนสามารถค้นคว้าข้อมูลได้อย่างเป็นระบบ
db314 - plo.csv,8. วท.บ.วิทยาศาสตร์สิ่งแวดล้อม,S,2,ผู้เรียนสามารถวิเคราะห์ปัญหา ประเมินทางเลือก และเสนอแนะวิธีการแก้ไขปัญหาและผลการตัดสินใจได้อย่างเหมาะสม
db314 - plo.csv,8. วท.บ.วิทยาศาสตร์สิ่งแวดล้อม,S,3,ผู้เรียนสามารถทำงานเป็นทีมได้
db314 - plo.csv,8. วท.บ.วิทยาศาสตร์สิ่งแวดล้อม,S,4,ผู้เรียนสามารถใช้เทคโนโลยีสารสนเทศ และสามารถประยุกต์ใช้ในการสื่อสารได้อย่างมีประสิทธิภาพ
db314 - plo.csv,8. วท.บ.วิทยาศาสตร์สิ่งแวดล้อม,E,1,ผู้เรียนมีความซื่อสัตย์สุจริต และมีจรรยาบรรณในวิชาชีพ
db314 - plo.csv,8. วท.บ.วิทยาศาสตร์สิ่งแวดล้อม,E,2,ผู้เรียนมีวินัย และความรับผิดชอบต่อตนเองและสังคม
db314 - plo.csv,8. วท.บ.วิทยาศาสตร์สิ่งแวดล้อม,C,1,ผู้เรียนมีความคิดเชิงตรรกะ
db314 - plo.csv,8. วท.บ.วิทยาศาสตร์สิ่งแวดล้อม,C,2,ผู้เรียนมีความสามารถด้านดิจิทัล
db314 - plo.csv,8. วท.บ.วิทยาศาสตร์สิ่งแวดล้อม,C,3,ผู้เรียนมีความใฝ่รู้ ติดตามการเปลี่ยนแปลงเพื่อพัฒนาตนเองอย่างต่อเนื่อง
db314 - plo.csv,11. วท.บ.วิทยาศาสตร์และเทคโนโลยีสิ่งทอ,K,1,อธิบายหลักการและทฤษฎีด้านวิทยาศาสตร์ คณิตศาสตร์ และเทคโนโลยีสิ่งทอที่จำเป็นและเพียงพอต่อการนำไปใช้ และ/หรือศึกษาต่อในระดับบัณฑิตศึกษาได้
db314 - plo.csv,11. วท.บ.วิทยาศาสตร์และเทคโนโลยีสิ่งทอ,K,2,บูรณาการหลักการและทฤษฎีด้านวิทยาศาสตร์ คณิตศาสตร์ และเทคโนโลยีสิ่งทอ เข้ากับศาสตร์อื่น เพื่อวิเคราะห์ ประเมิน สังเคราะห์ และ/หรือ สร้างสรรค์องค์ความรู้ใหม่ และ/หรือนวัตกรรมทางสิ่งทอได้
db314 - plo.csv,11. วท.บ.วิทยาศาสตร์และเทคโนโลยีสิ่งทอ,S,1,ปฏิบัติงานด้านวิทยาศาสตร์ คณิตศาสตร์ และเทคโนโลยีสิ่งทอได้อย่างเหมาะสมและปลอดภัย
db314 - plo.csv,11. วท.บ.วิทยาศาสตร์และเทคโนโลยีสิ่งทอ,S,2,เลือกเครื่องมือทางวิทยาศาสตร์ คณิตศาสตร์ และเทคโนโลยีสิ่งทอได้อย่างเหมาะสมและถูกต้อง
db314 - plo.csv,11. วท.บ.วิทยาศาสตร์และเทคโนโลยีสิ่งทอ,S,3,ใช้ภาษาอังกฤษหรือภาษาต่างประเทศอื่น เพื่อการสืบค้นข้อมูลและสื่อสารได้อย่างเหมาะสม
db314 - plo.csv,11. วท.บ.วิทยาศาสตร์และเทคโนโลยีสิ่งทอ,S,4,วิเคราะห์และสังเคราะห์ความรู้จากแหล่งข้อมูลต่าง ๆ ที่หลากหลายได้อย่างถูกต้องเพื่อนำไปสู่การวางแผนการทดลอง ออกแบบการทดลอง และ/หรือ สร้างสรรค์นวัตกรรม
db314 - plo.csv,11. วท.บ.วิทยาศาสตร์และเทคโนโลยีสิ่งทอ,S,5,คิดวิเคราะห์อย่างเป็นระบบและมีเหตุมีผลตามหลักการและวิธีการทางวิทยาศาสตร์
db314 - plo.csv,11. วท.บ.วิทยาศาสตร์และเทคโนโลยีสิ่งทอ,S,6,ประยุกต์ใช้หลักการและทฤษฎีทางวิทยาศาสตร์ คณิตศาสตร์ และเทคโนโลยีสิ่งทอในการแก้ปัญหาที่ซับซ้อน
db314 - plo.csv,11. วท.บ.วิทยาศาสตร์และเทคโนโลยีสิ่งทอ,S,7,ประยุกต์ความรู้ทางคณิตศาสตร์และสถิติ เพื่อการวิเคราะห์ ประมวลผล แก้ปัญหาและ/หรือ นำเสนอข้อมูลได้อย่างเหมาะสม
db314 - plo.csv,11. วท.บ.วิทยาศาสตร์และเทคโนโลยีสิ่งทอ,S,8,สามารถใช้เทคโนโลยีสารสนเทศในการสืบค้น เก็บรวบรวม วิเคราะห์ข้อมูล และ/หรือ สร้างการจำลองได้อย่างมีประสิทธิภาพและเหมาะกับสถานการณ์
db314 - plo.csv,11. วท.บ.วิทยาศาสตร์และเทคโนโลยีสิ่งทอ,E,1,มีความซื่อสัตย์สุจริตและรับผิดชอบ
db314 - plo.csv,11. วท.บ.วิทยาศาสตร์และเทคโนโลยีสิ่งทอ,E,2,มีจิตสาธารณะ
db314 - plo.csv,11. วท.บ.วิทยาศาสตร์และเทคโนโลยีสิ่งทอ,E,3,มีจิตสำนึกและตระหนักในการปฏิบัติตามจรรยาบรรณทางวิชาการและวิชาชีพ
db314 - plo.csv,11. วท.บ.วิทยาศาสตร์และเทคโนโลยีสิ่งทอ,C,1,แสดงออกถึงความรับผิดชอบอย่างยั่งยืนต่อตนเอง สังคม และสิ่งแวดล้อม
db314 - plo.csv,11. วท.บ.วิทยาศาสตร์และเทคโนโลยีสิ่งทอ,C,2,สื่อสารไปยังผู้รับสารในระดับต่าง ๆ ได้อย่างชัดเจน ตรงประเด็น ถูกต้อง สร้างสรรค์และเหมาะกับสถานการณ์
db314 - plo.csv,11. วท.บ.วิทยาศาสตร์และเทคโนโลยีสิ่งทอ,C,3,รับผิดชอบต่องานที่ทำร่วมกัน และปรับตัวเข้ากับสถานการณ์หรือวัฒนธรรมองค์กรได้อย่างเหมาะสม
db314 - plo.csv,11. วท.บ.วิทยาศาสตร์และเทคโนโลยีสิ่งทอ,C,4,ใช้แนวคิดแบบผู้ประกอบการ ในการพัฒนาตนเองและพัฒนางาน
db314 - plo.csv,11. วท.บ.วิทยาศาสตร์และเทคโนโลยีสิ่งทอ,C,5,ใช้เทคโนโลยีดิจิทัลในการสื่อสาร และการทำงาน
db314 - plo.csv,11. วท.บ.วิทยาศาสตร์และเทคโนโลยีสิ่งทอ,C,6,มีภาวะผู้นำ ความสามารถในการทำงานเป็นทีม รวมถึงสามารถทำงานร่วมกับผู้อื่นในฐานะผู้นำและสมาชิกในทีมได้อย่างเหมาะสม
db314 - plo.csv,11. วท.บ.วิทยาศาสตร์และเทคโนโลยีสิ่งทอ,C,7,ใช้เจตคติทางวิทยาศาสตร์ เช่น ความอยากรู้อยากเห็น การช่างสังเกต การคิดอย่างมีวิจารณญาณ ความคิดเชิงตรรกะ ความเชื่อมั่นต่อหลักฐาน ติดตามและพร้อมเรียนรู้องค์ความรู้ใหม่ ฯลฯในการเรียนหรือการแก้ปัญหาในชีวิตประจำวัน
db314 - plo.csv,16. วท.บ.คณิตศาสตร์ประยุกต์,K,1,ผู้เรียนมีความรู้และความเข้าใจในเนื้อหาสาระหลักของวิชาทางคณิตศาสตร์ประยุกต์ทั้งหลักการที่เป็นทฤษฎี และการปฏิบัติอย่างถ่องแท้
db314 - plo.csv,16. วท.บ.คณิตศาสตร์ประยุกต์,K,2,ผู้เรียนสามารถวิเคราะห์ปัญหา เข้าใจ รวมทั้งประยุกต์ความรู้ทางคณิตศาสตร์ประยุกต์และทักษะที่เหมาะสมกับการแก้ไขปัญหา
db314 - plo.csv,16. วท.บ.คณิตศาสตร์ประยุกต์,S,1,ผู้เรียนสามารถนำความรู้ทางคณิตศาสตร์ประยุกต์ภาคทฤษฎีและภาคปฏิบัติมาประยุกต์ใช้กับปัญหาที่เกี่ยวข้องทางวิชาการและวิชาชีพได้
db314 - plo.csv,16. วท.บ.คณิตศาสตร์ประยุกต์,S,2,ผู้เรียนคิดอย่างมีวิจารณญาณอย่างเป็นระบบ และใช้ดุลยพินิจในการตัดสินใจในสถานการณ์ต่าง ๆ ได้อย่างเหมาะสม
db314 - plo.csv,16. วท.บ.คณิตศาสตร์ประยุกต์,S,3,ผู้เรียนสามารถวิเคราะห์ข้อมูลโดยใช้เทคโนโลยีดิจิทัลเพื่อนำมาใช้ในการแก้ปัญหาได้อย่างเหมาะสม
db314 - plo.csv,16. วท.บ.คณิตศาสตร์ประยุกต์,S,4,ผู้เรียนสามารถนำเสนอผลงานโดยใช้เทคโนโลยีดิจิทัลและใช้เทคโนโลยีเพื่อการสื่อสารกับบุคคลต่าง ๆ ทั้งในวงการวิชาการและวิชาชีพได้อย่างเหมาะสมและมีประสิทธิภาพ
db314 - plo.csv,16. วท.บ.คณิตศาสตร์ประยุกต์,S,5,ผู้เรียนสามารถทำงานร่วมกันเป็นทีมได้
db314 - plo.csv,16. วท.บ.คณิตศาสตร์ประยุกต์,E,1,ผู้เรียนมีความซื่อสัตย์สุจริตและมีจรรยาบรรณทางวิชาการและวิชาชีพ
db314 - plo.csv,16. วท.บ.คณิตศาสตร์ประยุกต์,E,2,ผู้เรียนมีวินัย ตรงต่อเวลา และความรับผิดชอบต่อตนเองและสังคม
db314 - plo.csv,16. วท.บ.คณิตศาสตร์ประยุกต์,E,3,ผู้เรียนเคารพกฎระเบียบและข้อบังคับต่าง ๆ ขององค์กรและสังคม
db314 - plo.csv,16. วท.บ.คณิตศาสตร์ประยุกต์,C,1,ผู้เรียนมีความรับผิดชอบในการกระทำของตนเองและรับผิดชอบงานในกลุ่ม
db314 - plo.csv,16. วท.บ.คณิตศาสตร์ประยุกต์,C,2,ผู้เรียนสามารถประเมินและปรับปรุงตนเอง ในการปฏิบัติงานให้มีประสิทธิภาพ
db314 - plo.csv,16. วท.บ.คณิตศาสตร์ประยุกต์,C,3,ผู้เรียนมีความคิดเชิงตรรกะและการแก้ปัญหาเชิงระบบ
db314 - plo.csv,16. วท.บ.คณิตศาสตร์ประยุกต์,C,4,ผู้เรียนมีความเป็นผู้ประกอบการ
db314 - plo.csv,16. วท.บ.คณิตศาสตร์ประยุกต์,C,5,ผู้เรียนสามารถปฏิบัติการทางคณิตศาสตร์ประยุกต์โดยใช้เทคโนโลยีดิจิทัล
db314 - plo.csv,7. วท.บ.วัสดุศาสตร์,K,1,อธิบายหลักการและทฤษฎีด้านวิทยาศาสตร์ คณิตศาสตร์ที่เกี่ยวข้องมาประยุกต์ใช้ศาสตร์ทางด้านเทคโนโลยีวัสดุทั้ง โลหะ เซรามิก พอลิเมอร์ ฯ
db314 - plo.csv,7. วท.บ.วัสดุศาสตร์,K,2,สร้างนวัตกรรมโดยบูรณาการหลักการและทฤษฎีด้านวิทยาศาสตร์ คณิตศาสตร์ และเทคโนโลยี สาขาต่างๆ กับเทคโนโลยีวัสดุ ซึ่งมุ่งเน้นการสร้างสรรค์องค์ความรู้ใหม่ เพื่อสอดรับกับการประยุกต์ใช้งานจริงของภาคอุตสาหกรรม
db314 - plo.csv,7. วท.บ.วัสดุศาสตร์,S,1,มีทักษะในการฝึกปฏิบัติงานจริงจากภาครัฐและภาคเอกชน
db314 - plo.csv,7. วท.บ.วัสดุศาสตร์,S,2,มีทักษะในการเลือกใช้เครื่องมือทางวิทยาศาสตร์ได้อย่างเหมาะสมและถูกต้อง
db314 - plo.csv,7. วท.บ.วัสดุศาสตร์,S,3,ใช้ภาษาต่างประเทศ เพื่อการสืบค้นข้อมูล ติดต่อสื่อสารในการทำงานเพื่อแก้ปัญหาเฉพาะหน้าที่เกิดขึ้นได้อย่างมีประสิทธิภาพ
db314 - plo.csv,7. วท.บ.วัสดุศาสตร์,S,4,สร้างสรรค์นวัตกรรม โดยการวางแผนการทดลอง ออกแบบการทดลอง และนำข้อมูลที่ได้มาคิดวิเคราะห์และสังเคราะห์ความรู้จากแหล่งข้อมูลต่าง ๆ
db314 - plo.csv,7. วท.บ.วัสดุศาสตร์,S,5,ฝึกการใช้ทักษะการคิดวิเคราะห์อย่างเป็นระบบและมีเหตุมีผลตามหลักการและทฤษฎีทางวิทยาศาสตร์
db314 - plo.csv,7. วท.บ.วัสดุศาสตร์,S,6,แก้ปัญหาที่ซับซ้อนโดยประยุกต์ใช้หลักการและทฤษฎีทางวิทยาศาสตร์ คณิตศาสตร์ หลักการทางวิศวกรรมศาสตร์เบื้องต้น และเทคโนโลยี
db314 - plo.csv,7. วท.บ.วัสดุศาสตร์,S,7,ใช้ทักษะทางคณิตศาสตร์และสถิติ มาประยุกต์เพื่อการวิเคราะห์ ประมวลผล แก้ปัญหา และ/หรือ นำเสนอข้อมูลได้อย่างเหมาะสม
db314 - plo.csv,7. วท.บ.วัสดุศาสตร์,S,8,มีทักษะพื้นฐานของการประยุกต์ใช้เทคโนโลยีสารสนเทศในการสืบค้น เก็บรวบรวม วิเคราะห์ข้อมูล และ/หรือ สร้างการจำลองได้อย่างมีประสิทธิภาพและเหมาะกับสถานการณ์
db314 - plo.csv,7. วท.บ.วัสดุศาสตร์,E,1,ผู้เรียนมีความซื่อสัตย์ต่อตนเอง ต่อเพื่อนร่วมงาน
db314 - plo.csv,7. วท.บ.วัสดุศาสตร์,E,2,ผู้เรียนมีความรับผิดชอบต่อหน้าที่ส่วนตัว ส่วนรวม สังคมการเรียน การทำงานภาคสนาม
db314 - plo.csv,7. วท.บ.วัสดุศาสตร์,E,3,มีจิตสำนึกและตระหนักในการปฏิบัติตามจรรยาบรรณทางวิชาการและวิชาชีพ
db314 - plo.csv,7. วท.บ.วัสดุศาสตร์,C,1,สื่อสารไปยังผู้รับสารในระดับต่าง ๆ ได้อย่างชัดเจน สร้างสรรค์ และเหมาะกับสถานการณ์
db314 - plo.csv,7. วท.บ.วัสดุศาสตร์,C,2,รับผิดชอบต่องานที่ทำร่วมกัน และปรับตัวเข้ากับสถานการณ์หรือวัฒนธรรมองค์กรได้อย่างเหมาะสม
db314 - plo.csv,7. วท.บ.วัสดุศาสตร์,C,3,ใช้เทคโนโลยีดิจิทัลในการสื่อสาร และการทำงาน
db314 - plo.csv,7. วท.บ.วัสดุศาสตร์,C,4,มีภาวะผู้นำ ความสามารถในการทำงานเป็นทีม รวมถึงสามารถทำงานร่วมกับผู้อื่นในฐานะผู้นำและสมาชิกในทีมได้อย่างเหมาะสม
db314 - plo.csv,7. วท.บ.วัสดุศาสตร์,C,5,ใช้เจตคติทางวิทยาศาสตร์ ในการเรียนหรือการแก้ปัญหาในชีวิตประจำวัน
db314 - plo.csv,ศศ.บ. (ปรัชญา การเมือง และเศรษฐศาสตร์) ท่าพระจันทร์,K,1,นักศึกษามีความความรู้ความเข้าใจด้านปรัชญา การเมือง และเศรษฐศาสตร์ สิทธิมนุษยชน ความสัมพันธ์ระหว่างเศรษฐกิจและการเมือง ทั้งทางด้านแนวคิด ทฤษฎี และวิธีการศึกษาในบริบทของประเทศไทยและต่างประเทศ
db314 - plo.csv,ศศ.บ. (ปรัชญา การเมือง และเศรษฐศาสตร์) ท่าพระจันทร์,K,2,ผู้เรียนสามารถบูรณาการความรู้เพื่อวิเคราะห์ปัญหา และประยุกต์ใช้ทั้งทฤษฎีและเครื่องมือที่เหมาะสมกับการแก้ไขปัญหา
db314 - plo.csv,ศศ.บ. (ปรัชญา การเมือง และเศรษฐศาสตร์) ท่าพระจันทร์,K,3,นักศึกษาสามารถเข้าใจ และวิเคราะห์ข้อมูลสถานการณ์ทางเศรษฐกิจ การเมือง และสังคม พร้อมเสนอแนะนโยบายได้อย่างเหมาะสม
db314 - plo.csv,ศศ.บ. (ปรัชญา การเมือง และเศรษฐศาสตร์) ท่าพระจันทร์,S,1,ผู้เรียนสามารถคิดเชิงวิพากษ์และคิดอย่างมีวิจารณญาณ
db314 - plo.csv,ศศ.บ. (ปรัชญา การเมือง และเศรษฐศาสตร์) ท่าพระจันทร์,S,2,ผู้เรียนสามารถแสดงข้อโต้แย้งให้อย่างมีเหตุผลและสามารถสื่อสารชุดเหตุผลของตนเองได้อย่างน่าเชื่อถือ
db314 - plo.csv,ศศ.บ. (ปรัชญา การเมือง และเศรษฐศาสตร์) ท่าพระจันทร์,S,3,สามารถใช้เครื่องมือ เช่น ทฤษฎี ชุดวิธีคิด ระเบียบวิธีวิจัย นวัตกรรม ฯลฯ ที่เหมาะสมในการแก้ไขปัญหาโดยการบูรณาการศาสตร์ที่เหมาะสมในการแก้ไขปัญหาโดยการบูรณาการศาสตร์
db314 - plo.csv,ศศ.บ. (ปรัชญา การเมือง และเศรษฐศาสตร์) ท่าพระจันทร์,S,4,ผู้เรียนสามารถทำงานร่วมกับผู้อื่นเพื่อสร้างองค์ความรู้ได้
db314 - plo.csv,ศศ.บ. (ปรัชญา การเมือง และเศรษฐศาสตร์) ท่าพระจันทร์,E,1,มีความซื่อสัตย์ และจริยธรรมในการศึกษาวิจัย
db314 - plo.csv,ศศ.บ. (ปรัชญา การเมือง และเศรษฐศาสตร์) ท่าพระจันทร์,E,2,นักศึกษามีจิตสำนึกด้านการเคารพกฎหมาย และสามารถปฏิบัติตามกฎ กติกา ของสังคมอย่างมีประสิทธิภาพ
db314 - plo.csv,ศศ.บ. (ปรัชญา การเมือง และเศรษฐศาสตร์) ท่าพระจันทร์,E,3,นักศึกษามีจิตสาธารณะ ตระหนักถึงปัญหาสังคม
db314 - plo.csv,ศศ.บ. (ปรัชญา การเมือง และเศรษฐศาสตร์) ท่าพระจันทร์,C,1,มีความใฝ่รู้ มีความกล้าแสดงออก
db314 - plo.csv,ศศ.บ. (ปรัชญา การเมือง และเศรษฐศาสตร์) ท่าพระจันทร์,C,2,ผู้เรียนมีวิจารณญาณในการรับ วิเคราะห์ และส่งต่อข้อมูลอย่างน่าเชื่อถือ
db314 - plo.csv,ศศ.บ. (ปรัชญา การเมือง และเศรษฐศาสตร์) ท่าพระจันทร์,C,3,ผู้เรียนมีความคิดเป็นระบบ มีเหตุผล
db314 - plo.csv,ศศ.บ. (ปรัชญา การเมือง และเศรษฐศาสตร์) ท่าพระจันทร์,C,4,ผู้เรียนมีการรู้การสื่อสาร การรู้สังคม มีความเชื่อมั่นแต่ขณะเดียวกันยอมรับความแตกต่างในสังคม
db314 - plo.csv,ศศ.บ. (สหวิทยาการ) ศูนย์รังสิต,K,1,ผู้เรียนมีความรู้ในเชิงสหวิทยาการ ทั้งภาคทฤษฎีและภาคปฏิบัติ
db314 - plo.csv,ศศ.บ. (สหวิทยาการ) ศูนย์รังสิต,K,2,ผู้เรียนมีความรู้เกี่ยวกับกระบวนการวิจัยในการสร้างองค์ความรู้และแก้ไขปัญหา
db314 - plo.csv,ศศ.บ. (สหวิทยาการ) ศูนย์รังสิต,S,1,ผู้เรียนสามารถสืบค้น ตีความ และประเมินสารสนเทศ เพื่อใช้ในการทำความเข้าใจปรากฏการณ์หรือแก้ไขปัญหาอย่างสร้างสรรค์
db314 - plo.csv,ศศ.บ. (สหวิทยาการ) ศูนย์รังสิต,S,2,ผู้เรียนสามารถคิดวิเคราะห์เชื่อมโยงและบูรณาการศาสตร์ต่าง ๆ ที่เกี่ยวข้อง อย่างเป็นระบบ
db314 - plo.csv,ศศ.บ. (สหวิทยาการ) ศูนย์รังสิต,S,3,ผู้เรียนสามารถประยุกต์ความรู้และทักษะเพื่อใช้ในการทำงานและการแก้ไขปัญหาได้อย่างเหมาะสม
db314 - plo.csv,ศศ.บ. (สหวิทยาการ) ศูนย์รังสิต,S,4,ผู้เรียนสามารถใช้เทคโนโลยีสารสนเทศในการติดต่อสื่อสาร การศึกษาค้นคว้า และการนำเสนอข้อมูลได้อย่างมีประสิทธิภาพ
db314 - plo.csv,ศศ.บ. (สหวิทยาการ) ศูนย์รังสิต,S,5,ผู้เรียนสามารถใช้เทคนิคพื้นฐานทางคณิตศาสตร์ สถิติ และคอมพิวเตอร์ในการประมวลผลการแปลความหมาย และการวิเคราะห์ข้อมูล
db314 - plo.csv,ศศ.บ. (สหวิทยาการ) ศูนย์รังสิต,S,6,สามารถใช้ภาษาต่างประเทศในการฟัง การพูด การอ่าน และการเขียน อย่างมีประสิทธิภาพ
db314 - plo.csv,ศศ.บ. (สหวิทยาการ) ศูนย์รังสิต,E,1,ผู้เรียนมีวินัย มีความตรงต่อเวลา ปฏิบัติตามกฎระเบียบและข้อบังคับขององค์กรและสังคม
db314 - plo.csv,ศศ.บ. (สหวิทยาการ) ศูนย์รังสิต,E,2,ผู้เรียนมีความซื่อสัตย์สุจริต และคำนึงถึงผลประโยชน์ส่วนรวมมากกว่าผลประโยชน์ส่วนตน
db314 - plo.csv,ศศ.บ. (สหวิทยาการ) ศูนย์รังสิต,E,3,ผู้เรียนมีความรับผิดชอบในหน้าที่ เป็นสมาชิกที่ดีของสังคม และมีส่วนร่วมในกิจกรรมสาธารณะ
db314 - plo.csv,ศศ.บ. (สหวิทยาการ) ศูนย์รังสิต,E,4,ผู้เรียนมีความเคารพในสิทธิและรับฟังความคิดเห็นของผู้อื่น
db314 - plo.csv,ศศ.บ. (สหวิทยาการ) ศูนย์รังสิต,C,1,ผู้เรียนสามารถให้ความช่วยเหลือและอำนวยความสะดวกแก่การแก้ปัญหาสถานการณ์ต่าง ๆ ในกลุ่มทั้งในบทบาทของผู้นำหรือผู้ตาม
db314 - plo.csv,ศศ.บ. (สหวิทยาการ) ศูนย์รังสิต,C,2,ผู้เรียนมีความรับผิดชอบในการกระทำทั้งต่อตนเองและต่อส่วนรวม
db314 - plo.csv,ศศ.บ. (สหวิทยาการ) ศูนย์รังสิต,C,3,ผู้เรียนสามารถเป็นผู้ริเริ่มนำเสนอประเด็นในการแก้ไขสถานการณ์ทั้งส่วนตัวและส่วนรวม พร้อมทั้งแสดงจุดยืนอย่างพอเหมาะทั้งของตนเองและของกลุ่ม
db314 - plo.csv,ศศ.บ. (สหวิทยาการ) ศูนย์รังสิต,C,4,ผู้เรียนมีความรับผิดชอบในการพัฒนาการเรียนรู้ทั้งของตนเองและทางวิชาชีพอย่างต่อเนื่อง
db314 - plo.csv,ศศ.บ. (สหวิทยาการ) ศูนย์รังสิต,C,5,ผู้เรียนสามารถปรับตัวเข้ากับสถานการณ์และวัฒนธรรมองค์กรที่ไปปฏิบัติงานได้เป็นอย่างดี และมีมนุษยสัมพันธ์ที่ดีกับผู้ร่วมงานในองค์กรและกับบุคคลทั่วไป
db314 - plo.csv,วท.บ. (วิทยาศาสตร์และนวัตกรรมข้อมูล),K,1,บัณฑิตสามารถประยุกต์ใช้ความรู้ทางวิทยาศาสตร์ข้อมูล คณิตศาสตร์ คอมพิวเตอร์ สถิติ และธุรกิจ ในการแก้ปัญหาเกี่ยวกับการวิเคราะห์ข้อมูลและบริหารจัดการข้อมูลได้
db314 - plo.csv,วท.บ. (วิทยาศาสตร์และนวัตกรรมข้อมูล),K,2,บัณฑิตมีทักษะการวิเคราะห์ข้อมูลและบริหารจัดการข้อมูลที่ปฏิบัติได้จริง และมีดุลยพินิจในการเลือกใช้ วิธีการแก้ปัญหาที่เหมาะสมกับโจทย์ปัญหาได้
db314 - plo.csv,วท.บ. (วิทยาศาสตร์และนวัตกรรมข้อมูล),K,3,บัณฑิตสามารถประยุกต์ใช้องค์ความรู้การวิเคราะห์และบริหารจัดการข้อมูล และมีทัศนคติที่ดีต่อการ ปฏิบัติงานอย่างมีประสิทธิภาพ
db314 - plo.csv,วท.บ. (วิทยาศาสตร์และนวัตกรรมข้อมูล),S,1,บัณฑิตมีทักษะการวิเคราะห์ข้อมูลและบริหารจัดการข้อมูลที่ปฏิบัติได้จริง และมีดุลยพินิจในการเลือกใช้ วิธีแก้ปัญหาที่เหมาะสมกับโจทย์ปัญหาได้
db314 - plo.csv,วท.บ. (วิทยาศาสตร์และนวัตกรรมข้อมูล),S,2,บัณฑิตสามารถประยุกต์ใช้องค์ความรู้การวิเคราะห์และบริหารจัดการข้อมูล และมีทัศนคติที่ดีต่อการ ปฏิบัติงานอย่างมีประสิทธิภาพ
db314 - plo.csv,วท.บ. (วิทยาศาสตร์และนวัตกรรมข้อมูล),S,3,บัณฑิตสามารถสื่อสารเกี่ยวกับวิชาชีพในระดับนานาชาติได้ ทั้งในเชิงเทคนิคและเชิงธุรกิจ
db314 - plo.csv,วท.บ. (วิทยาศาสตร์และนวัตกรรมข้อมูล),E,1,บัณฑิตสามารถทำงานร่วมกับผู้อื่นได้โดยยึดมั่นในจริยธรรม และปฏิบัติตามจริยธรรมข้อมูลและ ปัญญาประดิษฐ์ เพื่อประโยชน์ของส่วนรวมที่ยั่งยืน
db314 - plo.csv,วท.บ. (วิทยาศาสตร์และนวัตกรรมข้อมูล),C,1,บัณฑิตสามารถประยุกต์ใช้องค์ความรู้การวิเคราะห์และบริหารจัดการข้อมูล และมีทัศนคติที่ดีต่อการ ปฏิบัติงานอย่างมีประสิทธิภาพ
db314 - plo.csv,วท.บ. (วิทยาศาสตร์และนวัตกรรมข้อมูล),C,2,บัณฑิตสามารถแสวงหาความรู้ตลอดชีวิต เพื่อการปรับตัว และรองรับต่อการเปลี่ยนแปลงของเทคโนโลยี ด้านวิทยาศาสตร์ข้อมูล
db314 - plo.csv,ศศ.บ. (ปรัชญา การเมือง และเศรษฐศาสตร์) นานาชาติ,K,1,นักศึกษามีความความรู้ความเข้าใจด้านปรัชญา การเมือง และเศรษฐศาสตร์ สิทธิมนุษยชน ความสัมพันธ์ระหว่างเศรษฐกิจและการเมือง ทั้งทางด้านแนวคิด ทฤษฎี และวิธีการศึกษา ในบริบทของประเทศไทยและต่างประเทศ
db314 - plo.csv,ศศ.บ. (ปรัชญา การเมือง และเศรษฐศาสตร์) นานาชาติ,K,2,ผู้เรียนสามารถบูรณาการความรู้เพื่อวิเคราะห์ปัญหา และประยุกต์ใช้ทั้งทฤษฎีและเครื่องมือที่เหมาะสมกับการแก้ไขปัญหา
db314 - plo.csv,ศศ.บ. (ปรัชญา การเมือง และเศรษฐศาสตร์) นานาชาติ,K,3,นักศึกษาสามารถเข้าใจ และวิเคราะห์ข้อมูลสถานการณ์ทางเศรษฐกิจ การเมือง และสังคม พร้อมเสนอแนะนโยบายได้อย่างเหมาะสม
db314 - plo.csv,ศศ.บ. (ปรัชญา การเมือง และเศรษฐศาสตร์) นานาชาติ,S,1,ผู้เรียนสามารถคิดเชิงวิพากษ์และคิดอย่างมีวิจารณญาณ
db314 - plo.csv,ศศ.บ. (ปรัชญา การเมือง และเศรษฐศาสตร์) นานาชาติ,S,2,ผู้เรียนสามารถแสดงข้อโต้แย้งอย่างมีเหตุผลและสามารถสื่อสารชุดเหตุผลของตนเองได้อย่างน่าเชื่อถือ
db314 - plo.csv,ศศ.บ. (ปรัชญา การเมือง และเศรษฐศาสตร์) นานาชาติ,S,3,สามารถใช้เครื่องมือ เช่น ทฤษฎี ชุดวิธีคิด ระเบียบวิธีวิจัย นวัตกรรม ฯลฯ ที่เหมาะสมในการแก้ไขปัญหาโดยการบูรณาการศาสตร์
db314 - plo.csv,ศศ.บ. (ปรัชญา การเมือง และเศรษฐศาสตร์) นานาชาติ,S,4,ผู้เรียนสามารถทำงานร่วมกับผู้อื่นโดยเฉพาะในบริบทที่แตกต่างหลากหลายเพื่อสร้างองค์ความรู้ได้
db314 - plo.csv,ศศ.บ. (ปรัชญา การเมือง และเศรษฐศาสตร์) นานาชาติ,E,1,มีความซื่อสัตย์ และจริยธรรมในการศึกษาวิจัย
db314 - plo.csv,ศศ.บ. (ปรัชญา การเมือง และเศรษฐศาสตร์) นานาชาติ,E,2,นักศึกษามีจิตสำนึกด้านการเคารพกฎหมาย และสามารถปฏิบัติตามกฎ กติกา ของสังคมอย่างมีประสิทธิภาพ
db314 - plo.csv,ศศ.บ. (ปรัชญา การเมือง และเศรษฐศาสตร์) นานาชาติ,E,3,นักศึกษามีจิตสาธารณะ ตระหนักถึงปัญหาสังคม ในระดับท้องถิ่นและระดับโลก
db314 - plo.csv,ศศ.บ. (ปรัชญา การเมือง และเศรษฐศาสตร์) นานาชาติ,C,1,มีความใฝ่รู้ มีความกล้าแสดงออก
db314 - plo.csv,ศศ.บ. (ปรัชญา การเมือง และเศรษฐศาสตร์) นานาชาติ,C,2,ผู้เรียนมีวิจารณญาณในการรับ วิเคราะห์ และส่งต่อข้อมูลอย่างน่าเชื่อถือ
db314 - plo.csv,ศศ.บ. (ปรัชญา การเมือง และเศรษฐศาสตร์) นานาชาติ,C,3,ผู้เรียนมีความคิดเป็นระบบ มีเหตุผล และเป็นสากล
db314 - plo.csv,ศศ.บ. (ปรัชญา การเมือง และเศรษฐศาสตร์) นานาชาติ,C,4,ผู้เรียนมีการรู้การสื่อสาร การรู้สังคม มีความเชื่อมั่นแต่ขณะเดียวกันยอมรับความแตกต่างในสังคมทั้งในระดับท้องถิ่นและในระดับโลก
db314 - plo.csv,ศศ.บ. (ปรัชญา การเมือง และเศรษฐศาสตร์) ศูนย์ลำปาง,K,1,นักศึกษามีความความรู้ความเข้าใจด้านปรัชญา การเมือง และเศรษฐศาสตร์ สิทธิมนุษยชน ความสัมพันธ์ระหว่างเศรษฐกิจและการเมือง ทั้งทางด้านแนวคิด ทฤษฎี และวิธีการศึกษา ในบริบทของประเทศไทยและต่างประเทศ
db314 - plo.csv,ศศ.บ. (ปรัชญา การเมือง และเศรษฐศาสตร์) ศูนย์ลำปาง,K,2,ผู้เรียนสามารถบูรณาการความรู้เพื่อวิเคราะห์ปัญหา และประยุกต์ใช้ทั้งทฤษฎีและเครื่องมือที่เหมาะสมกับการแก้ไขปัญหา
db314 - plo.csv,ศศ.บ. (ปรัชญา การเมือง และเศรษฐศาสตร์) ศูนย์ลำปาง,K,3,นักศึกษาสามารถเข้าใจ และวิเคราะห์ข้อมูลสถานการณ์ทางเศรษฐกิจ การเมือง และสังคม พร้อมเสนอแนะนโยบายได้อย่างเหมาะสม
db314 - plo.csv,ศศ.บ. (ปรัชญา การเมือง และเศรษฐศาสตร์) ศูนย์ลำปาง,S,1,ผู้เรียนสามารถคิดเชิงวิพากษ์และคิดอย่างมีวิจารณญาณ
db314 - plo.csv,ศศ.บ. (ปรัชญา การเมือง และเศรษฐศาสตร์) ศูนย์ลำปาง,S,2,ผู้เรียนสามารถแสดงข้อโต้แย้งให้อย่างมีเหตุผลและสามารถสื่อสารชุดเหตุผลของตนเองได้อย่างน่าเชื่อถือ
db314 - plo.csv,ศศ.บ. (ปรัชญา การเมือง และเศรษฐศาสตร์) ศูนย์ลำปาง,S,3,สามารถใช้เครื่องมือที่เหมาะสมในการแก้ไขปัญหาโดยการบูรณาการศาสตร์
db314 - plo.csv,ศศ.บ. (ปรัชญา การเมือง และเศรษฐศาสตร์) ศูนย์ลำปาง,S,4,ผู้เรียนสามารถทำงานร่วมกับผู้อื่นเพื่อสร้างองค์ความรู้ได้
db314 - plo.csv,ศศ.บ. (ปรัชญา การเมือง และเศรษฐศาสตร์) ศูนย์ลำปาง,E,1,มีความซื่อสัตย์ และจริยธรรมในการศึกษาวิจัย
db314 - plo.csv,ศศ.บ. (ปรัชญา การเมือง และเศรษฐศาสตร์) ศูนย์ลำปาง,E,2,นักศึกษามีจิตสำนึกด้านการเคารพกฎหมาย และสามารถปฏิบัติตามกฎ กติกา ของสังคม อย่างมีประสิทธิภาพ
db314 - plo.csv,ศศ.บ. (ปรัชญา การเมือง และเศรษฐศาสตร์) ศูนย์ลำปาง,E,3,นักศึกษามีจิตสาธารณะ ตระหนักถึงปัญหาสังคม
db314 - plo.csv,ศศ.บ. (ปรัชญา การเมือง และเศรษฐศาสตร์) ศูนย์ลำปาง,C,1,มีความใฝ่รู้ มีความกล้าแสดงออก
db314 - plo.csv,ศศ.บ. (ปรัชญา การเมือง และเศรษฐศาสตร์) ศูนย์ลำปาง,C,2,ผู้เรียนมีวิจารณญาณในการรับ วิเคราะห์ และส่งต่อข้อมูลอย่างน่าเชื่อถือ
db314 - plo.csv,ศศ.บ. (ปรัชญา การเมือง และเศรษฐศาสตร์) ศูนย์ลำปาง,C,3,ผู้เรียนมีความคิดเป็นระบบ มีเหตุผล
db314 - plo.csv,ศศ.บ. (ปรัชญา การเมือง และเศรษฐศาสตร์) ศูนย์ลำปาง,C,4,ผู้เรียนมีการรู้การสื่อสาร การรู้สังคม มีความเชื่อมั่นแต่ขณะเดียวกันยอมรับความแตกต่าง ในสังคม
db314 - plo.csv,ศศ.บ. (สหวิทยาการ) ศูนย์ลำปาง,K,1,ผู้เรียนมีความรู้ในเชิงสหวิทยาการ ทั้งภาคทฤษฎีและภาคปฏิบัติ
db314 - plo.csv,ศศ.บ. (สหวิทยาการ) ศูนย์ลำปาง,K,2,ผู้เรียนมีความรู้เกี่ยวกับกระบวนการวิจัยในการสร้างองค์ความรู้และแก้ไขปัญหา
db314 - plo.csv,ศศ.บ. (สหวิทยาการ) ศูนย์ลำปาง,S,1,ผู้เรียนสามารถสืบค้น ตีความ และประเมินสารสนเทศ เพื่อใช้ในการทำความเข้าใจปรากฏการณ์หรือแก้ไขปัญหาอย่างสร้างสรรค์
db314 - plo.csv,ศศ.บ. (สหวิทยาการ) ศูนย์ลำปาง,S,2,ผู้เรียนสามารถคิดวิเคราะห์เชื่อมโยงและบูรณาการศาสตร์ต่าง ๆ ที่เกี่ยวข้อง อย่างเป็นระบบ
db314 - plo.csv,ศศ.บ. (สหวิทยาการ) ศูนย์ลำปาง,S,3,ผู้เรียนสามารถประยุกต์ความรู้และทักษะเพื่อใช้ในการทำงานและการแก้ไขปัญหาได้อย่างเหมาะสม
db314 - plo.csv,ศศ.บ. (สหวิทยาการ) ศูนย์ลำปาง,S,4,ผู้เรียนสามารถใช้เทคโนโลยีสารสนเทศในการติดต่อสื่อสาร การศึกษาค้นคว้า และการนำเสนอข้อมูลได้อย่างมีประสิทธิภาพ
db314 - plo.csv,ศศ.บ. (สหวิทยาการ) ศูนย์ลำปาง,S,5,ผู้เรียนสามารถใช้เทคนิคพื้นฐานทางคณิตศาสตร์ สถิติ และคอมพิวเตอร์ในการประมวลผลการแปลความหมาย และการวิเคราะห์ข้อมูล
db314 - plo.csv,ศศ.บ. (สหวิทยาการ) ศูนย์ลำปาง,S,6,สามารถใช้ภาษาต่างประเทศในการฟัง การพูด การอ่าน และการเขียน อย่างมีประสิทธิภาพ
db314 - plo.csv,ศศ.บ. (สหวิทยาการ) ศูนย์ลำปาง,E,1,ผู้เรียนมีวินัย มีความตรงต่อเวลา ปฏิบัติตามกฎระเบียบและข้อบังคับขององค์กรและสังคม
db314 - plo.csv,ศศ.บ. (สหวิทยาการ) ศูนย์ลำปาง,E,2,ผู้เรียนมีความซื่อสัตย์สุจริต และคำนึงถึงผลประโยชน์ส่วนรวมมากกว่าผลประโยชน์ส่วนตน
db314 - plo.csv,ศศ.บ. (สหวิทยาการ) ศูนย์ลำปาง,E,3,ผู้เรียนมีความรับผิดชอบในหน้าที่ เป็นสมาชิกที่ดีของสังคม และมีส่วนร่วมในกิจกรรมสาธารณะ
db314 - plo.csv,ศศ.บ. (สหวิทยาการ) ศูนย์ลำปาง,E,4,ผู้เรียนมีความเคารพในสิทธิและรับฟังความคิดเห็นของผู้อื่น
db314 - plo.csv,ศศ.บ. (สหวิทยาการ) ศูนย์ลำปาง,C,1,ผู้เรียนสามารถให้ความช่วยเหลือและอำนวยความสะดวกแก่การแก้ปัญหาสถานการณ์ต่าง ๆ ในกลุ่มทั้งในบทบาทของผู้นำหรือผู้ตาม
db314 - plo.csv,ศศ.บ. (สหวิทยาการ) ศูนย์ลำปาง,C,2,ผู้เรียนมีความรับผิดชอบในการกระทำทั้งต่อตนเองและต่อส่วนรวม
db314 - plo.csv,ศศ.บ. (สหวิทยาการ) ศูนย์ลำปาง,C,3,ผู้เรียนสามารถเป็นผู้ริเริ่มนำเสนอประเด็นในการแก้ไขสถานการณ์ทั้งส่วนตัวและส่วนรวม พร้อมทั้งแสดงจุดยืนอย่างพอเหมาะทั้งของตนเองและของกลุ่ม
db314 - plo.csv,ศศ.บ. (สหวิทยาการ) ศูนย์ลำปาง,C,4,ผู้เรียนมีความรับผิดชอบในการพัฒนาการเรียนรู้ทั้งของตนเองและทางวิชาชีพอย่างต่อเนื่อง
db314 - plo.csv,ศศ.บ. (สหวิทยาการ) ศูนย์ลำปาง,C,5,ผู้เรียนสามารถปรับตัวเข้ากับสถานการณ์และวัฒนธรรมองค์กรที่ไปปฏิบัติงานได้เป็นอย่างดี และมีมนุษยสัมพันธ์ที่ดีกับผู้ร่วมงานในองค์กรและกับบุคคลทั่วไป
db314 - plo.csv,วทบ-นวัตกรรมบริการ66,K,1,มีความรู้อย่างกว้างขวางในหลักการพื้นฐานและทฤษฎีองค์ความรู้ที่เกี่ยวข้อง
db314 - plo.csv,วทบ-นวัตกรรมบริการ66,K,2,สามารถนำความรู้หลักการและทฤษฎีไปประยุกต์ใช้ได้อย่างเหมาะสม
db314 - plo.csv,วทบ-นวัตกรรมบริการ66,K,3,สามารถวิเคราะห์อย่างเป็นระบบเพื่อการพัฒนาและแข่งขันในระบบชาติและนานาชาติ
db314 - plo.csv,วทบ-นวัตกรรมบริการ66,K,4,สามารถบูรณาการความรู้ที่เกี่ยวข้องผ่านงานวิจัยเพื่อออกแบบนวัตกรรมการบริการได้อย่างเหมาะสม
db314 - plo.csv,วทบ-นวัตกรรมบริการ66,S,1,สามารถประยุกต์ใช้ทักษะทางด้านนวัตกรรมการบริการได้อย่างเหมาะสม
db314 - plo.csv,วทบ-นวัตกรรมบริการ66,S,2,สามารถออกแบบและวิเคราะห์ปัญหาโจทย์การวิจัยที่เกี่ยวกับนวัตกรรมบริการและ เสนอแนะวิธีการแก้ไขและผลการตัดสินใจได้อย่างเหมาะสม
db314 - plo.csv,วทบ-นวัตกรรมบริการ66,S,3,สามารถวิเคราะห์ปัญหา ประเมินสถานการณ์ และสร้างความสามารถในการแข่งขันสำหรับธุรกิจบริการ และธุรกิจลักชูรี่
db314 - plo.csv,วทบ-นวัตกรรมบริการ66,S,4,มีความสามารถในการใช้เทคโนโลยีสารสนเทศในการวิเคราะห์และออกแบบการนำเสนอข้อมูลได้อย่างมีประสิทธิผล
db314 - plo.csv,วทบ-นวัตกรรมบริการ66,S,5,สามารถวิเคราะห์ข้อมูลด้านการเงินและสภาวะเศรษฐกิจเพื่อประกอบการตัดสินใจได้อย่างมีประสิทธิภาพ
db314 - plo.csv,วทบ-นวัตกรรมบริการ66,S,6,สามารถประยุกต์ใช้การสื่อสารได้อย่างมืออาชีพทั้งในด้านของการเขียนและการพูดโดยใช้เทคโนโลยีที่เหมาะสม
db314 - plo.csv,วทบ-นวัตกรรมบริการ66,E,1,มีความเข้าใจและความตระหนักต่อการพัฒนาที่ยั่งยืน
db314 - plo.csv,วทบ-นวัตกรรมบริการ66,E,2,มีความรู้ ความเข้าใจถึงความสำคัญของความรับผิดชอบต่อตนเองและสังคม
db314 - plo.csv,วทบ-นวัตกรรมบริการ66,C,1,สร้างคุณค่าความเป็นผู้นำที่มีประสิทธิผลและมีทักษะในการทำงานเป็นทีม
db314 - plo.csv,วทบ-นวัตกรรมบริการ66,C,2,เข้าใจและตระหนักในเรื่องความแตกต่างของวัฒนธรรมที่สำคัญต่อการทำงานเป็นทีม
db314 - plo.csv,วทบ-นวัตกรรมบริการ66,C,3,มีทักษะและความรู้ในการจัดการกระบวนการทำงานกับผู้ที่มีส่วนเกี่ยวข้อง
db314 - plo.csv,ศศบ-การจัดการมรดกวัฒนธรรม-66,K,1,ผู้เรียนมีความรู้ ความเข้าใจเรื่องแนวคิด ทฤษฎี และหลักการด้านการจัดการทางวัฒนธรรม
db314 - plo.csv,ศศบ-การจัดการมรดกวัฒนธรรม-66,K,2,ผู้เรียนมีความรู้ ความเข้าใจเรื่องแนวคิดเชิงสร้างสรรค์ หรือการคิดในเชิงสร้างสรรค์
db314 - plo.csv,ศศบ-การจัดการมรดกวัฒนธรรม-66,K,3,ผู้เรียนมีความรู้ ความเข้าใจเรื่องการทำวิจัย
db314 - plo.csv,ศศบ-การจัดการมรดกวัฒนธรรม-66,K,4,ผู้เรียนมีความรู้ ความเข้าใจในการวางแผนกลยุทธ์การจัดการทางวัฒนธรรม
db314 - plo.csv,ศศบ-การจัดการมรดกวัฒนธรรม-66,K,5,ผู้เรียนมีความรู้ ความเข้าใจ และสามารถประยุกต์ใช้เทคโนโลยีในการจัดการทางวัฒนธรรม
db314 - plo.csv,ศศบ-การจัดการมรดกวัฒนธรรม-66,K,6,ผู้เรียนสามารถนำข้อมูลทางเศรษฐกิจที่เกี่ยวข้องกับการจัดการทางวัฒนธรรมมาวิเคราะห์เพื่อประยุกต์ใช้ในการจัดการทางวัฒนธรรมได้อย่างมีประสิทธิภาพ
db314 - plo.csv,ศศบ-การจัดการมรดกวัฒนธรรม-66,S,1,ผู้เรียนสามารถคิด วิเคราะห์ปัญหาภายใต้สถานการณ์ต่าง ๆ ได้อย่างสร้างสรรค์
db314 - plo.csv,ศศบ-การจัดการมรดกวัฒนธรรม-66,S,2,ผู้เรียนสามารถประเมินผลกระทบจากการดำเนินงานต่าง ๆ และสามารถนำความรู้มาประยุกต์ใช้ได้
db314 - plo.csv,ศศบ-การจัดการมรดกวัฒนธรรม-66,S,3,ผู้เรียนสามารถใช้ความรู้ในการแก้ไขปัญหาเฉพาะหน้าได้อย่างมีประสิทธิภาพ เหมาะสมกับสถานการณ์
db314 - plo.csv,ศศบ-การจัดการมรดกวัฒนธรรม-66,S,4,ผู้เรียนสามารถพัฒนาและสร้างสรรค์องค์ความรู้สหวิทยาการทางวัฒนธรรม
db314 - plo.csv,ศศบ-การจัดการมรดกวัฒนธรรม-66,S,5,ผู้เรียนสามารถวิเคราะห์ข้อมูลต่าง ๆ ด้านการเงินและการตลาดเพื่อประกอบการตัดสินใจในการดำเนินงานด้านการจัดการทางวัฒนธรรม
db314 - plo.csv,ศศบ-การจัดการมรดกวัฒนธรรม-66,S,6,ผู้เรียนสามารถประยุกต์ใช้เทคโนโลยีสารสนเทศเพื่อเป็นเครื่องมือในการจัดการและการสื่อสารข้อมูลต่าง ๆ ได้อย่างเหมาะสมและมีประสิทธิภาพ
db314 - plo.csv,ศศบ-การจัดการมรดกวัฒนธรรม-66,E,1,ผู้เรียนมีความรู้ ความเข้าใจเรื่องการอนุรักษ์ศิลปวัฒนธรรมอย่างยั่งยืน
db314 - plo.csv,ศศบ-การจัดการมรดกวัฒนธรรม-66,E,2,ผู้เรียนมีความรู้และตระหนักในความรับผิดชอบต่อสังคมและวัฒนธรรม
db314 - plo.csv,ศศบ-การจัดการมรดกวัฒนธรรม-66,C,1,ผู้เรียนมีภาวะความเป็นผู้นำและผู้ตามในกลุ่ม ตลอดจนการทำงานร่วมกันเป็นทีม สามารถทำงานร่วมกับผู้อื่นและมีมนุษยสัมพันธ์ที่ดีกับผู้ร่วมงาน
db314 - plo.csv,ศศบ-การจัดการมรดกวัฒนธรรม-66,C,2,ผู้เรียนมีความรับผิดชอบในการกระทำของตนเองและรับผิดชอบงานกลุ่ม
db314 - plo.csv,ศศบ-การจัดการมรดกวัฒนธรรม-66,C,3,ผู้เรียนมีความกล้าในการแสดงความคิดเห็นและการยอมรับความคิดเห็นของผู้อื่น
db314 - plo.csv,ศศบ-การจัดการมรดกวัฒนธรรม-66,C,4,ผู้เรียนสามารถใช้ทักษะทางการสื่อสารได้อย่างชัดเจนและมีประสิทธิภาพ
db314 - plo.csv,วทบ-นวัตกรรมการแปรรูปดิจิทัล66,K,1,มีความรู้ ความเข้าใจเรื่องแนวคิด ทฤษฎี และหลักการด้านนวัตกรรมดิจิทัล
db314 - plo.csv,วทบ-นวัตกรรมการแปรรูปดิจิทัล66,K,2,มีความรู้ ความเข้าใจเรื่องแนวคิดเชิงสร้างสรรค์ หรือการคิดในเชิงสร้างสรรค์
db314 - plo.csv,วทบ-นวัตกรรมการแปรรูปดิจิทัล66,K,3,มีความรู้ ความเข้าใจเรื่องการทำวิจัย
db314 - plo.csv,วทบ-นวัตกรรมการแปรรูปดิจิทัล66,K,4,มีความรู้ ความเข้าใจในการนำองค์กรดิจิทัล
db314 - plo.csv,วทบ-นวัตกรรมการแปรรูปดิจิทัล66,K,5,มีความรู้ ความเข้าใจ และสามารถประยุกต์ใช้เทคโนโลยีดิจิทัลในการสร้างความได้เปรียบ
db314 - plo.csv,วทบ-นวัตกรรมการแปรรูปดิจิทัล66,S,1,สามารถคิด วิเคราะห์ปัญหาภายใต้สถานการณ์ต่าง ๆ ได้อย่างสร้างสรรค์
db314 - plo.csv,วทบ-นวัตกรรมการแปรรูปดิจิทัล66,S,2,สามารถใช้ความรู้ในการแก้ไขปัญหาเฉพาะหน้าได้อย่างมีประสิทธิภาพ เหมาะสมกับสถานการณ์
db314 - plo.csv,วทบ-นวัตกรรมการแปรรูปดิจิทัล66,S,3,สามารถพัฒนาและสร้างสรรค์องค์ความรู้ด้านนวัตกรรมและการแปรรูปดิจิทัล
db314 - plo.csv,วทบ-นวัตกรรมการแปรรูปดิจิทัล66,S,4,สามารถนำข้อมูลทางที่เกี่ยวข้องมาวิเคราะห์เพื่อประยุกต์ใช้ในการจัดการทางดิจิทัลได้อย่างมีประสิทธิภาพ
db314 - plo.csv,วทบ-นวัตกรรมการแปรรูปดิจิทัล66,S,5,สามารถวิเคราะห์ข้อมูลต่าง ๆ ด้านการเงินและการตลาดเพื่อประกอบการตัดสินใจในการดำเนินงานด้านการจัดการทางดิจิทัล
db314 - plo.csv,วทบ-นวัตกรรมการแปรรูปดิจิทัล66,S,6,สามารถใช้ทักษะทางการสื่อสารได้อย่างชัดเจนและมีประสิทธิภาพ
db314 - plo.csv,วทบ-นวัตกรรมการแปรรูปดิจิทัล66,S,7,สามารถประยุกต์ใช้เทคโนโลยีสารสนเทศเพื่อเป็นเครื่องมือในการจัดการและการสื่อสารข้อมูลต่าง ๆ ได้อย่างเหมาะสมและมีประสิทธิภาพ
db314 - plo.csv,วทบ-นวัตกรรมการแปรรูปดิจิทัล66,E,1,มีความรู้ ความเข้าใจเรื่องผลกระทบของดิจิทัลต่อสังคม
db314 - plo.csv,วทบ-นวัตกรรมการแปรรูปดิจิทัล66,E,2,มีความรู้และตระหนักในความรับผิดชอบในการใช้เทคโนโลยีดิจิทัล
db314 - plo.csv,วทบ-นวัตกรรมการแปรรูปดิจิทัล66,C,1,มีภาวะความเป็นผู้นำและผู้ตามในกลุ่ม ตลอดจนการทำงานร่วมกันเป็นทีม
db314 - plo.csv,วทบ-นวัตกรรมการแปรรูปดิจิทัล66,C,2,สามารถทำงานร่วมกับผู้อื่นและมีมนุษยสัมพันธ์ที่ดีกับผู้ร่วมงาน
db314 - plo.csv,วทบ-นวัตกรรมการแปรรูปดิจิทัล66,C,3,มีความรับผิดชอบในการกระทำของตนเองและรับผิดชอบงานกลุ่ม
db314 - plo.csv,วทบ-นวัตกรรมการแปรรูปดิจิทัล66,C,4,มีความกล้าในการแสดงความคิดเห็นและการยอมรับความคิดเห็นของผู้อื่น
db314 - plo.csv,เศรษฐศาสตรบัณฑิต (นานาชาติ-ปรับปรุง 2566),K,1,สามารถวิเคราะห์และแก้ปัญหาโดยใช้ความรู้ทางทฤษฎีเศรษฐศาสตร์ และเครื่องมือทางเศรษฐศาสตร์ โดยสามารถนำความรู้ไปปรับใช้ในการทำงานได้
db314 - plo.csv,เศรษฐศาสตรบัณฑิต (นานาชาติ-ปรับปรุง 2566),K,2,สามารถใช้ความรู้สาขาเศรษฐศาสตร์กับความรู้ศาสตร์สาขาอื่น ๆ ที่เกี่ยวข้อง
db314 - plo.csv,เศรษฐศาสตรบัณฑิต (นานาชาติ-ปรับปรุง 2566),K,3,สามารถอธิบายพัฒนาการความรู้ทางเศรษฐศาสตร์ที่สะท้อนการเปลี่ยนแปลงทางสังคมเศรษฐกิจและความก้าวหน้าด้านเทคโนโลยี
db314 - plo.csv,เศรษฐศาสตรบัณฑิต (นานาชาติ-ปรับปรุง 2566),S,1,สามารถเลือกและประยุกต์ใช้เครื่องมือ หลักการและกระบวนการคิดทางเศรษฐศาสตร์อย่างเหมาะสมในการแก้ปัญหาในทางเศรษฐกิจและสังคม
db314 - plo.csv,เศรษฐศาสตรบัณฑิต (นานาชาติ-ปรับปรุง 2566),S,2,สามารถสื่อสารองค์ความรู้กับบุคคลที่หลากหลายได้
db314 - plo.csv,เศรษฐศาสตรบัณฑิต (นานาชาติ-ปรับปรุง 2566),S,3,สามารถเลือกและใช้เครื่องมือทางด้านดิจิทัลสำหรับรวบรวมข้อมูล วิธีการวิเคราะห์เชิงสถิติและนำเสนอได้
db314 - plo.csv,เศรษฐศาสตรบัณฑิต (นานาชาติ-ปรับปรุง 2566),E,1,แสดงออกถึงความซื่อสัตย์ทางวิชาการ และเคารพเสรีภาพทางวิชาการ
db314 - plo.csv,เศรษฐศาสตรบัณฑิต (นานาชาติ-ปรับปรุง 2566),E,2,แสดงออกถึงการเคารพกฎระเบียบของสังคม และจริยธรรมและจรรยาบรรณวิชาการหรือวิชาชีพ
db314 - plo.csv,เศรษฐศาสตรบัณฑิต (นานาชาติ-ปรับปรุง 2566),E,3,ตระหนักถึงมิติเชิงจริยธรรมในการตัดสินใจทางเศรษฐกิจและออกแบบนโยบาย ในประเด็นผลกระทบทางสังคม ผลต่อการกระจายทรัพยากร และความยั่งยืน โดยมุ่งเน้นความรับผิดชอบต่อสังคม
db314 - plo.csv,เศรษฐศาสตรบัณฑิต (นานาชาติ-ปรับปรุง 2566),C,1,แสดงออกถึงคุณลักษณะของบัณฑิตที่สอดคล้องแนวทาง GREATS
db314 - plo.csv,เศรษฐศาสตรบัณฑิต (นานาชาติ-ปรับปรุง 2566),C,2,แสดงออกถึงการใฝ่เรียนรู้ มีความคิดริเริ่มสร้างสรรค์ ยอมรับความเห็นที่แตกต่าง มีการวางแผนอย่างเป็นระบบที่น่าเชื่อถือ และพัฒนาตัวเองอย่างต่อเนื่อง
db314 - plo.csv,เศรษฐศาสตรบัณฑิต (ปรับปรุง 2566),K,1,สามารถวิเคราะห์และแก้ปัญหาโดยใช้ความรู้ทางทฤษฎีเศรษฐศาสตร์ และเครื่องมือทางเศรษฐศาสตร์ โดยสามารถนำความรู้ไปปรับใช้ในการทำงานได้
db314 - plo.csv,เศรษฐศาสตรบัณฑิต (ปรับปรุง 2566),K,2,สามารถใช้ความรู้สาขาเศรษฐศาสตร์กับความรู้ศาสตร์สาขาอื่น ๆ ที่เกี่ยวข้อง
db314 - plo.csv,เศรษฐศาสตรบัณฑิต (ปรับปรุง 2566),K,3,สามารถอธิบายพัฒนาการความรู้ทางเศรษฐศาสตร์ที่สะท้อนการเปลี่ยนแปลงทางสังคมเศรษฐกิจและความก้าวหน้าด้านเทคโนโลยี
db314 - plo.csv,เศรษฐศาสตรบัณฑิต (ปรับปรุง 2566),S,1,สามารถเลือกและประยุกต์ใช้เครื่องมือ หลักการและกระบวนการคิดทางเศรษฐศาสตร์อย่างเหมาะสมในการแก้ปัญหาในทางเศรษฐกิจและสังคม
db314 - plo.csv,เศรษฐศาสตรบัณฑิต (ปรับปรุง 2566),S,2,สามารถสื่อสารองค์ความรู้กับบุคคลที่หลากหลายได้
db314 - plo.csv,เศรษฐศาสตรบัณฑิต (ปรับปรุง 2566),S,3,สามารถเลือกและใช้เครื่องมือทางด้านดิจิทัลส าหรับรวบรวมข้อมูล วิธีการวิเคราะห์เชิงสถิติและนำเสนอได้
db314 - plo.csv,เศรษฐศาสตรบัณฑิต (ปรับปรุง 2566),E,1,แสดงออกถึงความซื่อสัตย์ทางวิชาการ และเคารพเสรีภาพทางวิชาการ
db314 - plo.csv,เศรษฐศาสตรบัณฑิต (ปรับปรุง 2566),E,2,แสดงออกถึงการเคารพกฎระเบียบของสังคม และจริยธรรมและจรรยาบรรณวิชาการหรือวิชาชีพ
db314 - plo.csv,เศรษฐศาสตรบัณฑิต (ปรับปรุง 2566),E,3,ตระหนักถึงมิติเชิงจริยธรรมในการตัดสินใจทางเศรษฐกิจและออกแบบนโยบาย ในประเด็นผลกระทบทางสังคม ผลต่อการกระจายทรัพยากร แลความยั่งยืน โดยมุ่งเน้นความรับผิดชอบต่อสังคม
db314 - plo.csv,เศรษฐศาสตรบัณฑิต (ปรับปรุง 2566),C,1,แสดงออกถึงคุณลักษณะของบัณฑิตที่สอดคล้องแนวทาง GREATS
db314 - plo.csv,เศรษฐศาสตรบัณฑิต (ปรับปรุง 2566),C,2,แสดงออกถึงการใฝ่เรียนรู้ มีความคิดริเริ่มสร้างสรรค์ ยอมรับความเห็นที่แตกต่าง มีการวางแผนอย่างเป็นระบบที่น่าเชื่อถือ และพัฒนาตัวเองอย่างต่อเนื่อง
db314 - plo.csv,ศป.บ.ศิลปะการออกแบบพัสตราภรณ์(ปรับปรุง2566),K,1,ผู้เรียนมีความรอบรู้ในศาสตร์ทางศิลปกรรม การออกแบบและศาสตร์ที่เกี่ยวข้อง
db314 - plo.csv,ศป.บ.ศิลปะการออกแบบพัสตราภรณ์(ปรับปรุง2566),K,2,ผู้เรียนมีความสามารถในการค้นคว้าแก้ปัญหาและพัฒนางานด้านศิลปะและการออกแบบอย่างเป็นระบบ
db314 - plo.csv,ศป.บ.ศิลปะการออกแบบพัสตราภรณ์(ปรับปรุง2566),K,3,ผู้เรียนมีความรู้ทางศิลปะ ที่สัมพันธ์กับบริบททางสังคม ภูมิปัญญาและวัฒนธรรม
db314 - plo.csv,ศป.บ.ศิลปะการออกแบบพัสตราภรณ์(ปรับปรุง2566),K,4,ผู้เรียนมีความรู้เกี่ยวกับมาตรฐาน ธรรมเนียมปฏิบัติในการประกอบวิชาชีพด้านศิลปะและการออกแบบ
db314 - plo.csv,ศป.บ.ศิลปะการออกแบบพัสตราภรณ์(ปรับปรุง2566),S,1,ผู้เรียนสามารถค้นคว้า รวบรวมและประเมินข้อมูลจากแหล่งข้อมูลที่หลากหลายอย่างมีวิจารณญาณ
db314 - plo.csv,ศป.บ.ศิลปะการออกแบบพัสตราภรณ์(ปรับปรุง2566),S,2,ผู้เรียนสามารถวิเคราะห์ สังเคราะห์ และเสนอแนะแนวทางการแก้ไขปัญหาได้อย่างสร้างสรรค์
db314 - plo.csv,ศป.บ.ศิลปะการออกแบบพัสตราภรณ์(ปรับปรุง2566),S,3,ผู้เรียนสามารถบูรณาการความรู้ทางศิลปะและการออกแบบกับศาสตร์อื่นเพื่อสร้างสรรค์ผลงานทางวิชาการและวิชาชีพได้
db314 - plo.csv,ศป.บ.ศิลปะการออกแบบพัสตราภรณ์(ปรับปรุง2566),S,4,ผู้เรียนมีความคิดสร้างสรรค์ และสามารถใช้เทคโนโลยีและดิจิทัลในการสร้างสรรค์ผลงาน
db314 - plo.csv,ศป.บ.ศิลปะการออกแบบพัสตราภรณ์(ปรับปรุง2566),E,1,ผู้เรียนมีความคุณธรรม จริยธรรม ซื่อสัตย์สุจริต มีวินัยและมีความรับผิดชอบต่อตนเองและสังคม
db314 - plo.csv,ศป.บ.ศิลปะการออกแบบพัสตราภรณ์(ปรับปรุง2566),E,2,ผู้เรียนมีทัศนคติที่เปิดกว้าง
db314 - plo.csv,ศป.บ.ศิลปะการออกแบบพัสตราภรณ์(ปรับปรุง2566),E,3,ผู้เรียนมีจิตอาสา จิตสำนึกสาธารณะ
db314 - plo.csv,ศป.บ.ศิลปะการออกแบบพัสตราภรณ์(ปรับปรุง2566),C,1,ผู้เรียนมีภาวะผู้นำ เข้าใจบทบาท หน้าที่ของตนเองและสามารถประยุกต์ใช้ศิลปะและการออกแบบในบริบททางสังคมและการเปลี่ยนแปลง
db314 - plo.csv,ศป.บ.ศิลปะการออกแบบพัสตราภรณ์(ปรับปรุง2566),C,2,ผู้เรียนมีความรับผิดชอบต่องานของตนเองและสามารถทำงานร่วมกับผู้อื่นได้อย่างมีประสิทธิภาพ
db314 - plo.csv,ศป.บ.ศิลปะการออกแบบพัสตราภรณ์(ปรับปรุง2566),C,3,ผู้เรียนสามารถแสดงความคิดเห็นอย่างมีเหตุผลและเคารพในความคิดเห็นที่แตกต่าง
db314 - plo.csv,ศป.บ.ออกแบบหัตถอุตสาหกรรมสร้างสรรค์(ใหม่2569),PLOs,1,หลักการ ทฤษฎี องค์ความรู้ทางศิลปกรรมและการออกแบบ
db314 - plo.csv,ศป.บ.ออกแบบหัตถอุตสาหกรรมสร้างสรรค์(ใหม่2569),PLOs,2,การคิดเชิงวิเคราะห์ การสังเคราะห์และแก้ปัญหาในกระบวนการสร้างสรรค์ออกแบบ
db314 - plo.csv,ศป.บ.ออกแบบหัตถอุตสาหกรรมสร้างสรรค์(ใหม่2569),PLOs,3,สร้างสรรค์ผลงานศิลปะและออกแบบ
db314 - plo.csv,ศป.บ.ออกแบบหัตถอุตสาหกรรมสร้างสรรค์(ใหม่2569),PLOs,4,ประยุกต์ใช้เทคโนโลยี อุปกรณ์และเครื่องมือร่วมสมัยอย่างก้าวหน้าในงานศิลปะและออกแบบ
db314 - plo.csv,ศป.บ.ออกแบบหัตถอุตสาหกรรมสร้างสรรค์(ใหม่2569),PLOs,5,ความสามารถในการสื่อสาร ถ่ายทอดและการนำเสนอผลงาน
db314 - plo.csv,ศป.บ.ออกแบบหัตถอุตสาหกรรมสร้างสรรค์(ใหม่2569),PLOs,6,ความรับผิดชอบ จริยธรรมและจรรยาบรรณในวิชาชีพงานออกแบบ
db314 - plo.csv,ศป.บ.ออกแบบหัตถอุตสาหกรรมสร้างสรรค์(ใหม่2569),K,1,"การจัดการเรียนรู้แบบบรรยาย การอภิปรายกลุ่มย่อย การเรียนรู้ผ่านระบบออนไลน์ การให้คําแนะนําโดย
อาจารย์ผู้สอน"
db314 - plo.csv,ศป.บ.ออกแบบหัตถอุตสาหกรรมสร้างสรรค์(ใหม่2569),K,2,การจัดการเรียนรู้แบบสาธิต กิจกรรมการเรียนรู้โดยใช้กรณีศึกษาหรือสถานการณ์จําลอง
db314 - plo.csv,ศป.บ.ออกแบบหัตถอุตสาหกรรมสร้างสรรค์(ใหม่2569),K,3,การจัดการเรียนรู้ที่เน้นกระบวนการ (Project-based Learning)
db314 - plo.csv,ศป.บ.ออกแบบหัตถอุตสาหกรรมสร้างสรรค์(ใหม่2569),K,4,การเรียนรู้ผ่านงานที่ได้รับมอบหมาย (Assignment-based Learning)
db314 - plo.csv,ศป.บ.ออกแบบหัตถอุตสาหกรรมสร้างสรรค์(ใหม่2569),K,5,การเรียนรู้ผ่านการปฏิบัติงานภาคสนามและศึกษาดูงาน (Field Trip Learning)
db314 - plo.csv,ศป.บ.ออกแบบหัตถอุตสาหกรรมสร้างสรรค์(ใหม่2569),A,1,มีความรับผิดชอบต่องานที่ได้รับมอบหมาย ตรงต่อเวลาและคํานึงถึงความปลอดภัยในการปฏิบัติงาน
db314 - plo.csv,ศป.บ.ออกแบบหัตถอุตสาหกรรมสร้างสรรค์(ใหม่2569),A,2,มีคุณธรรม จริยธรรม ซื่อสัตย์สุจริต
db314 - plo.csv,ศป.บ.ออกแบบหัตถอุตสาหกรรมสร้างสรรค์(ใหม่2569),A,3,"ตระหนักในคุณค่าของผลงานและไม่ละเมิดทรัพย์สินทางปัญญา ไม่คัดลอกผลงานทางวิชาการและงาน
ออกแบบของผู้อื่น"
db314 - plo.csv,ศป.บ.ออกแบบหัตถอุตสาหกรรมสร้างสรรค์(ใหม่2569),A,4,ให้ความเคารพต่อวัฒนธรรม ภูมิปัญญาและธรรมเนียมปฏิบัติเชิงช่างศิลปกรรม
db314 - plo.csv,ศป.บ.ออกแบบหัตถอุตสาหกรรมสร้างสรรค์(ใหม่2569),A,5,สามารถทํางานร่วมกับผู้อื่นได้ มีความเป็นผู้นําและผู้ตามที่ดี
db314 - plo.csv,ศป.บ.ออกแบบหัตถอุตสาหกรรมสร้างสรรค์(ใหม่2569),A,6,รับฟังความคิดเห็นและทัศนะที่แตกต่างได้
db314 - plo.csv,ศป.บ.ออกแบบหัตถอุตสาหกรรมสร้างสรรค์(ใหม่2569),A,7,มีมนุษย์สัมพันธ์ที่ดี
db314 - plo.csv,ศป.บ.ออกแบบหัตถอุตสาหกรรมสร้างสรรค์(ใหม่2569),S,1,"จัดการเรียนรู้โดยเน้นผู้เรียนเป็นสําคัญ โดยการฝึกให้ผู้เรียนแสวงหาความรู้ กระบวนการคิดสร้างสรรค์
ส่งเสริมให้มีการสะท้อนคิดโดยอาจารย์ผู้สอนให้คําแนะนํา"
db314 - plo.csv,ศป.บ.ออกแบบหัตถอุตสาหกรรมสร้างสรรค์(ใหม่2569),S,2,ผู้เรียนสามารถวิเคราะห์ สังเคราะห์ และเสนอแนวทางในการสร้างสรรค์ได้
db314 - plo.csv,ศป.บ.ออกแบบหัตถอุตสาหกรรมสร้างสรรค์(ใหม่2569),S,3,ผู้เรียนสามารถบูรณาการความรู้ทางศิลปะและออกแบบร่วมกับเทคโนโลยีและศาสตร์อื่น
db314 - plo.csv,ศป.บ.ออกแบบหัตถอุตสาหกรรมสร้างสรรค์(ใหม่2569),S,4,ผู้เรียนสร้างสรรค์ผลงานศิลปะและออกแบบได้
db314 - plo.csv,ศป.บ.ออกแบบหัตถอุตสาหกรรมสร้างสรรค์(ใหม่2569),S,5,ผู้เรียนสามารถนําเสนอผลงานออกแบบได้
db314 - plo.csv,ศป.บ.การละคอน(ปรับปรุง2566),K,1,ผู้เรียนมีความรอบรู้ในศาสตร์ทางด้านการละคอน ศิลปะการแสดงและศาสตร์อื่นที่เกี่ยวข้อง
db314 - plo.csv,ศป.บ.การละคอน(ปรับปรุง2566),K,2,ผู้เรียนมีความสามารถในการค้นคว้า แก้ปัญหาและพัฒนางานด้านการละคอน ศิลปะการแสดงอย่างเป็นระบบ
db314 - plo.csv,ศป.บ.การละคอน(ปรับปรุง2566),K,3,ผู้เรียนมีความรู้ในทางด้านการละคอน และศิลปะการแสดง ที่สัมพันธ์กับบริบททางสังคม ภูมิปัญญาและวัฒนธรรม
db314 - plo.csv,ศป.บ.การละคอน(ปรับปรุง2566),K,4,ผู้เรียนมีความรู้เกี่ยวกับมาตรฐานหรือธรรมนิยมปฏิบัติในการประกอบอาชีพด้านศิลปะการแสดง
db314 - plo.csv,ศป.บ.การละคอน(ปรับปรุง2566),S,1,ผู้เรียนสามารถค้นคว้ารวบรวมและประเมินข้อมูลจากแหล่งข้อมูลที่หลากหลายอย่างมีวิจารณญาณ
db314 - plo.csv,ศป.บ.การละคอน(ปรับปรุง2566),S,2,ผู้เรียนสามารถวิเคราะห์ สังเคราะห์ และเสนอแนะแนวทางการแก้ไขปัญหาได้อย่างสร้างสรรค์
db314 - plo.csv,ศป.บ.การละคอน(ปรับปรุง2566),S,3,ผู้เรียนสามารถบูรณาการความรู้กับศาสตร์อื่น เพื่อสร้างสรรค์ผลงานทางวิชาการและวิชาชีพได้
db314 - plo.csv,ศป.บ.การละคอน(ปรับปรุง2566),S,4,ผู้เรียนมีความคิดสร้างสรรค์และทักษะเทคโนโลยีและดิจิทัลในการสร้างสรรค์ผลงาน
db314 - plo.csv,ศป.บ.การละคอน(ปรับปรุง2566),E,1,ผู้เรียนมีคุณธรรม จริยธรรม ซื่อสัตย์สุจริต
db314 - plo.csv,ศป.บ.การละคอน(ปรับปรุง2566),E,2,ผู้เรียนมีทัศนคติที่เปิดกว้าง
db314 - plo.csv,ศป.บ.การละคอน(ปรับปรุง2566),E,3,ผู้เรียนมีจิตอาสา จิตสำนึกสาธารณะ
db314 - plo.csv,ศป.บ.การละคอน(ปรับปรุง2566),C,1,ผู้เรียนมีภาวะผู้นำ เข้าใจบทบาท หน้าที่ของตนเอง ตลอดจนการประยุกต์ใช้การละคอน ศิลปะการแสดง ในบริบททางสังคมและการเปลี่ยนแปลง
db314 - plo.csv,ศป.บ.การละคอน(ปรับปรุง2566),C,2,ผู้เรียนมีความรับผิดชอบต่องานของตนเองและสามารถทำงานร่วมกับผู้อื่นได้อย่างมีประสิทธิภาพ
db314 - plo.csv,ศป.บ.การละคอน(ปรับปรุง2566),C,3,ผู้เรียนสามารถแสดงความคิดเห็นอย่างมีเหตุผล เคารพในความคิดเห็นที่แตกต่าง
db314 - plo.csv,ศป.บ.การบริหารจัดการศิลปะ(ใหม่2568),K,1,ผู้เรียนมีความรอบรู้ในศาสตร์ทางด้านการบริหารจัดการศิลปะ และศาสตร์อื่นๆ ที่เกี่ยวข้อง
db314 - plo.csv,ศป.บ.การบริหารจัดการศิลปะ(ใหม่2568),K,2,ผู้เรียนมีความสามารถในการค้นคว้า แก้ปัญหาและพัฒนางานด้านการบริหารจัดการศิลปะ อย่างเป็นระบบ
db314 - plo.csv,ศป.บ.การบริหารจัดการศิลปะ(ใหม่2568),K,3,ผู้เรียนมีความรู้ด้านการบริหารจัดการศิลปะ ที่สัมพันธ์กับบริบททางสังคมและวัฒนธรรม
db314 - plo.csv,ศป.บ.การบริหารจัดการศิลปะ(ใหม่2568),K,4,ผู้เรียนมีความรู้เกี่ยวกับมาตรฐานหรือธรรมเนียมปฏิบัติในการประกอบอาชีพด้านการบริหาร จัดการศิลปะ
db314 - plo.csv,ศป.บ.การบริหารจัดการศิลปะ(ใหม่2568),S,1,ผู้เรียนสามารถค้นคว้ารวบรวมและประเมินข้อมูลจากแหล่งข้อมูลที่หลากหลายอย่างมี วิจารณญาน
db314 - plo.csv,ศป.บ.การบริหารจัดการศิลปะ(ใหม่2568),S,2,ผู้เรียนสามารถวิเคราะห์ สังเคราะห์ และเสนอแนะแนวทางการแก้ปัญหาได้อย่างสร้างสรรค์
db314 - plo.csv,ศป.บ.การบริหารจัดการศิลปะ(ใหม่2568),S,3,ผู้เรียนสามารถบูรณาการความรู้กับศาสตร์อื่น เพื่อสร้างสรรค์ผลงานทางวิชาการและวิชาชีพได้
db314 - plo.csv,ศป.บ.การบริหารจัดการศิลปะ(ใหม่2568),S,4,ผู้เรียนมีความสามารถด้านทักษะเทคโนโลยีและดิจิทัลและความสามารถด้านภาษา
db314 - plo.csv,ศป.บ.การบริหารจัดการศิลปะ(ใหม่2568),E,1,ผู้เรียนมีคุณธรรม จริยธรรม ซื่อสัตย์สุจริต
db314 - plo.csv,ศป.บ.การบริหารจัดการศิลปะ(ใหม่2568),E,2,ผู้เรียนมีทัศนคติที่เปิดกว้าง
db314 - plo.csv,ศป.บ.การบริหารจัดการศิลปะ(ใหม่2568),E,3,ผู้เรียนมีจิตอาสา จิตสำนึกสาธารณะ
db314 - plo.csv,ศป.บ.การบริหารจัดการศิลปะ(ใหม่2568),C,1,ผู้เรียนมีภาวะผู้นำ เข้าใจบทบาท หน้าที่ของตนเอง ตลอดจนการประยุกต์ใช้การบริหารจัดการ ศิลปะ ในบริบททางสังคมและการเปลี่ยนแปลง
db314 - plo.csv,ศป.บ.การบริหารจัดการศิลปะ(ใหม่2568),C,2,ผู้เรียนมีความรับผิดชอบต่องานของตนเองและสามารถทำงานร่วมกับผู้อื่นได้อย่างมี ประสิทธิภาพ
db314 - plo.csv,ศป.บ.การบริหารจัดการศิลปะ(ใหม่2568),C,3,ผู้เรียนสามารถแสดงความคิดเห็นอย่างมีเหตุผล เคารพในความคิดเห็นที่แตกต่าง
db314 - plo.csv,270868 มคอ.2 ศศ.บ. โลกคดีศึกษาและการประกอบการสังคม(นานาชาติ ปป. 2566),K,1,ผู้เรียนสามารถจดจำองค์ความรู้ที่เกี่ยวข้องกับการพัฒนาตนเองและสังคมได้
db314 - plo.csv,270868 มคอ.2 ศศ.บ. โลกคดีศึกษาและการประกอบการสังคม(นานาชาติ ปป. 2566),K,2,ผู้เรียนสามารถระบุความหมายของความยั่งยืนและเป้าหมายเพื่อการพัฒนาอย่างยั่งยืน ขององค์การสหประชาชาติได้
db314 - plo.csv,270868 มคอ.2 ศศ.บ. โลกคดีศึกษาและการประกอบการสังคม(นานาชาติ ปป. 2566),K,3,ผู้เรียนสามารถพัฒนานวัตกรรมสังคมหรือสร้างธุรกิจเพื่อสังคมได้
db314 - plo.csv,270868 มคอ.2 ศศ.บ. โลกคดีศึกษาและการประกอบการสังคม(นานาชาติ ปป. 2566),S,1,ผู้เรียนสามารถสื่อสารและทำงานร่วมกับผู้อื่นในสังคมที่มีความหลากหลายทั้งทางกายภาพ ภาษา และวัฒนธรรมได้
db314 - plo.csv,270868 มคอ.2 ศศ.บ. โลกคดีศึกษาและการประกอบการสังคม(นานาชาติ ปป. 2566),S,2,ผู้เรียนสามารถวิเคราะห์ปัญหาสังคมและแก้ไขปัญหาสังคมได้
db314 - plo.csv,270868 มคอ.2 ศศ.บ. โลกคดีศึกษาและการประกอบการสังคม(นานาชาติ ปป. 2566),S,3,ผู้เรียนสามารถเป็นผู้นำที่สร้างความเปลี่ยนแปลงให้กับชุมชนและสังคมได้
db314 - plo.csv,270868 มคอ.2 ศศ.บ. โลกคดีศึกษาและการประกอบการสังคม(นานาชาติ ปป. 2566),E,1,ผู้เรียนมีจิตสำนึกต่อการใช้ชีวิตร่วมกันในสังคม
db314 - plo.csv,270868 มคอ.2 ศศ.บ. โลกคดีศึกษาและการประกอบการสังคม(นานาชาติ ปป. 2566),E,2,ผู้เรียนมีความรับผิดชอบต่อการกระทำของตนเองที่ส่งผลกระทบต่อสังคมและโลก
db314 - plo.csv,270868 มคอ.2 ศศ.บ. โลกคดีศึกษาและการประกอบการสังคม(นานาชาติ ปป. 2566),E,3,ผู้เรียนรู้จักการเคารพกฎ กติกา และมารยาทในการทำงานร่วมกับผู้อื่น
db314 - plo.csv,270868 มคอ.2 ศศ.บ. โลกคดีศึกษาและการประกอบการสังคม(นานาชาติ ปป. 2566),C,1,ผู้เรียนเป็นผู้ยืดหยุ่นและปรับตัวได้เร็ว
db314 - plo.csv,270868 มคอ.2 ศศ.บ. โลกคดีศึกษาและการประกอบการสังคม(นานาชาติ ปป. 2566),C,2,ผู้เรียนเป็นผู้มุ่งมั่นต่อภารกิจด้านความยั่งยืน
db314 - plo.csv,270868 มคอ.2 ศศ.บ. โลกคดีศึกษาและการประกอบการสังคม(นานาชาติ ปป. 2566),C,3,ผู้เรียนเป็นผู้มีความคิดเชิงก้าวหน้า
db314 - plo.csv,4-BUP66-26-การผังเมืองบัณฑิต66-กมอ.10-1-67,K,1,มีความเข้าใจและมีความรู้ในกลุ่มวิชาพื้นฐานและวิชาสนับสนุนงานการผังเมือง
db314 - plo.csv,4-BUP66-26-การผังเมืองบัณฑิต66-กมอ.10-1-67,K,2,มีความรู้และเข้าใจในบริบทของเมืองและการเปลี่ยนแปลงของสังคมโลก
db314 - plo.csv,4-BUP66-26-การผังเมืองบัณฑิต66-กมอ.10-1-67,K,3,สามารถประยุกต์ใช้องค์ความรู้ในกลุ่มวิชาเทคนิคและเทคโนโลยีในการวางแผนและผังเมือง
db314 - plo.csv,4-BUP66-26-การผังเมืองบัณฑิต66-กมอ.10-1-67,K,4,วิเคราะห์ข้อมูลเชิงปริมาณและคุณภาพที่จำเป็นในการวางแผนและผังเมืองได้
db314 - plo.csv,4-BUP66-26-การผังเมืองบัณฑิต66-กมอ.10-1-67,K,5,สามารถจัดทำผังการใช้ประโยชน์ที่ดิน และนำเสนอแผนการพัฒนาเมืองได้
db314 - plo.csv,4-BUP66-26-การผังเมืองบัณฑิต66-กมอ.10-1-67,K,6,สร้างองค์ความรู้ต่อยอดด้วยการทำสารนิพนธ์ในประเด็นเฉพาะทางที่สนใจ
db314 - plo.csv,4-BUP66-26-การผังเมืองบัณฑิต66-กมอ.10-1-67,K,7,เชื่อมโยงและประยุกต์ความรู้ด้านการวางแผนและผังเมืองกับศาสตร์ต่าง ๆ ที่เกี่ยวข้องในกลุ่มสิ่งแวดล้อมสรรค์สร้าง (สำหรับนักศึกษาที่ลงเรียนวิชาโทร่วมกับสาขาวิชาอื่น ๆ ของคณะฯ)
db314 - plo.csv,4-BUP66-26-การผังเมืองบัณฑิต66-กมอ.10-1-67,K,8,เชื่อมโยงและประยุกต์ความรู้ด้านการวางแผนและผังเมืองกับวิชาในกลุ่มรัฐศาสตร์ (สำหรับนักศึกษาที่ลงเรียนวิชาโทรัฐศาสตร์)
db314 - plo.csv,4-BUP66-26-การผังเมืองบัณฑิต66-กมอ.10-1-67,S,1,ทักษะการแก้ไขปัญหา
db314 - plo.csv,4-BUP66-26-การผังเมืองบัณฑิต66-กมอ.10-1-67,S,2,ทักษะการคิดเชิงวิพากษ์
db314 - plo.csv,4-BUP66-26-การผังเมืองบัณฑิต66-กมอ.10-1-67,S,3,ทักษะการแสดงเหตุผล
db314 - plo.csv,4-BUP66-26-การผังเมืองบัณฑิต66-กมอ.10-1-67,S,4,ทักษะในการใช้ดิจิทัลและเทคโนโลยี
db314 - plo.csv,4-BUP66-26-การผังเมืองบัณฑิต66-กมอ.10-1-67,E,1,มีจิตสาธารณะ
db314 - plo.csv,4-BUP66-26-การผังเมืองบัณฑิต66-กมอ.10-1-67,E,2,ซื่อสัตย์สุจริต
db314 - plo.csv,4-BUP66-26-การผังเมืองบัณฑิต66-กมอ.10-1-67,C,1,สามารถทำงานเป็นทีมได้
db314 - plo.csv,4-BUP66-26-การผังเมืองบัณฑิต66-กมอ.10-1-67,C,2,ใฝ่เรียนรู้
db314 - plo.csv,4-BUP66-26-การผังเมืองบัณฑิต66-กมอ.10-1-67,C,3,กล้าแสดงออก
db314 - plo.csv,4-BUP66-26-การผังเมืองบัณฑิต66-กมอ.10-1-67,C,4,ความรับผิดชอบต่อสังคม
db314 - plo.csv,4-BUP66-26-การผังเมืองบัณฑิต66-กมอ.10-1-67,C,5,ความคิดสร้างสรรค์
db314 - plo.csv,5-BRD66-วทบ-สถาปัตยกรรม เพื่อการพัฒนาอสังหาริมทรัพย์66-กมอ.10-1-67,K,1,สามารถออกแบบธุรกิจและโครงการอสังหาริมทรัพย์ได้
db314 - plo.csv,5-BRD66-วทบ-สถาปัตยกรรม เพื่อการพัฒนาอสังหาริมทรัพย์66-กมอ.10-1-67,K,2,สามารถพัฒนาธุรกิจและโครงการอสังหาริมทรัพย์ได้
db314 - plo.csv,5-BRD66-วทบ-สถาปัตยกรรม เพื่อการพัฒนาอสังหาริมทรัพย์66-กมอ.10-1-67,K,3,สามารถทำงานในด้านการบริหารโครงการอสังหาริมทรัพย์
db314 - plo.csv,5-BRD66-วทบ-สถาปัตยกรรม เพื่อการพัฒนาอสังหาริมทรัพย์66-กมอ.10-1-67,S,1,สามารถวิเคราะห์ข้อมูลที่เกี่ยวข้องในการออกแบบ พัฒนาและบริหารโครงการอสังหาริมทรัพย์ได้ โดยการใช้เทคโนโลยีดิจิทัล เช่น การวิเคราะห์ข้อมูลขนาดใหญ่ (Big Data) การวิเคราะห์ข้อมูลการตลาด (Market Analysis) เป็นต้น
db314 - plo.csv,5-BRD66-วทบ-สถาปัตยกรรม เพื่อการพัฒนาอสังหาริมทรัพย์66-กมอ.10-1-67,S,2,สามารถสื่อสารผลงานออกแบบ แนวคิดการพัฒนาโครงการอสังหาริมทรัพย์ได้
db314 - plo.csv,5-BRD66-วทบ-สถาปัตยกรรม เพื่อการพัฒนาอสังหาริมทรัพย์66-กมอ.10-1-67,E,1,มีความรับผิดชอบต่อตนเอง สังคม และสิ่งแวดล้อม
db314 - plo.csv,5-BRD66-วทบ-สถาปัตยกรรม เพื่อการพัฒนาอสังหาริมทรัพย์66-กมอ.10-1-67,C,1,บัณฑิตมีความเป็นผู้นำ ทำงานร่วมกับผู้อื่นได้ มีวิสัยทัศน์และมีความเป็นเหตุเป็นผล
db314 - plo.csv,3-BLN66-ภูมิสถาปัตยกรรมบัณฑิต66-10-1-67,K,1,สามารถสร้างสรรค์งานวางผังบริเวณและออกแบบภูมิสถาปัตยกรรม อย่างเข้าใจในมนุษย์ สังคม สิ่งแวดล้อม เพื่อการพัฒนาที่ยั่งยืน ลดความเหลื่อมล้ำของสังคม และใช้ทรัพยากรอย่างคุ้มค่าและเท่าเทียม
db314 - plo.csv,3-BLN66-ภูมิสถาปัตยกรรมบัณฑิต66-10-1-67,K,2,สามารถวิเคราะห์แผนนโยบาย การวางผังและการออกแบบภูมิสถาปัตยกรรม
db314 - plo.csv,3-BLN66-ภูมิสถาปัตยกรรมบัณฑิต66-10-1-67,S,1,สามารถใช้ทักษะทางดิจิทัลและเทคโนโลยี เพื่อการออกแบบและการค้นคว้าข้อมูล
db314 - plo.csv,3-BLN66-ภูมิสถาปัตยกรรมบัณฑิต66-10-1-67,S,2,สามารถประสานความร่วมมือและแสดงออกถึงความเป็นผู้ประกอบการ
db314 - plo.csv,3-BLN66-ภูมิสถาปัตยกรรมบัณฑิต66-10-1-67,S,3,สามารถสื่อสารกับผู้ร่วมงานและนักวิชาชีพที่เกี่ยวข้อง รวมถึงสามารถนำเสนองานและเจรจาต่อรองเชิงธุรกิจ
db314 - plo.csv,3-BLN66-ภูมิสถาปัตยกรรมบัณฑิต66-10-1-67,E,1,มีความรับผิดชอบต่อจรรยาบรรณวิชาชีพ มีมารยาทในการทำงาน และมีจิตสาธารณะ
db314 - plo.csv,3-BLN66-ภูมิสถาปัตยกรรมบัณฑิต66-10-1-67,C,1,มีกรอบความคิดแบบเติบโตและเปิดกว้าง นำไปสู่การเรียนรู้อย่างต่อเนื่องและการบริหารจัดการปัญหา
db314 - plo.csv,6-B-DBTM66-วท.บ.การจัดการออกแบบ ธุรกิจฯ66-กมอ.10-68(P20-10-68),K,1,เข้าใจทฤษฎีและความรู้พื้นฐานรวมถึงศาสตร์อื่น ๆ ที่เกี่ยวข้องกับการจัดการการออกแบบ ธุรกิจ และเทคโนโลยี
db314 - plo.csv,6-B-DBTM66-วท.บ.การจัดการออกแบบ ธุรกิจฯ66-กมอ.10-68(P20-10-68),K,2,อธิบายและสร้างความเชื่อมโยงทฤษฎีและความรู้พื้นฐาน รวมถึงศาสตร์อื่น ๆ ที่เกี่ยวข้องกับการจัดการการออกแบบ ธุรกิจ และเทคโนโลยี
db314 - plo.csv,6-B-DBTM66-วท.บ.การจัดการออกแบบ ธุรกิจฯ66-กมอ.10-68(P20-10-68),K,3,ประยุกต์ใช้ความรู้ในกิจกรรมด้านการจัดการการออกแบบ ธุรกิจ และเทคโนโลยี
db314 - plo.csv,6-B-DBTM66-วท.บ.การจัดการออกแบบ ธุรกิจฯ66-กมอ.10-68(P20-10-68),K,4,เสริมสร้างและพัฒนาองค์ความรู้ใหม่ในการจัดการการออกแบบ ธุรกิจ และเทคโนโลยี
db314 - plo.csv,6-B-DBTM66-วท.บ.การจัดการออกแบบ ธุรกิจฯ66-กมอ.10-68(P20-10-68),S,1,สืบค้น รวบรวม คัดกรอง จัดหมวดหมู่ และเปรียบเทียบข้อมูลต่างๆ เพื่อใช้ในการแก้ไขปัญหาอย่างสร้างสรรค์
db314 - plo.csv,6-B-DBTM66-วท.บ.การจัดการออกแบบ ธุรกิจฯ66-กมอ.10-68(P20-10-68),S,2,ตีความ ประเมิน และวิเคราะห์ข้อมูลได้อย่างเป็นระบบด้วยกระบวนการคิดและตรรกะทาง วิทยาศาสตร์และคณิตศาสตร์ เพื่อเชื่อมโยงประเด็น ลำดับความสำคัญของปัญหา และเสนอแนะแนวทางการ แก้ไขปัญหาอย่างเหมาะสม
db314 - plo.csv,6-B-DBTM66-วท.บ.การจัดการออกแบบ ธุรกิจฯ66-กมอ.10-68(P20-10-68),S,3,สื่อสารโดยใช้ทักษะการพูด การฟัง การอ่าน การเขียน และการนำเสนอด้วยเทคโนโลยีสารสนเทศ กับบุคคลทั้งในวงการวิชาการและสาธาณชนทั่วไปได้อย่างมีประสิทธิภาพ
db314 - plo.csv,6-B-DBTM66-วท.บ.การจัดการออกแบบ ธุรกิจฯ66-กมอ.10-68(P20-10-68),S,4,เสริมสร้างและพัฒนาทักษะในการจัดการสืบค้น วิเคราะห์ และนำเสนอคำตอบในสาขาการจัดการ การออกแบบ ธุรกิจ และเทคโนโลยี
db314 - plo.csv,6-B-DBTM66-วท.บ.การจัดการออกแบบ ธุรกิจฯ66-กมอ.10-68(P20-10-68),E,1,มีจรรยาบรรณทางวิชาการและการประกอบอาชีพในการทำภาระหน้าที่ที่ได้รับมอบหมายให้เสร็จ สิ้นและตรงตามวัตถุประสงค์
db314 - plo.csv,6-B-DBTM66-วท.บ.การจัดการออกแบบ ธุรกิจฯ66-กมอ.10-68(P20-10-68),C,1,มีระเบียบวินัย ตรงต่อเวลา มีความรับผิดชอบต่อตนเองและสังคม
db314 - plo.csv,6-B-DBTM66-วท.บ.การจัดการออกแบบ ธุรกิจฯ66-กมอ.10-68(P20-10-68),C,2,รับฟังความคิดเห็น และมีปฏิสัมพันธ์อย่างสร้างสรรค์กับผู้ร่วมงานเพื่อหลีกเลี่ยงความขัดแย้งใน การทำงานเป็นทีม
db314 - plo.csv,6-B-DBTM66-วท.บ.การจัดการออกแบบ ธุรกิจฯ66-กมอ.10-68(P20-10-68),C,3,ประเมินและวางแผนปรับปรุงตนเองให้สามารถปฏิบัติงานให้ประสบความสำเร็จในระดับที่สูงขึ้น ไปได้
db314 - plo.csv,6-B-DBTM66-วท.บ.การจัดการออกแบบ ธุรกิจฯ66-กมอ.10-68(P20-10-68),C,4,แสวงหาโอกาสในการใช้ความรู้ด้านการจัดการออกแบบ ธุรกิจ และเทคโนโลยีเพื่อชี้นำสังคม
db314 - plo.csv,1-BAR66-วทบ-สถาปัตยกรรม66-กมอ.10-1-67,K,1,ผู้เรียนสามารถเข้าใจและ อธิบายทฤษฎีการออกแบบสถาปัตยกรรม
db314 - plo.csv,1-BAR66-วทบ-สถาปัตยกรรม66-กมอ.10-1-67,K,2,ผู้เรียนสามารถเข้าใจและอธิบายทฤษฎีความรู้เกี่ยวกับโครงสร้างอาคารวิธีการก่อสร้างและวัสดุ
db314 - plo.csv,1-BAR66-วทบ-สถาปัตยกรรม66-กมอ.10-1-67,K,3,ผู้เรียนสามารถเข้าใจและอธิบายทฤษฎีความรู้เกี่ยวกับเทคโนโลยีสภาวะแวดล้อม
db314 - plo.csv,1-BAR66-วทบ-สถาปัตยกรรม66-กมอ.10-1-67,K,4,ผู้เรียนสามารถเข้าใจและอธิบายทฤษฎีความรู้เกี่ยวกับเทคโนโลยีดิจิทัล และสามารถประยุกต์ใช้เทคโนโลยีดิจิทัลเพื่อการออกแบบ
db314 - plo.csv,1-BAR66-วทบ-สถาปัตยกรรม66-กมอ.10-1-67,K,5,ผู้เรียนมีความรู้ในการบูรณาการองค์ความรู้ที่เท่าทันการเปลี่ยนแปลงของโลก
db314 - plo.csv,1-BAR66-วทบ-สถาปัตยกรรม66-กมอ.10-1-67,S,1,ความสามารถในการออกแบบทางสถาปัตยกรรม
db314 - plo.csv,1-BAR66-วทบ-สถาปัตยกรรม66-กมอ.10-1-67,S,2,ความสามารถในการแปลงแนวคิดจากนามธรรมสู่รูปธรรม ความสามารถในการสื่อสารและนำเสนอผลงานกระบวนการการพัฒนาผลงานสถาปัตยกรรมอย่างเป็นระบบ ด้วยสื่อที่หลากหลาย
db314 - plo.csv,1-BAR66-วทบ-สถาปัตยกรรม66-กมอ.10-1-67,S,3,ความสามารถในการคิดเชิงวิพากษ์ คิดเป็นตรรกะและคิดสร้างสรรค์
db314 - plo.csv,1-BAR66-วทบ-สถาปัตยกรรม66-กมอ.10-1-67,S,4,ความสามารถการบริหารจัดการผลลัพธ์ และการทำงานเป็นกลุ่ม
db314 - plo.csv,1-BAR66-วทบ-สถาปัตยกรรม66-กมอ.10-1-67,S,5,ความสามารถในการการใช้เทคโนโลยีดิจิทัลที่หลากหลาย
db314 - plo.csv,1-BAR66-วทบ-สถาปัตยกรรม66-กมอ.10-1-67,E,1,มีจรรยาบรรณและจริยธรรมในการทำงาน ประพฤติและปฏิบัติตนตามกฎระเบียบและข้อบังคับ
db314 - plo.csv,1-BAR66-วทบ-สถาปัตยกรรม66-กมอ.10-1-67,E,2,มีความเข้าใจผู้อื่น เปิดรับความคิดเห็นของผู้อื่น และพร้อมให้ความช่วยเหลือ
db314 - plo.csv,1-BAR66-วทบ-สถาปัตยกรรม66-กมอ.10-1-67,E,3,ความตรงต่อเวลา
db314 - plo.csv,1-BAR66-วทบ-สถาปัตยกรรม66-กมอ.10-1-67,E,4,มีจิตสาธารณะรับผิดชอบต่อสังคม
db314 - plo.csv,1-BAR66-วทบ-สถาปัตยกรรม66-กมอ.10-1-67,C,1,มีความคิดเชื่อมโยง บูรณาการข้ามศาสตร์ รู้เท่าทันเทคโนโลยีดิจิทัล
db314 - plo.csv,1-BAR66-วทบ-สถาปัตยกรรม66-กมอ.10-1-67,C,2,มีกระบวนการคิดสร้างสรรค์อย่างเป็นระบบ
db314 - plo.csv,1-BAR66-วทบ-สถาปัตยกรรม66-กมอ.10-1-67,C,3,ใฝ่รู้ พร้อมที่จะเรียนรู้และพัฒนาตนเอง
db314 - plo.csv,1-BAR66-วทบ-สถาปัตยกรรม66-กมอ.10-1-67,C,4,ตระหนักและมีความรับผิดชอบต่อสังคม และ สิ่งแวดล้อม
db314 - plo.csv,1-BAR66-วทบ-สถาปัตยกรรม66-กมอ.10-1-67,C,5,ทำงานร่วมกับผู้อื่นได้ดี สามารถปรับตัวเข้ากับสภาพแวดล้อมใหม่ ๆ ได้ดี
db314 - plo.csv,2-BIA66-สถาปัตยกรรมภายในบัณฑิต66-กมอ.10-1-67,K,1,ปฏิบัติวิชาชีพออกแบบรายละเอียดงานสถาปัตยกรรมภายในได้
db314 - plo.csv,2-BIA66-สถาปัตยกรรมภายในบัณฑิต66-กมอ.10-1-67,K,2,สามารถทำการวิจัยด้านกระบวนการออกแบบ มาสร้างสรรค์นวัตกรรม เพื่อแก้ปัญหาและพัฒนาต่อยอดงานออกแบบ
db314 - plo.csv,2-BIA66-สถาปัตยกรรมภายในบัณฑิต66-กมอ.10-1-67,K,3,ความรู้ด้านโครงสร้างการก่อสร้าง ระบบประกอบอาคาร วัสดุในการออกแบบและเครื่องเรือน
db314 - plo.csv,2-BIA66-สถาปัตยกรรมภายในบัณฑิต66-กมอ.10-1-67,K,4,ความรู้ในการออกแบบเพื่อความยั่งยืน Sustainable design
db314 - plo.csv,2-BIA66-สถาปัตยกรรมภายในบัณฑิต66-กมอ.10-1-67,S,1,มีทักษะด้านการสื่อสารและนำเสนองานออกแบบ
db314 - plo.csv,2-BIA66-สถาปัตยกรรมภายในบัณฑิต66-กมอ.10-1-67,S,2,มีทักษะด้านการเรียนรู้เชิง Critical thinking Creative thinking Collaborative Communicative
db314 - plo.csv,2-BIA66-สถาปัตยกรรมภายในบัณฑิต66-กมอ.10-1-67,S,3,มีทักษะในการแก้ปัญหา Problem solving skill
db314 - plo.csv,2-BIA66-สถาปัตยกรรมภายในบัณฑิต66-กมอ.10-1-67,E,1,จริยธรรมในการปฏิบัติวิชาชีพ สถาปัตยกรรมภายใน
db314 - plo.csv,2-BIA66-สถาปัตยกรรมภายในบัณฑิต66-กมอ.10-1-67,E,2,มีความซื่อสัตย์สุจริต มีจิตสาธารณะ
db314 - plo.csv,2-BIA66-สถาปัตยกรรมภายในบัณฑิต66-กมอ.10-1-67,C,1,มีจินตนาการความคิดสร้างสรรค์และมีสุนทรียนิยม
db314 - plo.csv,2-BIA66-สถาปัตยกรรมภายในบัณฑิต66-กมอ.10-1-67,C,2,มีบุคลิกภาพใฝ่เรียนรู้ เปิดกว้างทางความคิด กล้าแสดงออก
db314 - plo.csv,2-BIA66-สถาปัตยกรรมภายในบัณฑิต66-กมอ.10-1-67,C,3,มีบุคลิกที่น่าเชื่อถือ เป็นมิตร
db314 - plo.csv,ศศ.บ.นโยบายสังคมและการพัฒนา  (ใหม่ 2568),PLOs,1,มีทักษะในการคิดวิเคราะห์และความคิดเชิงวิพากษ์ เชื่อมโยงบริบททางเศรษฐกิจ สังคม การเมือง การปกครอง และสภาพแวดล้อมทั้งภายในประเทศและต่างประเทศในการปฏิบัติงานนโยบายสังคมและการพัฒนา
db314 - plo.csv,ศศ.บ.นโยบายสังคมและการพัฒนา  (ใหม่ 2568),PLOs,2,มีความสามารถในการใช้เทคโนโลยีสารสนเทศเพื่อออกแบบและการวางแผนการปฏิบัติงานนโยบายสังคมและการพัฒนา
db314 - plo.csv,ศศ.บ.นโยบายสังคมและการพัฒนา  (ใหม่ 2568),PLOs,3,มีจริยธรรมทางวิชาการ และจรรยาบรรณในการประกอบอาชีพ และเคารพศักดิ์ศรี/คุณค่าความเป็นมนุษย์
db314 - plo.csv,ศศ.บ.นโยบายสังคมและการพัฒนา  (ใหม่ 2568),PLOs,4,มีความสามารถทำวิจัยในงานนโยบายสังคมและการพัฒนา
db314 - plo.csv,ศศ.บ.นโยบายสังคมและการพัฒนา  (ใหม่ 2568),PLOs,5,มีทักษะและมีความสามารถในปฏิบัติงานนโยบายสังคมและการพัฒนาทั้งในระดับท้องถิ่นและประเทศ
db314 - plo.csv,ศศ.บ.นโยบายสังคมและการพัฒนา  (ใหม่ 2568),PLOs,6,มีทักษะและความสามารถในการปฏิบัติงานนโยบายสังคมและการพัฒนากับกลุ่มเป้าหมายและสถานการณ์ที่หลากหลาย
db314 - plo.csv,ศศ.บ.นโยบายสังคมและการพัฒนา  (ใหม่ 2568),PLOs,7,มีทักษะในการทำงานร่วมกับผู้ใช้บริการ ผู้ร่วมงาน และผู้มีส่วนเกี่ยวข้องกับระบบงานภายใต้การเคารพศักดิ์ศรี/คุณค่าความเป็นมนุษย์และการยึดประโยชน์ส่วนรวมและสังคมเป็นสำคัญ
db314 - plo.csv,ศศ.บ.นโยบายสังคมและการพัฒนา  (ใหม่ 2568),K,1,ผู้เรียนมีความรู้และความเข้าใจในเนื้อหาสาระด้านนโยบายสังคม สวัสดิการสังคม และการพัฒนา ตลอดจนหลักการและทฤษฎีที่สำคัญอย่างกว้างขวางและลึกซึ้ง และสามารถบูรณาการความรู้และศาสตร์ต่าง ๆ ได้อย่างเหมาะสมเพื่อสามารถทำงานร่วมกับบุคคลกลุ่มต่างๆ และทำงานในองค์กร และสังคมที่มีพลวัตร โครงสร้าง วัฒนธรรม และระบบงานที่แตกต่างได้อย่างเหมาะสม
db314 - plo.csv,ศศ.บ.นโยบายสังคมและการพัฒนา  (ใหม่ 2568),K,2,ผู้เรียนมีความสามารถวิเคราะห์และวิพากษ์ปัญหาสังคมและนโยบายสังคมอย่างสร้างสรรค์ เข้าใจรวมทั้งประยุกต์ความรู้ ทฤษฎี ทักษะ การใช้เครื่องมือและข้อเสนอแนะเชิงนโยบายที่เหมาะสมกับการแก้ไขปัญหาในบริบทวัฒนธรรมองค์กรและโครงสร้างทางสังคมที่แตกต่างกัน
db314 - plo.csv,ศศ.บ.นโยบายสังคมและการพัฒนา  (ใหม่ 2568),K,3,ผู้เรียนมีความรู้เท่าทันพลวัตรและการเปลี่ยนแปลงทางการเมือง เศรษฐกิจ สังคม ซึ่งรวมถึงระบบสวัสดิการสังคมทั้งในระดับท้องถิ่น ประเทศ อนุภูมิภาค ภูมิภาค และโลก ทั้งระดับจุลภาคและมหภาค
db314 - plo.csv,ศศ.บ.นโยบายสังคมและการพัฒนา  (ใหม่ 2568),K,4,ผู้เรียนมีความรู้ความเข้าใจและสามารถสื่อสารประเด็นที่เกี่ยวข้องกับการนำหลักการหลักสิทธิมนุษยชน ความเป็นธรรมทางสังคม การพัฒนาอย่างยั่งยืน เศรษฐกิจ การเมือง วัฒนธรรมที่มีต่อกลุ่มเป้าหมายด้านการพัฒนาไปยังผู้เกี่ยวข้องในระดับต่าง ๆ ได้
db314 - plo.csv,ศศ.บ.นโยบายสังคมและการพัฒนา  (ใหม่ 2568),S,1,ผู้เรียนมีความสามารถในการค้นหา คิดวิเคราะห์อย่างเป็นระบบและวิพากษ์อย่างสร้างสรรค์ ตลอดจนสังเคราะห์ความรู้จากแหล่งต่าง ๆ เพื่อประโยชน์ในกระบวนการแก้ไขปัญหาสังคม
db314 - plo.csv,ศศ.บ.นโยบายสังคมและการพัฒนา  (ใหม่ 2568),S,2,ผู้เรียนมีทักษะในการทำงานร่วมกับผู้ร่วมงาน และผู้มีส่วนเกี่ยวข้องกับระบบงานอย่างเหมาะสม เพื่อช่วยให้บรรลุเป้าหมายทางนโยบายสังคม
db314 - plo.csv,ศศ.บ.นโยบายสังคมและการพัฒนา  (ใหม่ 2568),S,3,ผู้เรียนมีทักษะการค้นคว้าวิจัย การวิเคราะห์ข้อมูลเชิงปริมาณและเชิงคุณภาพขั้นพื้นฐาน รวมถึงการประยุกต์ผลการศึกษาวิจัยมาใช้ในการวิเคราะห์ปัญหาสังคม จัดการกับปัญหาสังคมในระดับและรูปแบบต่าง ๆ อย่างเป็นรูปธรรม ตลอดจนการพัฒนาวิธีการทำงาน คุณภาพบริการ องค์ความรู้ และนวัตกรรม
db314 - plo.csv,ศศ.บ.นโยบายสังคมและการพัฒนา  (ใหม่ 2568),S,4,ผู้เรียนมีทักษะในการใช้เทคโนโลยีสารสนเทศในการสืบค้นและวิเคราะห์ข้อมูล นำเสนองานและสื่อสารผลงานได้อย่างสอดคล้องกับกลุ่มเป้าหมายและสภาพแวดล้อม
db314 - plo.csv,ศศ.บ.นโยบายสังคมและการพัฒนา  (ใหม่ 2568),S,5,ผู้เรียนมีทักษะในการสื่อสาร การปฏิบัติงาน หรือผลการศึกษาค้นคว้าด้วยวาจา และที่เป็นลายลักษณ์อักษรได้อย่างเป็นเหตุเป็นผลกับกลุ่มเป้าหมาย โดยอาศัยสื่อและเทคนิควิธีการที่เหมาะสม
db314 - plo.csv,ศศ.บ.นโยบายสังคมและการพัฒนา  (ใหม่ 2568),S,6,ผู้เรียนสามารถวิเคราะห์และประเมินการปฏิบัติงานของตนเองได้อย่างไม่ลำเอียง เพื่อนำไปสู่การพัฒนาตนเอง และการปฏิบัติงาน
db314 - plo.csv,ศศ.บ.นโยบายสังคมและการพัฒนา  (ใหม่ 2568),E,1,ผู้เรียนตระหนักถึงจริยธรรมในการประกอบอาชีพ มีศีลธรรมอันดี โดยยึดถือบทบัญญัติทางกฎหมายของประเทศ กฎหมายระหว่างประเทศและจิตอาสาในการปฏิบัติงาน
db314 - plo.csv,ศศ.บ.นโยบายสังคมและการพัฒนา  (ใหม่ 2568),E,2,ผู้เรียนตระหนักถึงจริยธรรมทางวิชาการ ไม่นำผลงานของผู้อื่นมาเป็นผลงานของตน ต้องอ้างถึงแหล่งที่มาของข้อมูลที่นำมาใช้ และไม่คำนึงถึงผลประโยชน์ทางวิชาการจนละเลยหรือละเมิด สิทธิส่วนบุคคลของผู้อื่นหรือสิทธิมนุษยชน
db314 - plo.csv,ศศ.บ.นโยบายสังคมและการพัฒนา  (ใหม่ 2568),E,3,ผู้เรียนตระหนักรู้และเคารพในความหลากหลายของมนุษย์และคำนึงถึงหลักสิทธิมนุษยชนและความเป็นธรรมทางสังคม เศรษฐกิจ และการเมือง ทั้งในระดับสากล ภูมิภาค และประเทศ
db314 - plo.csv,ศศ.บ.นโยบายสังคมและการพัฒนา  (ใหม่ 2568),E,4,ผู้เรียนปฏิบัติงานโดยยึดหลักประโยชน์ที่จะเกิดขึ้นแก่งาน ผู้ใช้บริการ และสังคมเป็นสำคัญ
db314 - plo.csv,ศศ.บ.นโยบายสังคมและการพัฒนา  (ใหม่ 2568),C,1,ผู้เรียนมีความเห็นอกเห็นใจ มีความเข้าใจ และเคารพผู้อื่น
db314 - plo.csv,ศศ.บ.นโยบายสังคมและการพัฒนา  (ใหม่ 2568),C,2,ผู้เรียนมีภาวะผู้นำ และผู้ตามในการปฏิบัติงานภายใต้สภาวการณ์ต่าง ๆ อย่างเหมาะสมกับและวัฒนธรรมขององค์กรนั้น ๆ และบรรทัดฐานทางสังคม
db314 - plo.csv,ศศ.บ.นโยบายสังคมและการพัฒนา  (ใหม่ 2568),C,3,ผู้เรียนมีความรับผิดชอบต่อตนเอง ต่องานที่รับผิดชอบ ต่อเพื่อนร่วมงาน ต่อองค์กร และต่อสังคม
db314 - plo.csv,สังคมสงเคราะห์ศาสตรบัณฑิต (ปรับปรุง 2566) ศูนย์ลำปาง,PLOs,1,อธิบายองค์ความรู้ด้านสังคมสงเคราะห์และสวัสดิการสังคม
db314 - plo.csv,สังคมสงเคราะห์ศาสตรบัณฑิต (ปรับปรุง 2566) ศูนย์ลำปาง,PLOs,2,วิเคราะห์ปรากฏการณ์ทางสังคมภายใต้บริบทเศรษฐกิจ สังคม การเมือง และสภาพแวดล้อมทั้งภายในประเทศและต่างประเทศในการปฏิบัติงานสังคมสงเคราะห์
db314 - plo.csv,สังคมสงเคราะห์ศาสตรบัณฑิต (ปรับปรุง 2566) ศูนย์ลำปาง,PLOs,3,ประยุกต์ใช้องค์ความรู้ทางสังคมสงเคราะห์เพื่อปฏิบัติงานระดับบุคคล ครอบครัว กลุ่ม ชุมชน และสังคม
db314 - plo.csv,สังคมสงเคราะห์ศาสตรบัณฑิต (ปรับปรุง 2566) ศูนย์ลำปาง,PLOs,4,ประยุกต์ใช้ทักษะด้านสังคมสงเคราะห์เพื่อปฏิบัติงานสังคมสงเคราะห์กับกลุ่มเป้าหมายที่หลากหลาย
db314 - plo.csv,สังคมสงเคราะห์ศาสตรบัณฑิต (ปรับปรุง 2566) ศูนย์ลำปาง,PLOs,5,ประยุกต์ใช้เครื่องมือในการปฏิบัติงานสังคมสงเคราะห์
db314 - plo.csv,สังคมสงเคราะห์ศาสตรบัณฑิต (ปรับปรุง 2566) ศูนย์ลำปาง,PLOs,6,ออกแบบเครื่องมือเพื่อการปฏิบัติงานด้านสังคมสงเคราะห์
db314 - plo.csv,สังคมสงเคราะห์ศาสตรบัณฑิต (ปรับปรุง 2566) ศูนย์ลำปาง,PLOs,7,ปฏิบัติงานโดยยึดถือจรรยาบรรณแห่งวิชาชีพสังคมสงเคราะห์
db314 - plo.csv,สังคมสงเคราะห์ศาสตรบัณฑิต (ปรับปรุง 2566) ศูนย์ลำปาง,PLOs,8,แสดงออกถึงการเคารพความแตกต่างและพิทักษ์สิทธิของกลุ่มเป้าหมายที่หลากหลาย
db314 - plo.csv,ศศ.บ.นโยบายสังคมและการพัฒนา (นานาชาติ) (ปรับปรุง 2566),PLOs,1,มีทักษะในการคิดวิเคราะห์และความคิดเชิงวิพากษ์ เชื่อมโยงบริบททางเศรษฐกิจ สังคม การเมืองการปกครอง และสภาพแวดล้อมทั้งภายในประเทศและต่างประเทศในการปฏิบัติงานนโยบายสังคมและการพัฒนา
db314 - plo.csv,ศศ.บ.นโยบายสังคมและการพัฒนา (นานาชาติ) (ปรับปรุง 2566),PLOs,2,มีความสามารถในการใช้เทคโนโลยีสารสนเทศเพื่อออกแบบและการวางแผนการปฏิบัติงานนโยบายสังคมและการพัฒนา
db314 - plo.csv,ศศ.บ.นโยบายสังคมและการพัฒนา (นานาชาติ) (ปรับปรุง 2566),PLOs,3,มีจริยธรรมทางวิชาการ และจรรยาบรรณในการประกอบอาชีพ และเคารพศักดิ์ศรี/คุณค่าความเป็นมนุษย์
db314 - plo.csv,ศศ.บ.นโยบายสังคมและการพัฒนา (นานาชาติ) (ปรับปรุง 2566),PLOs,4,มีความสามารถทำวิจัยในงานนโยบายสังคมและการพัฒนา
db314 - plo.csv,ศศ.บ.นโยบายสังคมและการพัฒนา (นานาชาติ) (ปรับปรุง 2566),PLOs,5,มีทักษะและมีความสามารถในปฏิบัติงานนโยบายสังคมและการพัฒนาทั้งในระดับท้องถิ่น ประเทศ และนานาชาติ
db314 - plo.csv,ศศ.บ.นโยบายสังคมและการพัฒนา (นานาชาติ) (ปรับปรุง 2566),PLOs,6,มีทักษะและความสามารถในการปฏิบัติงานนโยบายสังคมและการพัฒนากับกลุ่มเป้าหมายและสถานการณ์ที่หลากหลาย
db314 - plo.csv,ศศ.บ.นโยบายสังคมและการพัฒนา (นานาชาติ) (ปรับปรุง 2566),PLOs,7,มีทักษะในการทำงานร่วมกับผู้ใช้บริการ ผู้ร่วมงาน และผู้มีส่วนเกี่ยวข้องกับระบบงานทั้งที่เป็นชาวไทยและชาวต่างชาติภายใต้การเคารพศักดิ์ศรี/คุณค่าความเป็นมนุษย์และการยึดประโยชน์ส่วนรวมและสังคมเป็นสำคัญ
db314 - plo.csv,ศศ.บ.นโยบายสังคมและการพัฒนา (นานาชาติ) (ปรับปรุง 2566),K,1,ผู้เรียนมีความรู้และความเข้าใจในเนื้อหาสาระด้านนโยบายสังคม สวัสดิการสังคม และการพัฒนา ตลอดจนหลักการและทฤษฎีที่สำคัญอย่างกว้างขวางและลึกซึ้ง และสามารถบูรณาการความรู้และศาสตร์ต่างๆ ได้อย่างเหมาะสมเพื่อสามารถทำงานร่วมกับบุคคลสัญชาติต่างๆ และทำงานในองค์กรและสังคมที่มีพลวัตร โครงสร้าง วัฒนธรรม และระบบงานที่แตกต่างได้อย่างเหมาะสม
db314 - plo.csv,ศศ.บ.นโยบายสังคมและการพัฒนา (นานาชาติ) (ปรับปรุง 2566),K,2,ผู้เรียนมีความสามารถวิเคราะห์และวิพากษ์ปัญหาสังคมและนโยบายสังคมอย่างสร้างสรรค์ เข้าใจ รวมทั้งประยุกต์ความรู้ ทฤษฎี ทักษะ การใช้เครื่องมือและข้อเสนอแนะเชิงนโยบายที่เหมาะสมกับการแก้ไขปัญหาในบริบทวัฒนธรรมองค์กรและโครงสร้างทางสังคมที่แตกต่างกัน
db314 - plo.csv,ศศ.บ.นโยบายสังคมและการพัฒนา (นานาชาติ) (ปรับปรุง 2566),K,3,ผู้เรียนมีความรู้เท่าทันพลวัตรและการเปลี่ยนแปลงทางการเมือง เศรษฐกิจ สังคม ซึ่งรวมถึงระบบสวัสดิการสังคมทั้งในระดับท้องถิ่น ประเทศ อนุภูมิภาค ภูมิภาค และโลก ทั้งระดับจุลภาคและมหภาค
db314 - plo.csv,ศศ.บ.นโยบายสังคมและการพัฒนา (นานาชาติ) (ปรับปรุง 2566),K,4,ผู้เรียนมีความรู้ความเข้าใจและสามารถสื่อสารประเด็นที่เกี่ยวข้องกับการนำหลักการหลักสิทธิมนุษยชน ความเป็นธรรมทางสังคม การพัฒนาอย่างยั่งยืน เศรษฐกิจ การเมือง วัฒนธรรมที่มีต่อกลุ่มเป้าหมายด้านการพัฒนาไปยังผู้เกี่ยวข้องในระดับต่างๆ ได้
db314 - plo.csv,ศศ.บ.นโยบายสังคมและการพัฒนา (นานาชาติ) (ปรับปรุง 2566),S,1,ผู้เรียนมีความสามารถในการค้นหา คิดวิเคราะห์อย่างเป็นระบบและวิพากษ์อย่างสร้างสรรค์ ตลอดจนสังเคราะห์ความรู้จากแหล่งต่างๆ เพื่อประโยชน์ในกระบวนการแก้ไขปัญหาสังคม
db314 - plo.csv,ศศ.บ.นโยบายสังคมและการพัฒนา (นานาชาติ) (ปรับปรุง 2566),S,2,ผู้เรียนมีทักษะในการทำงานร่วมกับผู้ร่วมงาน และผู้มีส่วนเกี่ยวข้องกับระบบงาน ทั้งที่เป็นชาวไทยและชาวต่างชาติอย่างเหมาะสม เพื่อช่วยให้บรรลุเป้าหมายทางนโยบายสังคม
db314 - plo.csv,ศศ.บ.นโยบายสังคมและการพัฒนา (นานาชาติ) (ปรับปรุง 2566),S,3,ผู้เรียนมีทักษะการค้นคว้าวิจัย การวิเคราะห์ข้อมูลเชิงปริมาณและเชิงคุณภาพขั้นพื้นฐาน รวมถึงการประยุกต์ผลการศึกษาวิจัยมาใช้ในการวิเคราะห์ปัญหาสังคม จัดการกับปัญหาสังคมในระดับและรูปแบบต่างๆ อย่างเป็นรูปธรรม ตลอดจนการพัฒนาวิธีการทำงานคุณภาพบริการ องค์ความรู้ และนวัตกรรม
db314 - plo.csv,ศศ.บ.นโยบายสังคมและการพัฒนา (นานาชาติ) (ปรับปรุง 2566),S,4,ผู้เรียนมีทักษะในการใช้เทคโนโลยีสารสนเทศในการสืบค้นและวิเคราะห์ข้อมูล นำเสนอ งานและสื่อสารผลงานได้อย่างสอดคล้องกับกลุ่มเป้าหมายและสภาพแวดล้อม
db314 - plo.csv,ศศ.บ.นโยบายสังคมและการพัฒนา (นานาชาติ) (ปรับปรุง 2566),S,5,ผู้เรียนมีทักษะในการสื่อสาร การปฏิบัติงาน หรือผลการศึกษาค้นคว้าด้วยวาจา และที่เป็นลายลักษณ์อักษรได้อย่างเป็นเหตุเป็นผลกับกลุ่มเป้าหมาย โดยอาศัยสื่อและเทคนิควิธีการที่เหมาะสมทั้งที่เป็นภาษาไทยและภาษาอังกฤษ
db314 - plo.csv,ศศ.บ.นโยบายสังคมและการพัฒนา (นานาชาติ) (ปรับปรุง 2566),S,6,ผู้เรียนสามารถวิเคราะห์และประเมินการปฏิบัติงานของตนเองได้อย่างไม่ลำเอียง เพื่อนำไปสู่การพัฒนาตนเอง และการปฏิบัติงาน
db314 - plo.csv,ศศ.บ.นโยบายสังคมและการพัฒนา (นานาชาติ) (ปรับปรุง 2566),E,1,ผู้เรียนตระหนักถึงจริยธรรมในการประกอบอาชีพ มีศีลธรรมอันดี โดยยึดถือบทบัญญัติทางกฎหมายของประเทศ กฎหมายระหว่างประเทศและจิตอาสาในการปฏิบัติงาน
db314 - plo.csv,ศศ.บ.นโยบายสังคมและการพัฒนา (นานาชาติ) (ปรับปรุง 2566),E,2,ผู้เรียนตระหนักถึงจริยธรรมทางวิชาการ ไม่นำผลงานของผู้อื่นมาเป็นผลงานของตน ต้องอ้างถึงแหล่งที่มาของข้อมูลที่นำมาใช้ และไม่คำนึงถึงผลประโยชน์ทางวิชาการจนละเลย หรือละเมิด สิทธิส่วนบุคคลของผู้อื่นหรือสิทธิมนุษยชน
db314 - plo.csv,ศศ.บ.นโยบายสังคมและการพัฒนา (นานาชาติ) (ปรับปรุง 2566),E,3,ผู้เรียนตระหนักรู้และเคารพในความหลากหลายของมนุษย์และคำนึงถึงหลักสิทธิมนุษยชน และความเป็นธรรมทางสังคม เศรษฐกิจ และการเมือง ทั้งในระดับสากล ภูมิภาค และประเทศ
db314 - plo.csv,ศศ.บ.นโยบายสังคมและการพัฒนา (นานาชาติ) (ปรับปรุง 2566),E,4,ผู้เรียนปฏิบัติงานโดยยึดหลักประโยชน์ที่จะเกิดขึ้นแก่งาน ผู้ใช้บริการ และสังคมเป็นสำคัญ
db314 - plo.csv,ศศ.บ.นโยบายสังคมและการพัฒนา (นานาชาติ) (ปรับปรุง 2566),C,1,ผู้เรียนมีความเห็นอกเห็นใจ มีความเข้าใจ และเคารพผู้อื่น
db314 - plo.csv,ศศ.บ.นโยบายสังคมและการพัฒนา (นานาชาติ) (ปรับปรุง 2566),C,2,ผู้เรียนมีภาวะผู้นำ และผู้ตามในการปฏิบัติงานภายใต้สภาวการณ์ต่างๆ อย่างเหมาะสมกับและวัฒนธรรมขององค์กรนั้นๆ และบรรทัดฐานทางสังคม
db314 - plo.csv,ศศ.บ.นโยบายสังคมและการพัฒนา (นานาชาติ) (ปรับปรุง 2566),C,3,ผู้เรียนมีความรับผิดชอบต่อตนเอง ต่องานที่รับผิดชอบ ต่อเพื่อนร่วมงาน ต่อองค์กร และต่อสังคม
db314 - plo.csv,สังคมสงเคราะห์ศาสตรบัณฑิต (ปรับปรุง 2566) ศูนย์รังสิต,PLOs,1,อธิบายองค์ความรู้ด้านสังคมสงเคราะห์และสวัสดิการสังคม
db314 - plo.csv,สังคมสงเคราะห์ศาสตรบัณฑิต (ปรับปรุง 2566) ศูนย์รังสิต,PLOs,2,วิเคราะห์ปรากฏการณ์ทางสังคมภายใต้บริบทเศรษฐกิจ สังคม การเมือง และสภาพแวดล้อมทั้งภายในประเทศและต่างประเทศในการปฏิบัติงานสังคมสงเคราะห์
db314 - plo.csv,สังคมสงเคราะห์ศาสตรบัณฑิต (ปรับปรุง 2566) ศูนย์รังสิต,PLOs,3,ประยุกต์ใช้องค์ความรู้ทางสังคมสงเคราะห์เพื่อปฏิบัติงานระดับบุคคล ครอบครัว กลุ่ม ชุมชน และสังคม
db314 - plo.csv,สังคมสงเคราะห์ศาสตรบัณฑิต (ปรับปรุง 2566) ศูนย์รังสิต,PLOs,4,ประยุกต์ใช้ทักษะด้านสังคมสงเคราะห์เพื่อปฏิบัติงานสังคมสงเคราะห์กับกลุ่มเป้าหมายที่หลากหลาย
db314 - plo.csv,สังคมสงเคราะห์ศาสตรบัณฑิต (ปรับปรุง 2566) ศูนย์รังสิต,PLOs,5,ประยุกต์ใช้เครื่องมือในการปฏิบัติงานสังคมสงเคราะห์
db314 - plo.csv,สังคมสงเคราะห์ศาสตรบัณฑิต (ปรับปรุง 2566) ศูนย์รังสิต,PLOs,6,ออกแบบเครื่องมือเพื่อการปฏิบัติงานด้านสังคมสงเคราะห์
db314 - plo.csv,สังคมสงเคราะห์ศาสตรบัณฑิต (ปรับปรุง 2566) ศูนย์รังสิต,PLOs,7,ปฏิบัติงานโดยยึดถือจรรยาบรรณแห่งวิชาชีพสังคมสงเคราะห์
db314 - plo.csv,สังคมสงเคราะห์ศาสตรบัณฑิต (ปรับปรุง 2566) ศูนย์รังสิต,PLOs,8,แสดงออกถึงการเคารพความแตกต่างและพิทักษ์สิทธิของกลุ่มเป้าหมายที่หลากหลาย
db314 - plo.csv,พยาบาลศาสตรบัณฑิต (ปรับปรุง 66),PLOs,1,ผู้เรียนสามารถประยุกต์ความรู้ทางศาสตร์การพยาบาลและการผดุงครรภ์ และศาสตร์ที่เกี่ยวข้องเพื่อวางแผนให้บริการพยาบาลและการผดุงครรภ์อย่างเป็นองค์รวมในทุกสภาวะของผู้รับบริการ
db314 - plo.csv,พยาบาลศาสตรบัณฑิต (ปรับปรุง 66),PLOs,4,ผู้เรียนสามารถออกแบบโครงการวิจัย/ นวัตกรรมที่เกี่ยวข้องกับการดูแลสุขภาพ / โครงการบริการสุขภาพ เพื่อใช้ในการปฏิบัติงานทางการพยาบาล
db314 - plo.csv,พยาบาลศาสตรบัณฑิต (ปรับปรุง 66),PLOs,2,ผู้เรียนสามารถปฏิบัติการพยาบาลและการผดุงครรภ์ในการดูแลผู้รับบริการทุกช่วงวัยและครอบครัวได้ตามมาตรฐานและขอบเขตของวิชาชีพ คำนึงถึงความปลอดภัยของผู้รับบริการ ความเป็นปัจเจกบุคคลและความแตกต่างทางวัฒนธรรม
db314 - plo.csv,พยาบาลศาสตรบัณฑิต (ปรับปรุง 66),PLOs,8,ผู้เรียนสามารถปฏิบัติตนตามจริยธรรมและจรรยาบรรณวิชาชีพพยาบาล มีจิตอาสา รับผิดชอบต่อตนเองและสังคม
db314 - plo.csv,พยาบาลศาสตรบัณฑิต (ปรับปรุง 66),PLOs,5,ผู้เรียนสามารถสื่อสารทางวิชาการและสื่อสารเชิงวิชาชีพด้วยภาษาไทยและภาษาอังกฤษ
db314 - plo.csv,พยาบาลศาสตรบัณฑิต (ปรับปรุง 66),PLOs,6,ผู้เรียนสามารถแสดงภาวะผู้นำในการปฏิบัติงาน และการบริหารจัดการด้านการพยาบาล
db314 - plo.csv,พยาบาลศาสตรบัณฑิต (ปรับปรุง 66),PLOs,7,ผู้เรียนสามารถแสดงออกถึงการแสวงหาความรู้เพื่อพัฒนาตนเอง
db314 - plo.csv,TEP วศ.บ.เครื่องกล 66,K,1,ผู้เรียนสามารถอธิบายข้อมูลและแก้ปัญหาทางวิศวกรรมในด้านการออกแบบเชิงกล (Mechanical Design)
db314 - plo.csv,TEP วศ.บ.เครื่องกล 66,K,2,ผู้เรียนสามารถอธิบายข้อมูลและแก้ปัญหาทางวิศวกรรมในด้านอุณหศาสตร์และของไหล
db314 - plo.csv,TEP วศ.บ.เครื่องกล 66,K,3,ผู้เรียนสามารถอธิบายข้อมูลและแก้ปัญหาทางวิศวกรรมในด้านระบบพลศาสตร์และการควบคุม
db314 - plo.csv,TEP วศ.บ.เครื่องกล 66,S,1,ผู้เรียนมีทักษะทางด้านดิจิทัลและ IOT
db314 - plo.csv,TEP วศ.บ.เครื่องกล 66,S,2,ผู้เรียนมีทักษะทางด้านการปฏิบัติลงมือทำ
db314 - plo.csv,TEP วศ.บ.เครื่องกล 66,S,3,ผู้เรียนสามารถทำงานเป็นทีมได้
db314 - plo.csv,TEP วศ.บ.เครื่องกล 66,E,1,ผู้เรียนต้องมีความซื่อสัตย์ ไม่คัดลอกผลงานวิจัยคนอื่น
db314 - plo.csv,TEP วศ.บ.เครื่องกล 66,E,2,ผู้เรียนต้องมีความตรงต่อเวลา
db314 - plo.csv,TEP วศ.บ.เครื่องกล 66,E,3,ผู้เรียนต้องมีความเคารพต่ออาจารย์และสถานที่เรียน
db314 - plo.csv,TEP วศ.บ.เครื่องกล 66,C,1,ผู้เรียนสามารถนำเสนอ วิเคราะห์ถึงสาเหตุหรือปัญหาต่าง ๆ ของโครงงานด้านวิศวกรรม
db314 - plo.csv,TEP วศ.บ.เครื่องกล 66,C,2,ผู้เรียนสามารถแก้ไขปัญหาเฉพาะหน้าได้
db314 - plo.csv,TEP วศ.บ.เครื่องกล 66,C,3,ผู้เรียนสามารถลำดับถึงขั้นตอนการทำงานของระบบต่าง ๆ ทางวิศวกรรมได้
db314 - plo.csv,TEPE วศ.บ.เครื่องกลเเละการจัดการ 66,K,1,ผู้เรียนสามารถอธิบายข้อมูลและแก้ปัญหาทางวิศวกรรมในด้านการออกแบบเชิงกล (Mechanical Design)
db314 - plo.csv,TEPE วศ.บ.เครื่องกลเเละการจัดการ 66,K,2,ผู้เรียนสามารถอธิบายข้อมูลและแก้ปัญหาทางวิศวกรรมในด้านอุณหศาสตร์และของไหล
db314 - plo.csv,TEPE วศ.บ.เครื่องกลเเละการจัดการ 66,K,3,ผู้เรียนสามารถอธิบายข้อมูลและแก้ปัญหาทางวิศวกรรมในด้านระบบพลศาสตร์และการควบคุม
db314 - plo.csv,TEPE วศ.บ.เครื่องกลเเละการจัดการ 66,S,1,ผู้เรียนมีทักษะทางด้านดิจิทัลและ IOT
db314 - plo.csv,TEPE วศ.บ.เครื่องกลเเละการจัดการ 66,S,2,ผู้เรียนมีทักษะทางด้านการปฏิบัติลงมือทำ
db314 - plo.csv,TEPE วศ.บ.เครื่องกลเเละการจัดการ 66,S,3,ผู้เรียนสามารถทำงานเป็นทีมได้
db314 - plo.csv,TEPE วศ.บ.เครื่องกลเเละการจัดการ 66,E,1,ผู้เรียนต้องมีความซื่อสัตย์ ไม่คัดลอกผลงานวิจัยคนอื่น
db314 - plo.csv,TEPE วศ.บ.เครื่องกลเเละการจัดการ 66,E,2,ผู้เรียนต้องมีความตรงต่อเวลา
db314 - plo.csv,TEPE วศ.บ.เครื่องกลเเละการจัดการ 66,E,3,ผู้เรียนต้องมีความเคารพต่ออาจารย์และสถานที่เรียน
db314 - plo.csv,TEPE วศ.บ.เครื่องกลเเละการจัดการ 66,C,1,ผู้เรียนสามารถนำเสนอ วิเคราะห์ถึงสาเหตุหรือปัญหาต่าง ๆ ของโครงงานด้านวิศวกรรม
db314 - plo.csv,TEPE วศ.บ.เครื่องกลเเละการจัดการ 66,C,2,ผู้เรียนสามารถแก้ไขปัญหาเฉพาะหน้าได้
db314 - plo.csv,TEPE วศ.บ.เครื่องกลเเละการจัดการ 66,C,3,ผู้เรียนสามารถลำดับถึงขั้นตอนการทำงานของระบบต่าง ๆ ทางวิศวกรรมได้
db314 - plo.csv,TEPE วศ.บ.โยธาเเละการพัฒนาอสังหาฯ 66,K,1,ผู้เรียนสามารถจัดการปัญหาทางด้านวิศวกรรมโยธาได้ ด้วยการเลือกสรรวิธีการที่เหมาะสม โดยบูรณาการหลักการทางวิศวกรรมศาสตร์ วิทยาศาสตร์ และคณิตศาสตร์พื้นฐาน ต่อยอดความรู้ และปรับใช้ความรู้เพื่อการพัฒนางาน
db314 - plo.csv,TEPE วศ.บ.โยธาเเละการพัฒนาอสังหาฯ 66,S,1,ผู้เรียนมีทักษะในการสื่อสารได้อย่างมีประสิทธิภาพทั้งด้วยภาษาทั่วไปและภาษาวิชาการ โดยเน้นความสามารถในการสื่อสารโดยใช้ภาษาอังกฤษด้วย
db314 - plo.csv,TEPE วศ.บ.โยธาเเละการพัฒนาอสังหาฯ 66,S,2,ผู้เรียนมีทักษะในการทำปฏิบัติการทางโยธาและวิศวกรรมโยธา
db314 - plo.csv,TEPE วศ.บ.โยธาเเละการพัฒนาอสังหาฯ 66,E,1,ผู้เรียนมีคุณธรรม จริยธรรม และจรรยาบรรณทางวิชาชีพ
db314 - plo.csv,TEPE วศ.บ.โยธาเเละการพัฒนาอสังหาฯ 66,C,1,ผู้เรียนมีความสามารถในการเรียนรู้ตลอดชีวิต
db314 - plo.csv,TEPE วศ.บ.โยธาเเละการพัฒนาอสังหาฯ 66,C,2,ผู้เรียนมีความสามารถในการทำงานเป็นทีม
db314 - plo.csv,TEPE วศ.บ.ไฟฟ้าเเละข้อมูล 66,K,1,ผู้เรียนมีความรู้ทางพื้นฐานทางวิศวกรรมไฟฟ้า
db314 - plo.csv,TEPE วศ.บ.ไฟฟ้าเเละข้อมูล 66,K,2,ผู้เรียนสามารถเข้าใจในวิธีการนำความรู้พื้นฐานทางวิศวกรรมไฟฟ้าไปใช้งาน
db314 - plo.csv,TEPE วศ.บ.ไฟฟ้าเเละข้อมูล 66,K,3,ผู้เรียนสามารถประยุกต์ใช้ความรู้พื้นฐานทางวิศวกรรมไฟฟ้า
db314 - plo.csv,TEPE วศ.บ.ไฟฟ้าเเละข้อมูล 66,K,4,ผู้เรียนมีความรู้พื้นฐานทางวิศวกรรมไฟฟ้าที่เพียงพอในการเรียนรู้เทคโนยีใหม่ ๆ ได้
db314 - plo.csv,TEPE วศ.บ.ไฟฟ้าเเละข้อมูล 66,K,5,ผู้เรียนสามารถนำความรู้และการประยุกต์ใช้ความรู้ทางวิศวกรรมฟ้าและเทคโนโลยีใหม่ ไปสร้างสรรค์ต่อยอดการใช้งานและการประยุกต์ต่อได้
db314 - plo.csv,TEPE วศ.บ.ไฟฟ้าเเละข้อมูล 66,S,1,ผู้เรียนสามารถทำงานร่วมกันกับผู้อื่นได้
db314 - plo.csv,TEPE วศ.บ.ไฟฟ้าเเละข้อมูล 66,S,2,ผู้เรียนสามารถแสดงให้เห็นถึงความสามารถในการเป็นผู้นำได้
db314 - plo.csv,TEPE วศ.บ.ไฟฟ้าเเละข้อมูล 66,S,3,ผู้เรียนสามารถใช้องค์ความรู้ทางวิศวกรรมไฟฟ้าในการแก้ปัญหาได้
db314 - plo.csv,TEPE วศ.บ.ไฟฟ้าเเละข้อมูล 66,S,4,ผู้เรียนสามารถใช้เครื่องมือในการออกแบบหรือแก้ปัญหาทางวิศวกรรมไฟฟ้าได้
db314 - plo.csv,TEPE วศ.บ.ไฟฟ้าเเละข้อมูล 66,S,5,ผู้เรียนสามารถออกแบบและพัฒนาตามองค์ความรู้ทางวิศวกรรมไฟฟ้าแต่ละแขนงได้
db314 - plo.csv,TEPE วศ.บ.ไฟฟ้าเเละข้อมูล 66,E,1,ผู้เรียนมีความรู้เบื้องต้นเกี่ยวกับกฎหมายที่เกี่ยวข้องกับวิชาชีพ
db314 - plo.csv,TEPE วศ.บ.ไฟฟ้าเเละข้อมูล 66,E,2,ผู้เรียนสามารถเข้าใจถึงจริยธรรม จรรยาบรรณ และอื่น ๆ ที่เกี่ยวข้องกับวิชาชีพ
db314 - plo.csv,TEPE วศ.บ.ไฟฟ้าเเละข้อมูล 66,C,1,เป็นผู้ที่แสดงให้เห็นถึงการมีจริยธรรมในวิชาชีพ
db314 - plo.csv,TEPE วศ.บ.ไฟฟ้าเเละข้อมูล 66,C,2,เป็นผู้ที่ใฝ่ศึกษาเรียนรู้อย่างต่อเนื่อง
db314 - plo.csv,TU PINE วศ.บ ซอฟเเวร์ 68,K,1,ผู้เรียนมีความรู้พื้นฐานทางด้านคณิตศาสตร์ วิทยาศาสตร์ และความรู้เฉพาะทางวิศวกรรมซอฟต์แวร์ สามารถนำไปประยุกต์ใช้ในการพัฒนาซอฟต์แวร์ได้
db314 - plo.csv,TU PINE วศ.บ ซอฟเเวร์ 68,K,2,ผู้เรียนสามารถใช้เครื่องมือและเทคโนโลยีที่ทันสมัย และนำไปประยุกต์ใช้ร่วมกับความรู้ทางวิศวกรรมซอฟต์แวร์ในการสร้างนวัตกรรมได้
db314 - plo.csv,TU PINE วศ.บ ซอฟเเวร์ 68,S,1,ผู้เรียนมีทักษะในการแก้ปัญหาด้วยการวิเคราะห์ ออกแบบและพัฒนาระบบซอฟต์แวร์ และสามารถตรวจสอบได้
db314 - plo.csv,TU PINE วศ.บ ซอฟเเวร์ 68,S,2,ผู้เรียนสามารถบริหารจัดการ ติดต่อสื่อสาร และทำงานเป็นทีมได้
db314 - plo.csv,TU PINE วศ.บ ซอฟเเวร์ 68,E,1,ผู้เรียนสามารถเข้าใจถึงจริยธรรม จรรยาบรรณ และอื่น ๆ ที่เกี่ยวข้องกับวิชาชีพวิศวกรรมซอฟต์แวร์ และมีความรับผิดชอบต่อองค์กรและสังคม
db314 - plo.csv,TU PINE วศ.บ ซอฟเเวร์ 68,C,1,เป็นผู้ที่ใฝ่ศึกษาเรียนรู้อย่างต่อเนื่อง
db314 - plo.csv,TEP วศ.บ. โยธา 66,K,1,ผู้เรียนสามารถจัดการปัญหาทางด้านวิศวกรรมโยธาได้ ด้วยการเลือกสรรวิธีการที่เหมาะสม โดยบูรณาการหลักการทางวิศวกรรมศาสตร์ วิทยาศาสตร์ และคณิตศาสตร์พื้นฐาน ต่อยอดความรู้ และปรับใช้ความรู้เพื่อการพัฒนางาน
db314 - plo.csv,TEP วศ.บ. โยธา 66,S,1,ผู้เรียนมีทักษะในการสื่อสารได้อย่างมีประสิทธิภาพทั้งด้วยภาษาทั่วไปและภาษาวิชาการ โดยเน้นความสามารถในการสื่อสารโดยใช้ภาษาอังกฤษด้วย
db314 - plo.csv,TEP วศ.บ. โยธา 66,S,2,ผู้เรียนมีทักษะในการทำปฏิบัติการทางโยธาและวิศวกรรมโยธา
db314 - plo.csv,TEP วศ.บ. โยธา 66,E,1,ผู้เรียนมีคุณธรรม จริยธรรม และจรรยาบรรณทางวิชาชีพ
db314 - plo.csv,TEP วศ.บ. โยธา 66,C,1,ผู้เรียนมีความสามารถในการเรียนรู้ตลอดชีวิต
db314 - plo.csv,TEP วศ.บ. โยธา 66,C,2,ผู้เรียนมีความสามารถในการทำงานเป็นทีม
db314 - plo.csv,TEPE วศ.บ. เคมีเเละการจัดการ 68,K,1,ผู้เรียนสามารถจัดการปัญหาทางด้านวิศวกรรมเคมีได้ ด้วยการเลือกสรรวิธีการที่เหมาะสม โดยบูรณาการหลักการทางวิศวกรรมศาสตร์ วิทยาศาสตร์ และคณิตศาสตร์พื้นฐาน ต่อยอดความรู้ และปรับใช้ความรู้เพื่อการพัฒนางาน
db314 - plo.csv,TEPE วศ.บ. เคมีเเละการจัดการ 68,S,1,ผู้เรียนมีทักษะในการสื่อสารได้อย่างมีประสิทธิภาพทั้งด้วยภาษาทั่วไปและภาษาวิชาการ โดยเน้นความสามารถในการสื่อสารโดยใช้ภาษาอังกฤษด้วย
db314 - plo.csv,TEPE วศ.บ. เคมีเเละการจัดการ 68,S,2,ผู้เรียนมีทักษะในการทำปฏิบัติการทางเคมีและวิศวกรรมเคมี
db314 - plo.csv,TEPE วศ.บ. เคมีเเละการจัดการ 68,E,1,ผู้เรียนมีคุณธรรม จริยธรรม และจรรยาบรรณทางวิชาชีพ
db314 - plo.csv,TEPE วศ.บ. เคมีเเละการจัดการ 68,C,1,ผู้เรียนมีความสามารถในการเรียนรู้ตลอดชีวิต
db314 - plo.csv,TEPE วศ.บ. เคมีเเละการจัดการ 68,C,2,ผู้เรียนมีความสามารถในการทำงานเป็นทีม
db314 - plo.csv,วศ.บ.วิศวกรรมเคมี 66,K,1,ผู้เรียนสามารถจัดการปัญหาทางด้านวิศวกรรมเคมีได้ ด้วยการเลือกสรรวิธีการที่เหมาะสม โดยบูรณาการหลักการทางวิศวกรรมศาสตร์ วิทยาศาสตร์ และคณิตศาสตร์พื้นฐาน ต่อยอดความรู้ และปรับใช้ความรู้เพื่อการพัฒนางาน
db314 - plo.csv,วศ.บ.วิศวกรรมเคมี 66,S,1,ผู้เรียนมีทักษะในการสื่อสารได้อย่างมีประสิทธิภาพทั้งด้วยภาษาทั่วไปและภาษาวิชาการ โดยเน้นความสามารถในการสื่อสารโดยใช้ภาษาอังกฤษด้วย
db314 - plo.csv,วศ.บ.วิศวกรรมเคมี 66,S,2,ผู้เรียนมีทักษะในการทำปฏิบัติการทางเคมีและวิศวกรรมเคมี
db314 - plo.csv,วศ.บ.วิศวกรรมเคมี 66,E,1,ผู้เรียนมีคุณธรรม จริยธรรม และจรรยาบรรณทางวิชาชีพ
db314 - plo.csv,วศ.บ.วิศวกรรมเคมี 66,C,1,ผู้เรียนมีความสามารถในการเรียนรู้ตลอดชีวิต
db314 - plo.csv,วศ.บ.วิศวกรรมเคมี 66,C,2,ผู้เรียนมีความสามารถในการทำงานเป็นทีม
db314 - plo.csv,วศ.บ.วิศวกรรมคอม 66,K,1,ผู้เรียนมีความรู้ทางพื้นฐานทางวิศวกรรมคอมพิวเตอร์
db314 - plo.csv,วศ.บ.วิศวกรรมคอม 66,K,2,ผู้เรียนสามารถเข้าใจในวิธีการนำความรู้พื้นฐานทางวิศวกรรมคอมพิวเตอร์ไปใช้งาน
db314 - plo.csv,วศ.บ.วิศวกรรมคอม 66,K,3,ผู้เรียนสามารถประยุกต์ใช้ความรู้พื้นฐานทางวิศวกรรมคอมพิวเตอร์
db314 - plo.csv,วศ.บ.วิศวกรรมคอม 66,K,4,ผู้เรียนสามารถประยุกต์ใช้เทคโนยีใหม่ ๆ ได้
db314 - plo.csv,วศ.บ.วิศวกรรมคอม 66,K,5,ผู้เรียนสามารถนำความรู้และการประยุกต์ใช้ความรู้ทางวิศวกรรมคอมพิวเตอร์และเทคโนโลยีใหม่ไปสร้างสรรค์ต่อยอดการใช้งานและการประยุกต์ต่อได้
db314 - plo.csv,วศ.บ.วิศวกรรมคอม 66,S,1,ผู้เรียนสามารถทำงานเป็นทีมได้
db314 - plo.csv,วศ.บ.วิศวกรรมคอม 66,S,2,ผู้เรียนสามารถแสดงให้เห็นถึงความสามารถในการเป็นผู้นำได้
db314 - plo.csv,วศ.บ.วิศวกรรมคอม 66,S,3,ผู้เรียนสามารถใช้คอมพิวเตอร์ในการแก้ปัญหาได้
db314 - plo.csv,วศ.บ.วิศวกรรมคอม 66,S,4,ผู้เรียนสามารถใช้เครื่องมือในการพัฒนาระบบคอมพิวเตอร์ได้
db314 - plo.csv,วศ.บ.วิศวกรรมคอม 66,S,5,ผู้เรียนสามารถออกแบบและพัฒนาระบบคอมพิวเตอร์ได้
db314 - plo.csv,วศ.บ.วิศวกรรมคอม 66,E,1,ผู้เรียนมีความรู้เบื้องต้นเกี่ยวกับกฎหมายที่เกี่ยวข้องกับวิชาชีพ
db314 - plo.csv,วศ.บ.วิศวกรรมคอม 66,E,2,ผู้เรียนสามารถเข้าใจถึงจริยธรรม จรรยาบรรณ และอื่น ๆ ที่เกี่ยวข้องกับวิชาชีพ
db314 - plo.csv,วศ.บ.วิศวกรรมคอม 66,C,1,เป็นผู้ที่แสดงให้เห็นถึงการมีจริยธรรมในวิชาชีพ
db314 - plo.csv,วศ.บ.วิศวกรรมคอม 66,C,2,เป็นผู้ที่ใฝ่ศึกษาเรียนรู้อย่างต่อเนื่อง
db314 - plo.csv,TEP วศ.บ. เคมี 68,K,1,ผู้เรียนสามารถจัดการปัญหาทางด้านวิศวกรรมเคมีได้ ด้วยการเลือกสรรวิธีการที่เหมาะสม โดยบูรณาการหลักการทางวิศวกรรมศาสตร์ วิทยาศาสตร์ และคณิตศาสตร์พื้นฐาน ต่อยอดความรู้ และปรับใช้ความรู้เพื่อการพัฒนางาน
db314 - plo.csv,TEP วศ.บ. เคมี 68,S,1,ผู้เรียนมีทักษะในการสื่อสารได้อย่างมีประสิทธิภาพทั้งด้วยภาษาทั่วไปและภาษาวิชาการ โดยเน้นความสามารถในการสื่อสารโดยใช้ภาษาอังกฤษด้วย
db314 - plo.csv,TEP วศ.บ. เคมี 68,S,2,ผู้เรียนมีทักษะในการทำปฏิบัติการทางเคมีและวิศวกรรมเคมี
db314 - plo.csv,TEP วศ.บ. เคมี 68,E,1,ผู้เรียนมีคุณธรรม จริยธรรม และจรรยาบรรณทางวิชาชีพ
db314 - plo.csv,TEP วศ.บ. เคมี 68,C,1,ผู้เรียนมีความสามารถในการเรียนรู้ตลอดชีวิต
db314 - plo.csv,TEP วศ.บ. เคมี 68,C,2,ผู้เรียนมีความสามารถในการทำงานเป็นทีม
db314 - plo.csv,TU PINE วศ.บ.โยธาเเละการบริหารการก่อสร้าง 68,K,1,ผู้เรียนสามารถจัดการปัญหาทางด้านวิศวกรรมโยธาได้ ด้วยการเลือกสรรวิธีการที่เหมาะสม โดยบูรณาการหลักการทางวิศวกรรมศาสตร์ วิทยาศาสตร์ และคณิตศาสตร์พื้นฐาน ต่อยอดความรู้ และปรับใช้ความรู้เพื่อการพัฒนางาน
db314 - plo.csv,TU PINE วศ.บ.โยธาเเละการบริหารการก่อสร้าง 68,S,1,ผู้เรียนมีทักษะในการสื่อสารได้อย่างมีประสิทธิภาพทั้งด้วยภาษาทั่วไปและภาษาวิชาการ โดยเน้นความสามารถในการสื่อสารโดยใช้ภาษาอังกฤษด้วย
db314 - plo.csv,TU PINE วศ.บ.โยธาเเละการบริหารการก่อสร้าง 68,S,2,ผู้เรียนมีทักษะในการทำปฏิบัติการทางโยธาและวิศวกรรมโยธา
db314 - plo.csv,TU PINE วศ.บ.โยธาเเละการบริหารการก่อสร้าง 68,S,3,ผู้เรียนมีทักษะในการคิดเชิงคำนวณด้านคอมพิวเตอร์ และเทคโนโลยีดิจิทัล
db314 - plo.csv,TU PINE วศ.บ.โยธาเเละการบริหารการก่อสร้าง 68,E,1,ผู้เรียนมีคุณธรรม จริยธรรม และจรรยาบรรณทางวิชาชีพ
db314 - plo.csv,TU PINE วศ.บ.โยธาเเละการบริหารการก่อสร้าง 68,C,1,ผู้เรียนมีความสามารถในการเรียนรู้ตลอดชีวิต
db314 - plo.csv,TU PINE วศ.บ.โยธาเเละการบริหารการก่อสร้าง 68,C,2,ผู้เรียนมีความสามารถในการทำงานเป็นทีม
db314 - plo.csv,วศ.บ.วิศวกรรมโยธา 66,K,1,ผู้เรียนสามารถจัดการปัญหาทางด้านวิศวกรรมโยธาได้ ด้วยการเลือกสรรวิธีการที่เหมาะสม โดยบูรณาการหลักการทางวิศวกรรมศาสตร์ วิทยาศาสตร์ และคณิตศาสตร์พื้นฐาน ต่อยอดความรู้ และปรับใช้ความรู้เพื่อการพัฒนางาน
db314 - plo.csv,วศ.บ.วิศวกรรมโยธา 66,S,1,ผู้เรียนมีทักษะในการสื่อสารได้อย่างมีประสิทธิภาพทั้งด้วยภาษาทั่วไปและภาษาวิชาการ โดยเน้นความสามารถในการสื่อสารโดยใช้ภาษาอังกฤษด้วย
db314 - plo.csv,วศ.บ.วิศวกรรมโยธา 66,S,2,ผู้เรียนมีทักษะในการทำปฏิบัติการทางโยธาและวิศวกรรมโยธา
db314 - plo.csv,วศ.บ.วิศวกรรมโยธา 66,E,1,ผู้เรียนมีคุณธรรม จริยธรรม และจรรยาบรรณทางวิชาชีพ
db314 - plo.csv,วศ.บ.วิศวกรรมโยธา 66,C,1,ผู้เรียนมีความสามารถในการเรียนรู้ตลอดชีวิต
db314 - plo.csv,วศ.บ.วิศวกรรมโยธา 66,C,2,ผู้เรียนมีความสามารถในการทำงานเป็นทีม
db314 - plo.csv,TEP วศ.บ.ไฟฟ้า 68,K,1,ผู้เรียนมีความรู้ทางพื้นฐานทางวิศวกรรมไฟฟ้า
db314 - plo.csv,TEP วศ.บ.ไฟฟ้า 68,K,2,ผู้เรียนสามารถเข้าใจในวิธีการนำความรู้พื้นฐานทางวิศวกรรมไฟฟ้าไปใช้งาน
db314 - plo.csv,TEP วศ.บ.ไฟฟ้า 68,K,3,ผู้เรียนสามารถประยุกต์ใช้ความรู้พื้นฐานทางวิศวกรรมไฟฟ้า
db314 - plo.csv,TEP วศ.บ.ไฟฟ้า 68,K,4,ผู้เรียนมีความรู้พื้นฐานทางวิศวกรรมไฟฟ้าที่เพียงพอในการเรียนรู้เทคโนยีใหม่ ๆ ได้
db314 - plo.csv,TEP วศ.บ.ไฟฟ้า 68,K,5,ผู้เรียนสามารถนำความรู้และการประยุกต์ใช้ความรู้ทางวิศวกรรมฟ้าและเทคโนโลยีใหม่ ไปสร้างสรรค์ต่อยอดการใช้งานและการประยุกต์ต่อได้
db314 - plo.csv,TEP วศ.บ.ไฟฟ้า 68,S,1,ผู้เรียนสามารถทำงานร่วมกันกับผู้อื่นได้
db314 - plo.csv,TEP วศ.บ.ไฟฟ้า 68,S,2,ผู้เรียนสามารถแสดงให้เห็นถึงความสามารถในการเป็นผู้นำได้
db314 - plo.csv,TEP วศ.บ.ไฟฟ้า 68,S,3,ผู้เรียนสามารถใช้องค์ความรู้ทางวิศวกรรมไฟฟ้าในการแก้ปัญหาได้
db314 - plo.csv,TEP วศ.บ.ไฟฟ้า 68,S,4,ผู้เรียนสามารถใช้เครื่องมือในการออกแบบหรือแก้ปัญหาทางวิศวกรรมไฟฟ้าได้
db314 - plo.csv,TEP วศ.บ.ไฟฟ้า 68,S,5,ผู้เรียนสามารถออกแบบและพัฒนาตามองค์ความรู้ทางวิศวกรรมไฟฟ้าแต่ละแขนงได้
db314 - plo.csv,TEP วศ.บ.ไฟฟ้า 68,E,1,ผู้เรียนมีความรู้เบื้องต้นเกี่ยวกับกฎหมายที่เกี่ยวข้องกับวิชาชีพ
db314 - plo.csv,TEP วศ.บ.ไฟฟ้า 68,E,2,ผู้เรียนสามารถเข้าใจถึงจริยธรรม จรรยาบรรณ และอื่น ๆ ที่เกี่ยวข้องกับวิชาชีพ
db314 - plo.csv,TEP วศ.บ.ไฟฟ้า 68,C,1,เป็นผู้ที่แสดงให้เห็นถึงการมีจริยธรรมในวิชาชีพ
db314 - plo.csv,TEP วศ.บ.ไฟฟ้า 68,C,2,เป็นผู้ที่ใฝ่ศึกษาเรียนรู้อย่างต่อเนื่อง
db314 - plo.csv,วศ.บ.วิศวกรรมอุตสาหการ 66,K,1,ผู้เรียนมีความรู้ทางพื้นฐานทางวิศวกรรมอุตสาหการ
db314 - plo.csv,วศ.บ.วิศวกรรมอุตสาหการ 66,K,2,ผู้เรียนสามารถเข้าใจในวิธีการนำความรู้พื้นฐานทางวิศวกรรมอุตสาหการไปใช้งาน
db314 - plo.csv,วศ.บ.วิศวกรรมอุตสาหการ 66,K,3,ผู้เรียนสามารถประยุกต์ใช้ความรู้พื้นฐานทางวิศวกรรมอุตสาหการ
db314 - plo.csv,วศ.บ.วิศวกรรมอุตสาหการ 66,K,4,ผู้เรียนสามารถประยุกต์ใช้เทคโนยีใหม่ ๆ ได้
db314 - plo.csv,วศ.บ.วิศวกรรมอุตสาหการ 66,K,5,ผู้เรียนสามารถนำความรู้และการประยุกต์ใช้ความรู้ทางวิศวกรรมอุตสาหการและเทคโนโลยีใหม่ไปสร้างสรรค์ต่อยอดการใช้งานและการประยุกต์ต่อได้
db314 - plo.csv,วศ.บ.วิศวกรรมอุตสาหการ 66,S,1,ผู้เรียนสามารถทำงานเป็นทีมได้
db314 - plo.csv,วศ.บ.วิศวกรรมอุตสาหการ 66,S,2,ผู้เรียนสามารถแสดงให้เห็นถึงความสามารถในการเป็นผู้นำได้
db314 - plo.csv,วศ.บ.วิศวกรรมอุตสาหการ 66,S,3,ผู้เรียนสามารถประยุกต์ใช้ software computer ในการวิเคราะห์ข้อมูล เช่น minitab เป็นต้น
db314 - plo.csv,วศ.บ.วิศวกรรมอุตสาหการ 66,S,4,"ผู้เรียนสามารถใช้โปรแกรมเฉพาะทางได้ เช่น Solid edge, PLC เป็นต้น"
db314 - plo.csv,วศ.บ.วิศวกรรมอุตสาหการ 66,E,1,ผู้เรียนมีความรู้เบื้องต้นเกี่ยวกับกฎหมายที่เกี่ยวข้องกับวิชาชีพ
db314 - plo.csv,วศ.บ.วิศวกรรมอุตสาหการ 66,E,2,ผู้เรียนสามารถเข้าใจถึงจริยธรรม จรรยาบรรณ และอื่น ๆ ที่เกี่ยวข้องกับวิชาชีพ
db314 - plo.csv,วศ.บ.วิศวกรรมอุตสาหการ 66,C,1,เป็นผู้ที่แสดงให้เห็นถึงการมีจริยธรรมในวิชาชีพ
db314 - plo.csv,วศ.บ.วิศวกรรมอุตสาหการ 66,C,2,"มีคุณลักษณะของ GREATS (Global mindset, Responsibility, Eloquence, Aesthetic appreciation, Team leader, Spirit of Thammasat)"
db314 - plo.csv,วศ.บ.วิศวกรรมอุตสาหการ 66,C,3,เป็นผู้ที่ใฝ่ศึกษาเรียนรู้อย่างต่อเนื่อง
db314 - plo.csv,วศ.บ.วิศวกรรมไฟฟ้า 66,K,1,ผู้เรียนมีความรู้ทางพื้นฐานทางวิศวกรรมไฟฟ้า
db314 - plo.csv,วศ.บ.วิศวกรรมไฟฟ้า 66,K,2,ผู้เรียนสามารถเข้าใจในวิธีการนำความรู้พื้นฐานทางวิศวกรรมไฟฟ้าไปใช้งาน
db314 - plo.csv,วศ.บ.วิศวกรรมไฟฟ้า 66,K,3,ผู้เรียนสามารถประยุกต์ใช้ความรู้พื้นฐานทางวิศวกรรมไฟฟ้า
db314 - plo.csv,วศ.บ.วิศวกรรมไฟฟ้า 66,K,4,ผู้เรียนมีความรู้พื้นฐานทางวิศวกรรมไฟฟ้าที่เพียงพอในการเรียนรู้เทคโนยีใหม่ ๆ ได้
db314 - plo.csv,วศ.บ.วิศวกรรมไฟฟ้า 66,K,5,ผู้เรียนสามารถนำความรู้และการประยุกต์ใช้ความรู้ทางวิศวกรรมฟ้าและเทคโนโลยีใหม่ ไปสร้างสรรค์ต่อยอดการใช้งานและการประยุกต์ต่อได้
db314 - plo.csv,วศ.บ.วิศวกรรมไฟฟ้า 66,S,1,ผู้เรียนสามารถทำงานร่วมกันกับผู้อื่นได้
db314 - plo.csv,วศ.บ.วิศวกรรมไฟฟ้า 66,S,2,ผู้เรียนสามารถแสดงให้เห็นถึงความสามารถในการเป็นผู้นำได้
db314 - plo.csv,วศ.บ.วิศวกรรมไฟฟ้า 66,S,3,ผู้เรียนสามารถใช้องค์ความรู้ทางวิศวกรรมไฟฟ้าในการแก้ปัญหาได้
db314 - plo.csv,วศ.บ.วิศวกรรมไฟฟ้า 66,S,4,ผู้เรียนสามารถใช้เครื่องมือในการออกแบบหรือแก้ปัญหาทางวิศวกรรมไฟฟ้าได้
db314 - plo.csv,วศ.บ.วิศวกรรมไฟฟ้า 66,S,5,ผู้เรียนสามารถออกแบบและพัฒนาตามองค์ความรู้ทางวิศวกรรมไฟฟ้าแต่ละแขนงได้
db314 - plo.csv,วศ.บ.วิศวกรรมไฟฟ้า 66,E,1,ผู้เรียนมีความรู้เบื้องต้นเกี่ยวกับกฎหมายที่เกี่ยวข้องกับวิชาชีพ
db314 - plo.csv,วศ.บ.วิศวกรรมไฟฟ้า 66,E,2,ผู้เรียนสามารถเข้าใจถึงจริยธรรม จรรยาบรรณ และอื่น ๆ ที่เกี่ยวข้องกับวิชาชีพ
db314 - plo.csv,วศ.บ.วิศวกรรมไฟฟ้า 66,C,1,เป็นผู้ที่แสดงให้เห็นถึงการมีจริยธรรมในวิชาชีพ
db314 - plo.csv,วศ.บ.วิศวกรรมไฟฟ้า 66,C,2,เป็นผู้ที่ใฝ่ศึกษาเรียนรู้อย่างต่อเนื่อง
db314 - plo.csv,วศ.บ.วิศวกรรมเครื่องกล 66,K,1,ผู้เรียนสามารถอธิบายข้อมูลและแก้ปัญหาทางวิศวกรรมในด้านการออกแบบเชิงกล (Mechanical Design)
db314 - plo.csv,วศ.บ.วิศวกรรมเครื่องกล 66,K,2,ผู้เรียนสามารถอธิบายข้อมูลและแก้ปัญหาทางวิศวกรรมในด้านอุณหศาสตร์และของไหล
db314 - plo.csv,วศ.บ.วิศวกรรมเครื่องกล 66,K,3,ผู้เรียนสามารถอธิบายข้อมูลและแก้ปัญหาทางวิศวกรรมในด้านระบบพลศาสตร์และการควบคุม
db314 - plo.csv,วศ.บ.วิศวกรรมเครื่องกล 66,S,1,ผู้เรียนมีทักษะทางด้านดิจิทัลและ IOT
db314 - plo.csv,วศ.บ.วิศวกรรมเครื่องกล 66,S,2,ผู้เรียนมีทักษะทางด้านการปฏิบัติลงมือทำ
db314 - plo.csv,วศ.บ.วิศวกรรมเครื่องกล 66,S,3,ผู้เรียนสามารถทำงานเป็นทีมได้
db314 - plo.csv,วศ.บ.วิศวกรรมเครื่องกล 66,E,1,ผู้เรียนต้องมีความซื่อสัตย์ ไม่คัดลอกผลงานวิจัยคนอื่น
db314 - plo.csv,วศ.บ.วิศวกรรมเครื่องกล 66,E,2,ผู้เรียนต้องมีความตรงต่อเวลา
db314 - plo.csv,วศ.บ.วิศวกรรมเครื่องกล 66,E,3,ผู้เรียนต้องมีความเคารพต่ออาจารย์และสถานที่เรียน
db314 - plo.csv,วศ.บ.วิศวกรรมเครื่องกล 66,C,1,ผู้เรียนสามารถนำเสนอ วิเคราะห์ถึงสาเหตุหรือปัญหาต่าง ๆ ของโครงงานด้านวิศวกรรม
db314 - plo.csv,วศ.บ.วิศวกรรมเครื่องกล 66,C,2,ผู้เรียนสามารถแก้ไขปัญหาเฉพาะหน้าได้
db314 - plo.csv,วศ.บ.วิศวกรรมเครื่องกล 66,C,3,ผู้เรียนสามารถลำดับถึงขั้นตอนการทำงานของระบบต่าง ๆ ทางวิศวกรรมได้
db314 - plo.csv,วศ.บ. วิศวกรรมยานยนฯ 66,K,1,ผู้เรียนมีความรู้ทางพื้นฐานทางวิศวกรรมยานยนต์และระบบอัตโนมัติ
db314 - plo.csv,วศ.บ. วิศวกรรมยานยนฯ 66,K,2,ผู้เรียนสามารถเข้าใจในวิธีการนำความรู้พื้นฐานทางวิศวกรรมยานยนต์และระบบอัตโนมัติไปใช้งาน
db314 - plo.csv,วศ.บ. วิศวกรรมยานยนฯ 66,K,3,ผู้เรียนสามารถนำความรู้พื้นฐานทางวิศวกรรมยานยนต์และระบบอัตโนมัติไปสร้างสรรค์ต่อยอดการใช้งานและการประยุกต์ต่อได้
db314 - plo.csv,วศ.บ. วิศวกรรมยานยนฯ 66,S,1,ผู้เรียนสามารถทำงานเป็นทีมได้
db314 - plo.csv,วศ.บ. วิศวกรรมยานยนฯ 66,S,2,ผู้เรียนสามารถประยุกต์ใช้ความรู้ในการแก้ปัญหาได้
db314 - plo.csv,วศ.บ. วิศวกรรมยานยนฯ 66,S,3,ผู้เรียนสามารถใช้เครื่องมือทางวิศวกรรม ควบคุมเครื่องจักรและอุปกรณ์ต่างๆได้
db314 - plo.csv,วศ.บ. วิศวกรรมยานยนฯ 66,S,4,"ผู้เรียนสามารถใช้โปรแกรมเฉพาะทางวิศวกรรมทั้ง CAD, CAM และ CAE ได้"
db314 - plo.csv,วศ.บ. วิศวกรรมยานยนฯ 66,E,1,ผู้เรียนมีความรู้เบื้องต้นเกี่ยวกับกฎหมายที่เกี่ยวข้องกับวิชาชีพ
db314 - plo.csv,วศ.บ. วิศวกรรมยานยนฯ 66,E,2,ผู้เรียนสามารถเข้าใจถึงจริยธรรมและจรรยาบรรณของวิชาชีพและที่เกี่ยวข้อง
db314 - plo.csv,วศ.บ. วิศวกรรมยานยนฯ 66,C,1,เป็นผู้ที่แสดงให้เห็นถึงการมีจริยธรรมในวิชาชีพ
db314 - plo.csv,วศ.บ. วิศวกรรมยานยนฯ 66,C,2,"มีคุณลักษณะของ GREATS (Global mindset, Responsibility, Eloquence, Aesthetic appreciation, Team leader, Spirit of Thammasat)"
db314 - plo.csv,วศ.บ. วิศวกรรมยานยนฯ 66,C,3,เป็นผู้ที่ใฝ่ศึกษาเรียนรู้อย่างต่อเนื่อง
db314 - plo.csv,TU PINE วศ.บ.ไฟฟ้าเเละการจัดการอุตสาหกรรม 66,K,1,ผู้เรียนมีความรู้ทางพื้นฐานทางวิศวกรรมไฟฟ้า
db314 - plo.csv,TU PINE วศ.บ.ไฟฟ้าเเละการจัดการอุตสาหกรรม 66,K,2,ผู้เรียนสามารถเข้าใจในวิธีการนำความรู้พื้นฐานทางวิศวกรรมไฟฟ้าไปใช้งาน
db314 - plo.csv,TU PINE วศ.บ.ไฟฟ้าเเละการจัดการอุตสาหกรรม 66,K,3,ผู้เรียนสามารถประยุกต์ใช้ความรู้พื้นฐานทางวิศวกรรมไฟฟ้า
db314 - plo.csv,TU PINE วศ.บ.ไฟฟ้าเเละการจัดการอุตสาหกรรม 66,K,4,ผู้เรียนมีความรู้พื้นฐานทางวิศวกรรมไฟฟ้าที่เพียงพอในการเรียนรู้เทคโนยีใหม่ ๆ ได้
db314 - plo.csv,TU PINE วศ.บ.ไฟฟ้าเเละการจัดการอุตสาหกรรม 66,K,5,ผู้เรียนสามารถนำความรู้และการประยุกต์ใช้ความรู้ทางวิศวกรรมฟ้าและเทคโนโลยีใหม่ไปสร้างสรรค์ต่อยอดการใช้งานและการประยุกต์ต่อได้
db314 - plo.csv,TU PINE วศ.บ.ไฟฟ้าเเละการจัดการอุตสาหกรรม 66,S,1,ผู้เรียนสามารถทำงานร่วมกันกับผู้อื่นได้
db314 - plo.csv,TU PINE วศ.บ.ไฟฟ้าเเละการจัดการอุตสาหกรรม 66,S,2,ผู้เรียนสามารถแสดงให้เห็นถึงความสามารถในการเป็นผู้นำได้
db314 - plo.csv,TU PINE วศ.บ.ไฟฟ้าเเละการจัดการอุตสาหกรรม 66,S,3,ผู้เรียนสามารถใช้องค์ความรู้ทางวิศวกรรมไฟฟ้าในการแก้ปัญหาได้
db314 - plo.csv,TU PINE วศ.บ.ไฟฟ้าเเละการจัดการอุตสาหกรรม 66,S,4,ผู้เรียนสามารถใช้เครื่องมือในการออกแบบหรือแก้ปัญหาทางวิศวกรรมไฟฟ้าได้
db314 - plo.csv,TU PINE วศ.บ.ไฟฟ้าเเละการจัดการอุตสาหกรรม 66,S,5,ผู้เรียนสามารถออกแบบและพัฒนาตามองค์ความรู้ทางวิศวกรรมไฟฟ้าแต่ละแขนงได้
db314 - plo.csv,TU PINE วศ.บ.ไฟฟ้าเเละการจัดการอุตสาหกรรม 66,E,1,ผู้เรียนมีความรู้เบื้องต้นเกี่ยวกับกฎหมายที่เกี่ยวข้องกับวิชาชีพ
db314 - plo.csv,TU PINE วศ.บ.ไฟฟ้าเเละการจัดการอุตสาหกรรม 66,E,2,ผู้เรียนสามารถเข้าใจถึงจริยธรรม จรรยาบรรณ และอื่น ๆ ที่เกี่ยวข้องกับวิชาชีพ
db314 - plo.csv,TU PINE วศ.บ.ไฟฟ้าเเละการจัดการอุตสาหกรรม 66,C,1,เป็นผู้ที่แสดงให้เห็นถึงการมีจริยธรรมในวิชาชีพ
db314 - plo.csv,TU PINE วศ.บ.ไฟฟ้าเเละการจัดการอุตสาหกรรม 66,C,2,เป็นผู้ที่ใฝ่ศึกษาเรียนรู้อย่างต่อเนื่อง
db314 - plo.csv,นิติศาสตรบัณฑิต ศูนย์ลำปาง (ปรับปรุง 66),K,1,มีความรู้ในหลักกฎหมายอย่างกว้างขวางและทฤษฎีองค์ความรู้ที่เกี่ยวข้อง
db314 - plo.csv,นิติศาสตรบัณฑิต ศูนย์ลำปาง (ปรับปรุง 66),K,2,สามารถนำความรู้ หลักการ ทฤษฎีไปประยุกต์ใช้ได้อย่างเหมาสม
db314 - plo.csv,นิติศาสตรบัณฑิต ศูนย์ลำปาง (ปรับปรุง 66),K,3,สามารถบูรณาการความรู้ได้อย่างเหมาะสม
db314 - plo.csv,นิติศาสตรบัณฑิต ศูนย์ลำปาง (ปรับปรุง 66),S,1,มีทักษะด้านดิจิทัล มีความสามารถในการเลือกใช้เทคโนโลยี ในการสืบค้นข้อมูลหรือจัดการข้อมูลได้อย่างเหมาะสม และสามารถค้นคว้าข้อมูลได้อย่างเป็นระบบ รวมถึง สามารถใช้เทคโนโลยี ในการเรียนการสอนและส่งงานได้
db314 - plo.csv,นิติศาสตรบัณฑิต ศูนย์ลำปาง (ปรับปรุง 66),S,2,สามารถวิเคราะห์ปัญหา ประเมินทางเลือก และเสนอแนะวิธีการแก้ไขปัญหาและผลการ ตัดสินใจได้อย่างเหมาะสม
db314 - plo.csv,นิติศาสตรบัณฑิต ศูนย์ลำปาง (ปรับปรุง 66),S,3,มีความคิดริเริ่มอย่างสร้างสรรค์
db314 - plo.csv,นิติศาสตรบัณฑิต ศูนย์ลำปาง (ปรับปรุง 66),E,1,มีความซื่อสัตย์สุจริต
db314 - plo.csv,นิติศาสตรบัณฑิต ศูนย์ลำปาง (ปรับปรุง 66),E,2,มีความเป็นธรรม
db314 - plo.csv,นิติศาสตรบัณฑิต ศูนย์ลำปาง (ปรับปรุง 66),E,3,มีจริยธรรมและจรรยาบรรณในวิชาชีพ
db314 - plo.csv,นิติศาสตรบัณฑิต ศูนย์ลำปาง (ปรับปรุง 66),C,1,ทันโลก ทันสังคม เท่าทันการเปลี่ยนแปลงของโลกในมิติต่างๆ
db314 - plo.csv,นิติศาสตรบัณฑิต ศูนย์ลำปาง (ปรับปรุง 66),C,2,มีสำนึกรับผิดชอบอย่างยั่งยืนต่อตนเอง บุคคลรอบข้าง สังคม และสิ่งแวดล้อม
db314 - plo.csv,นิติศาสตรบัณฑิต ศูนย์ลำปาง (ปรับปรุง 66),C,3,สิทธิเสรีภาพ ยอมรับในความเห็นที่เตกต่างและต่อสู้เพื่อความเป็นธรรม
db314 - plo.csv,นิติศาสตรบัณฑิต ท่าพระจันทร์ (ปรับปรุง 66),K,1,มีความรู้ในหลักกฎหมายอย่างกว้างขวางและทฤษฎีองค์ความรู้ที่เกี่ยวข้อง
db314 - plo.csv,นิติศาสตรบัณฑิต ท่าพระจันทร์ (ปรับปรุง 66),K,2,สามารถนำความรู้ หลักการ ทฤษฎีไปประยุกต์ใช้ได้อย่างเหมาสม
db314 - plo.csv,นิติศาสตรบัณฑิต ท่าพระจันทร์ (ปรับปรุง 66),K,3,สามารถบูรณาการความรู้ได้อย่างเหมาะสม
db314 - plo.csv,นิติศาสตรบัณฑิต ท่าพระจันทร์ (ปรับปรุง 66),S,1,มีทักษะด้านดิจิทัล มีความสามารถในการเลือกใช้เทคโนโลยี ในการสืบค้นข้อมูลหรือจัดการข้อมูลได้อย่างเหมาะสม และสามารถค้นคว้าข้อมูลได้อย่างเป็นระบบ รวมถึง สามารถใช้เทคโนโลยีในการเรียนการสอนและส่งงานได้
db314 - plo.csv,นิติศาสตรบัณฑิต ท่าพระจันทร์ (ปรับปรุง 66),S,2,สามารถวิเคราะห์ปัญหา ประเมินทางเลือก และเสนอแนะวิธีการแก้ไขปัญหาและผลการตัดสินใจได้อย่างเหมาะสม
db314 - plo.csv,นิติศาสตรบัณฑิต ท่าพระจันทร์ (ปรับปรุง 66),S,3,มีความคิดริเริ่มอย่างสร้างสรรค์
db314 - plo.csv,นิติศาสตรบัณฑิต ท่าพระจันทร์ (ปรับปรุง 66),E,1,มีความซื่อสัตย์สุจริต
db314 - plo.csv,นิติศาสตรบัณฑิต ท่าพระจันทร์ (ปรับปรุง 66),E,2,มีความเป็นธรรม
db314 - plo.csv,นิติศาสตรบัณฑิต ท่าพระจันทร์ (ปรับปรุง 66),E,3,มีจริยธรรมและจรรยาบรรณในวิชาชีพ
db314 - plo.csv,นิติศาสตรบัณฑิต ท่าพระจันทร์ (ปรับปรุง 66),C,1,ทันโลก ทันสังคม เท่าทันการเปลี่ยนแปลงของโลกในมิติต่างๆ
db314 - plo.csv,นิติศาสตรบัณฑิต ท่าพระจันทร์ (ปรับปรุง 66),C,2,มีสำนึกรับผิดชอบอย่างยั่งยืนต่อตนเอง บุคคลรอบข้าง สังคม และสิ่งแวดล้อม
db314 - plo.csv,นิติศาสตรบัณฑิต ท่าพระจันทร์ (ปรับปรุง 66),C,3,สิทธิเสรีภาพ ยอมรับในความเห็นที่เตกต่างและต่อสู้เพื่อความเป็นธรรม
db314 - plo.csv,นิติศาสตรบัณฑิต ศูนยรังสิต (ปรับปรุง 66),K,1,มีความรู้ในหลักกฎหมายอย่างกว้างขวางและทฤษฎีองค์ความรู้ที่เกี่ยวข้อง
db314 - plo.csv,นิติศาสตรบัณฑิต ศูนยรังสิต (ปรับปรุง 66),K,2,สามารถนำความรู้ หลักการ ทฤษฎีไปประยุกต์ใช้ได้อย่างเหมาสม
db314 - plo.csv,นิติศาสตรบัณฑิต ศูนยรังสิต (ปรับปรุง 66),K,3,สามารถบูรณาการความรู้ได้อย่างเหมาะสม
db314 - plo.csv,นิติศาสตรบัณฑิต ศูนยรังสิต (ปรับปรุง 66),S,1,มีทักษะด้านดิจิทัล มีความสามารถในการเลือกใช้เทคโนโลยี ในการสืบค้นข้อมูลหรือจัดการข้อมูลได้อย่างเหมาะสม และสามารถค้นคว้าข้อมูลได้อย่างเป็นระบบ รวมถึง สามารถใช้เทคโนโลยีในการเรียนการสอนและส่งงานได้
db314 - plo.csv,นิติศาสตรบัณฑิต ศูนยรังสิต (ปรับปรุง 66),S,2,สามารถวิเคราะห์ปัญหา ประเมินทางเลือก และเสนอแนะวิธีการแก้ไขปัญหาและผลการตัดสินใจได้อย่างเหมาะสม
db314 - plo.csv,นิติศาสตรบัณฑิต ศูนยรังสิต (ปรับปรุง 66),S,3,มีความคิดริเริ่มอย่างสร้างสรรค์
db314 - plo.csv,นิติศาสตรบัณฑิต ศูนยรังสิต (ปรับปรุง 66),E,1,มีความซื่อสัตย์สุจริต
db314 - plo.csv,นิติศาสตรบัณฑิต ศูนยรังสิต (ปรับปรุง 66),E,2,มีความเป็นธรรม
db314 - plo.csv,นิติศาสตรบัณฑิต ศูนยรังสิต (ปรับปรุง 66),E,3,มีจริยธรรมและจรรยาบรรณในวิชาชีพ
db314 - plo.csv,นิติศาสตรบัณฑิต ศูนยรังสิต (ปรับปรุง 66),C,1,ทันโลก ทันสังคม เท่าทันการเปลี่ยนแปลงของโลกในมิติต่างๆ
db314 - plo.csv,นิติศาสตรบัณฑิต ศูนยรังสิต (ปรับปรุง 66),C,2,มีสำนึกรับผิดชอบอย่างยั่งยืนต่อตนเอง บุคคลรอบข้าง สังคม และสิ่งแวดล้อม
db314 - plo.csv,นิติศาสตรบัณฑิต ศูนยรังสิต (ปรับปรุง 66),C,3,สิทธิเสรีภาพ ยอมรับในความเห็นที่เตกต่างและต่อสู้เพื่อความเป็นธรรม
db314 - plo.csv,น.บ. กฎหมายธุรกิจ (นานาชาติ-ปรับปรุง 66),K,1,ผู้เรียนมีความรู้และความเข้าใจในเนื้อหาสาระสำคัญของสาขาวิชา ตลอดจนหลักการและทฤษฎีที่สำคัญ
db314 - plo.csv,น.บ. กฎหมายธุรกิจ (นานาชาติ-ปรับปรุง 66),K,2,ผู้เรียนสามารถวิเคราะห์ปัญหา เข้าใจ รวมทั้งประยุกต์ความรู้ ทักษะ และการใช้เครื่องมือที่เหมาะสมกับการแก้ไขปัญหา
db314 - plo.csv,น.บ. กฎหมายธุรกิจ (นานาชาติ-ปรับปรุง 66),K,3,ผู้เรียนสามารถบูรณาการความรู้ในสาขาวิชาที่ศึกษากับความรู้ในศาสตร์อื่น ๆ ที่เกี่ยวข้อง
db314 - plo.csv,น.บ. กฎหมายธุรกิจ (นานาชาติ-ปรับปรุง 66),S,1,ผู้เรียนสามารถทำงานเป็นทีมได้
db314 - plo.csv,น.บ. กฎหมายธุรกิจ (นานาชาติ-ปรับปรุง 66),S,2,ผู้เรียนมีความใฝ่รู้ ติดตามการเปลี่ยนแปลงเพื่อพัฒนาตนเองอย่างต่อเนื่อง และสามารถเลือกใช้เทคโนโลยีดิจิทัล ในการสืบค้นข้อมูลหรือจัดการข้อมูลได้อย่างเป็นระบบและเหมาะสม
db314 - plo.csv,น.บ. กฎหมายธุรกิจ (นานาชาติ-ปรับปรุง 66),S,3,ผู้เรียนสามารถวิเคราะห์ปัญหา ประเมินทางเลือก และเสนอแนะวิธีการแก้ไขปัญหาและตัดสินใจได้อย่างเหมาะสม
db314 - plo.csv,น.บ. กฎหมายธุรกิจ (นานาชาติ-ปรับปรุง 66),E,1,ผู้เรียนมีจิตสำนึกและตระหนักในการปฏิบัติตามจรรยาบรรณวิชาชีพ
db314 - plo.csv,น.บ. กฎหมายธุรกิจ (นานาชาติ-ปรับปรุง 66),E,2,ผู้เรียนแสดงความซื่อสัตย์สุจริต มีวินัยและความรับผิดชอบต่อตนเองและสังคม
db314 - plo.csv,น.บ. กฎหมายธุรกิจ (นานาชาติ-ปรับปรุง 66),E,3,ผู้เรียนเคารพกฎระเบียบและข้อบังคับขององค์กรและสังคม
db314 - plo.csv,น.บ. กฎหมายธุรกิจ (นานาชาติ-ปรับปรุง 66),C,1,ผู้เรียนมีความรับผิดชอบในงานที่ได้รับมอบหมาย ทั้งงานรายบุคคลและงานกลุ่ม
db314 - plo.csv,น.บ. กฎหมายธุรกิจ (นานาชาติ-ปรับปรุง 66),C,2,ผู้เรียนสามารถปรับตัวและทำงานร่วมกับผู้อื่นทั้งในฐานะผู้นำและสมาชิกกลุ่ม
db314 - plo.csv,น.บ. กฎหมายธุรกิจ (นานาชาติ-ปรับปรุง 66),C,3,ผู้เรียนวางตัวและแสดงความคิดเห็นได้เหมาะสมกับบทบาท หน้าที่ และความรับผิดชอบ
db314 - plo.csv,7.ศศ.บ.อังกฤษ-อเมริกันศึกษา(นานาชาติ-ปรับปรุง พ.ศ.2566),K,1,ผู้เรียนสามารถอธิบายบทบาทและอิทธิพลของประเทศอังกฤษและสหรัฐอเมริกาในบริบททาง วรรณกรรม ประวัติศาสตร์ การเมือง และวัฒนธรรม
db314 - plo.csv,7.ศศ.บ.อังกฤษ-อเมริกันศึกษา(นานาชาติ-ปรับปรุง พ.ศ.2566),K,2,ผู้เรียนสามารถวิเคราะห์บทบาทและอิทธิพลของประเทศอังกฤษและสหรัฐอเมริกาในบริบททาง วรรณกรรม ประวัติศาสตร์ การเมือง และวัฒนธรรม
db314 - plo.csv,7.ศศ.บ.อังกฤษ-อเมริกันศึกษา(นานาชาติ-ปรับปรุง พ.ศ.2566),K,3,ผู้เรียนสามารถวิพากษ์บทบาทและอิทธิพลของประเทศอังกฤษและสหรัฐอเมริกาในบริบททาง วรรณกรรม ประวัติศาสตร์ การเมือง และวัฒนธรรม
db314 - plo.csv,7.ศศ.บ.อังกฤษ-อเมริกันศึกษา(นานาชาติ-ปรับปรุง พ.ศ.2566),S,1,ผู้เรียนสามารถสื่อสารภาษาอังกฤษหรือภาษาต่างประเทศได้อย่างมีประสิทธิภาพ ทั้งทักษะการ พูดและการเขียนในบริบทการประกอบอาชีพและบริบททางวิชาการ
db314 - plo.csv,7.ศศ.บ.อังกฤษ-อเมริกันศึกษา(นานาชาติ-ปรับปรุง พ.ศ.2566),S,2,ผู้เรียนสามารถประยุกต์ใช้ทักษะภาษาอังกฤษและความรู้เกี่ยวกับอังกฤษ-อเมริกันศึกษาในการ ประกอบอาชีพ
db314 - plo.csv,7.ศศ.บ.อังกฤษ-อเมริกันศึกษา(นานาชาติ-ปรับปรุง พ.ศ.2566),E,1,ผู้เรียนเคารพสิทธิและรับฟังความคิดเห็นที่แตกต่างหลากหลายของผู้อื่น
db314 - plo.csv,7.ศศ.บ.อังกฤษ-อเมริกันศึกษา(นานาชาติ-ปรับปรุง พ.ศ.2566),E,2,ผู้เรียนมีวินัย ตรงต่อเวลา และมีความรับผิดชอบต่อตนเอง
db314 - plo.csv,7.ศศ.บ.อังกฤษ-อเมริกันศึกษา(นานาชาติ-ปรับปรุง พ.ศ.2566),C,1,ผู้เรียนสามารถทำงานร่วมกับผู้อื่น
db314 - plo.csv,3.ศศ.บ.ภาษาอังกฤษ (ปรับปรุง พ.ศ.2566),K,1,ใช้ความรู้ภาษาอังกฤษด้านภาษาศาสตร์ วรรณคดี การแปลและล่าม และทักษะการฟัง พูด อ่าน เขียน ในการสื่อสารและประกอบอาชีพ
db314 - plo.csv,3.ศศ.บ.ภาษาอังกฤษ (ปรับปรุง พ.ศ.2566),S,1,สื่อสารภาษาไทยได้อย่างมีประสิทธิภาพ
db314 - plo.csv,3.ศศ.บ.ภาษาอังกฤษ (ปรับปรุง พ.ศ.2566),S,2,สื่อสารภาษาอังกฤษได้อย่างมีประสิทธิภาพ
db314 - plo.csv,3.ศศ.บ.ภาษาอังกฤษ (ปรับปรุง พ.ศ.2566),S,3,ใช้เทคโนโลยีและสื่อดิจิทัลเพื่อส่งเสริมการใช้ภาษาได้อย่างมีประสิทธิภาพ
db314 - plo.csv,3.ศศ.บ.ภาษาอังกฤษ (ปรับปรุง พ.ศ.2566),S,4,มีทักษะในการปรับตัวและจัดการกับการเปลี่ยนแปลงของสถานการณ์รอบตัว (resilience)
db314 - plo.csv,3.ศศ.บ.ภาษาอังกฤษ (ปรับปรุง พ.ศ.2566),E,1,ปฏิบัติตนให้อยู่ในจริยธรรมและคุณธรรม
db314 - plo.csv,3.ศศ.บ.ภาษาอังกฤษ (ปรับปรุง พ.ศ.2566),C,1,สามารถคิดวิเคราะห์ประเด็นร่วมสมัยโดยบูรณาการความรู้ทางด้านภาษาศาสตร์ ภาษาอังกฤษ วรรณคดีและการแปลในบริบทสังคมและวัฒนธรรมที่หลากหลายในฐานะพลเมืองโลก
db314 - plo.csv,8.ศศ.บ.การสื่อสารเชิงธุรกิจ(นานาชาติ-ปรับปรุง พ.ศ.2566),K,1,มีความรู้ในสาขาวิชาในเชิงธุรกิจ การสื่อสารและศาสตร์อื่นๆที่หลักสูตรกำหนด ทั้งภาคทฤษฎีและภาคปฏิบัติ
db314 - plo.csv,8.ศศ.บ.การสื่อสารเชิงธุรกิจ(นานาชาติ-ปรับปรุง พ.ศ.2566),K,2,มีความรู้ในสาขาวิชาภาษาอังกฤษ หรือภาษาต่างประเทศและวัฒนธรรมของเจ้าของภาษา
db314 - plo.csv,8.ศศ.บ.การสื่อสารเชิงธุรกิจ(นานาชาติ-ปรับปรุง พ.ศ.2566),K,3,เข้าใจปัญหาด้านธุรกิจและการสื่อสาร และสามารถวิเคราะห์ปัญหา ประยุกต์ความรู้ และทักษะต่างๆ เพื่อแก้ไขปัญหาได้อย่างมีประสิทธิภาพ
db314 - plo.csv,8.ศศ.บ.การสื่อสารเชิงธุรกิจ(นานาชาติ-ปรับปรุง พ.ศ.2566),K,4,มีความรู้ด้านการทำวิจัย และโครงงานทางธุรกิจเพื่อแก้ปัญหาและการต่อยอดองค์ความรู้ในศาสตร์ที่เกี่ยวข้อง
db314 - plo.csv,8.ศศ.บ.การสื่อสารเชิงธุรกิจ(นานาชาติ-ปรับปรุง พ.ศ.2566),S,1,มีทักษะในการสื่อสารและการใช้ภาษาอังกฤษ หรือภาษาต่างประเทศได้อย่างดี
db314 - plo.csv,8.ศศ.บ.การสื่อสารเชิงธุรกิจ(นานาชาติ-ปรับปรุง พ.ศ.2566),S,2,สามารถค้นคว้าข้อมูลและข้อเท็จจริงได้อย่างเป็นระบบและหลากหลาย
db314 - plo.csv,8.ศศ.บ.การสื่อสารเชิงธุรกิจ(นานาชาติ-ปรับปรุง พ.ศ.2566),S,3,สามารถวิเคราะห์ปัญหา สรุปประเด็นสาเหตุของปัญหา ประเมินทางเลือกและเสนอแนะวิธีการแก้ไขปัญหาและผลการตัดสินใจได้อย่างเหมาะสมและสร้างสรรค์
db314 - plo.csv,8.ศศ.บ.การสื่อสารเชิงธุรกิจ(นานาชาติ-ปรับปรุง พ.ศ.2566),S,4,สามารถประยุกต์ใช้ความรู้ภาคทฤษฎีและภาคปฏิบัติไปใช้ประโยชน์ในการปฏิบัติงานจริงและแก้ไขปัญหาในวิชาชีพได้อย่างเหมาะสม
db314 - plo.csv,8.ศศ.บ.การสื่อสารเชิงธุรกิจ(นานาชาติ-ปรับปรุง พ.ศ.2566),E,1,มีความรับผิดชอบและเสียสละต่อสังคมโดยรวม
db314 - plo.csv,8.ศศ.บ.การสื่อสารเชิงธุรกิจ(นานาชาติ-ปรับปรุง พ.ศ.2566),E,2,มีวินัยในการทำงาน ตรงต่อเวลา
db314 - plo.csv,8.ศศ.บ.การสื่อสารเชิงธุรกิจ(นานาชาติ-ปรับปรุง พ.ศ.2566),E,3,เคารพ กฎระเบียบ และข้อบังคับต่างๆขององค์กรและสังคม
db314 - plo.csv,8.ศศ.บ.การสื่อสารเชิงธุรกิจ(นานาชาติ-ปรับปรุง พ.ศ.2566),E,4,มีทัศนคติที่ดีต่ออาชีพ ซื่อสัตย์สุจริตในการปฏิบัติงาน
db314 - plo.csv,8.ศศ.บ.การสื่อสารเชิงธุรกิจ(นานาชาติ-ปรับปรุง พ.ศ.2566),E,5,เข้าใจความแตกต่างของบุคคลและสิ่งรอบตัวได้
db314 - plo.csv,8.ศศ.บ.การสื่อสารเชิงธุรกิจ(นานาชาติ-ปรับปรุง พ.ศ.2566),E,6,สามารถจัดการปัญหาด้านคุณธรรม จริยธรรมโดยใช้ดุลยพินิจหลักจริยธรรมและจรรยาบรรณวิชาชีพได้อย่างเหมาะสม
db314 - plo.csv,8.ศศ.บ.การสื่อสารเชิงธุรกิจ(นานาชาติ-ปรับปรุง พ.ศ.2566),C,1,มีภาวะความเป็นผู้นำและผู้ตาม สามารถทำงานเป็นกลุ่ม
db314 - plo.csv,8.ศศ.บ.การสื่อสารเชิงธุรกิจ(นานาชาติ-ปรับปรุง พ.ศ.2566),C,2,เคารพสิทธิและรับฟังความคิดเห็นของผู้อื่น
db314 - plo.csv,8.ศศ.บ.การสื่อสารเชิงธุรกิจ(นานาชาติ-ปรับปรุง พ.ศ.2566),C,3,ปฏิบัติและรับผิดชอบงานที่ได้รับมอบหมายในกลุ่มงานได้อย่างเหมาะสม
db314 - plo.csv,8.ศศ.บ.การสื่อสารเชิงธุรกิจ(นานาชาติ-ปรับปรุง พ.ศ.2566),C,4,มีส่วนร่วมในการช่วยเหลือผู้ร่วมงานและแก้ปัญหาได้อย่างมีเหตุผล
db314 - plo.csv,8.ศศ.บ.การสื่อสารเชิงธุรกิจ(นานาชาติ-ปรับปรุง พ.ศ.2566),C,5,วิเคราะห์ปัญหาได้อย่างเหมาะสมบนพื้นฐานของความรู้ที่ได้ศึกษา และฝึกปฏิบัติทั้งของตนเองและของกลุ่มที่ร่วมงาน
db314 - plo.csv,8.ศศ.บ.การสื่อสารเชิงธุรกิจ(นานาชาติ-ปรับปรุง พ.ศ.2566),C,6,ใช้นวัตกรรมใหม่ๆในการแก้ปัญหาในสถานการณ์ที่ไม่ชัดเจนได้
db314 - plo.csv,8.ศศ.บ.การสื่อสารเชิงธุรกิจ(นานาชาติ-ปรับปรุง พ.ศ.2566),C,7,สามารถพัฒนาตนเองให้มีความรู้และทักษะต่างๆอย่างต่อเนื่องให้ทันกับโลกาภิวัฒน์
db314 - plo.csv,5.วท.บ.ภูมิศาสตร์และภูมิสารสนเทศ (ปรับปรุง พ.ศ.2566),K,1,อธิบายความรู้ แนวคิด ทฤษฎีพื้นฐานทางภูมิศาสตร์ ทั้งกลุ่มวิชาภูมิศาสตร์มนุษย์ ภูมิศาสตร์กายภาพ และเทคโนโลยีภูมิสารสนเทศ
db314 - plo.csv,5.วท.บ.ภูมิศาสตร์และภูมิสารสนเทศ (ปรับปรุง พ.ศ.2566),K,2,เชื่อมโยงความรู้ทางทางภูมิศาสตร์และภูมิสารสนเทศ เพื่อประยุกต์ในการศึกษา ปรากฏการณ์เชิงพื้นที่ได้อย่างเหมาะสม
db314 - plo.csv,5.วท.บ.ภูมิศาสตร์และภูมิสารสนเทศ (ปรับปรุง พ.ศ.2566),K,3,วิเคราะห์ประเด็นหรือปัญหาเชิงพื้นที่ด้วยองค์ความรู้ทางภูมิศาสตร์และภูมิสารสนเทศได้
db314 - plo.csv,5.วท.บ.ภูมิศาสตร์และภูมิสารสนเทศ (ปรับปรุง พ.ศ.2566),S,1,สื่อสารภาษาไทยได้อย่างมีประสิทธิภาพ
db314 - plo.csv,5.วท.บ.ภูมิศาสตร์และภูมิสารสนเทศ (ปรับปรุง พ.ศ.2566),S,2,สื่อสารภาษาอังกฤษได้อย่างมีประสิทธิภาพ
db314 - plo.csv,5.วท.บ.ภูมิศาสตร์และภูมิสารสนเทศ (ปรับปรุง พ.ศ.2566),S,3,ใช้เครื่องมือ โปรแกรม และเทคโนโลยีภูมิสารสนเทศได้อย่างถูกต้อง
db314 - plo.csv,5.วท.บ.ภูมิศาสตร์และภูมิสารสนเทศ (ปรับปรุง พ.ศ.2566),S,4,สร้างสรรค์องค์ความรู้ ผลงานได้อย่างถูกต้องตรงตามหลักวิชาการ สอดคล้องกับความ ต้องการทางสังคมและความก้าวหน้าทางวิทยาการ
db314 - plo.csv,5.วท.บ.ภูมิศาสตร์และภูมิสารสนเทศ (ปรับปรุง พ.ศ.2566),S,5,ถ่ายทอดองค์ความรู้ทางภูมิศาสตร์และเทคโนโลยีภูมิสารสนเทศได้อย่างมีประสิทธิภาพ
db314 - plo.csv,5.วท.บ.ภูมิศาสตร์และภูมิสารสนเทศ (ปรับปรุง พ.ศ.2566),E,1,รับผิดชอบต่อตนเองและสังคม เคารพระเบียบกฎระเบียบ และมีคุณธรรมจริยธรรม
db314 - plo.csv,5.วท.บ.ภูมิศาสตร์และภูมิสารสนเทศ (ปรับปรุง พ.ศ.2566),C,1,มีทักษะการเรียนรู้ตลอดชีวิตและมุ่งมั่นที่จะพัฒนาตนเอง
db314 - plo.csv,5.วท.บ.ภูมิศาสตร์และภูมิสารสนเทศ (ปรับปรุง พ.ศ.2566),C,2,บริหารจัดการอารมณ์ ทำงานร่วมกันผู้อื่น และปรับตัวเข้ากับวัฒนธรรมการทำงานที่ หลากหลาย
db314 - plo.csv,1.วท.บ.จิตวิทยา (ปรับปรุง พ.ศ.2566),K,1,ผู้เรียนสามารถอธิบายหลักการ แนวคิด และทฤษฎีทางจิตวิทยา
db314 - plo.csv,1.วท.บ.จิตวิทยา (ปรับปรุง พ.ศ.2566),K,2,ผู้เรียนสามารถระบุหลักการ แนวคิด และทฤษฎีทางจิตวิทยาเพื่ออธิบายปรากฏการณ์ที่เกี่ยวข้องกับพฤติกรรมมนุษย์ทั้งในระดับบุคคลและสังคม
db314 - plo.csv,1.วท.บ.จิตวิทยา (ปรับปรุง พ.ศ.2566),K,3,ผู้เรียนสามารถเสนอแนะแนวทางในการส่งเสริม ป้องกัน พัฒนา และแก้ไขพฤติกรรมมนุษย์ทั้งในระดับบุคคลและสังคม
db314 - plo.csv,1.วท.บ.จิตวิทยา (ปรับปรุง พ.ศ.2566),S,1,ผู้เรียนสามารถสื่อสารภาษาไทยได้อย่างมีประสิทธิภาพ
db314 - plo.csv,1.วท.บ.จิตวิทยา (ปรับปรุง พ.ศ.2566),S,2,ผู้เรียนสามารถสื่อสารภาษาอังกฤษได้อย่างมีประสิทธิภาพ
db314 - plo.csv,1.วท.บ.จิตวิทยา (ปรับปรุง พ.ศ.2566),S,3,ผู้เรียนมีทักษะในการดำเนินการวิจัยทางจิตวิทยา
db314 - plo.csv,1.วท.บ.จิตวิทยา (ปรับปรุง พ.ศ.2566),E,1,ผู้เรียนมีจริยธรรมและจรรยาบรรณนักจิตวิทยา
db314 - plo.csv,1.วท.บ.จิตวิทยา (ปรับปรุง พ.ศ.2566),C,1,ผู้เรียนใช้ความรู้ทางจิตวิทยาเพื่อเข้าใจและอยู่ร่วมกับผู้อื่น
db314 - plo.csv,6.ศศ.บ.อาณาบริเวณศึกษา (ปรับปรุง พ.ศ.2566),PLOs,1,สื่อสารภาษาไทยได้อย่างมีประสิทธิภาพ
db314 - plo.csv,6.ศศ.บ.อาณาบริเวณศึกษา (ปรับปรุง พ.ศ.2566),PLOs,2,สื่อสารภาษาอังกฤษได้อย่างมีประสิทธิภาพ
db314 - plo.csv,6.ศศ.บ.อาณาบริเวณศึกษา (ปรับปรุง พ.ศ.2566),PLOs,3,อธิบายแนวคิดเรื่องอาณาบริเวณศึกษาได้
db314 - plo.csv,6.ศศ.บ.อาณาบริเวณศึกษา (ปรับปรุง พ.ศ.2566),PLOs,4,วิเคราะห์อาณาบริเวณที่ตนเองศึกษา ทั้งในมิติด้านการเมือง เศรษฐกิจ สังคม และวัฒนธรรมได้
db314 - plo.csv,6.ศศ.บ.อาณาบริเวณศึกษา (ปรับปรุง พ.ศ.2566),PLOs,5,สื่อสารด้วยภาษาต่างประเทศที่ 3 อย่างมีประสิทธิภาพ ทั้งทักษะการฟัง พูด อ่าน และเขียน ในบริบทที่เกี่ยวข้องกับชีวิตประจำวัน ติดต่อสื่อสารในการประกอบอาชีพ และศึกษาต่อในระดับสูงขึ้นไปได้
db314 - plo.csv,6.ศศ.บ.อาณาบริเวณศึกษา (ปรับปรุง พ.ศ.2566),PLOs,6,วิเคราะห์ประเด็น สถานการณ์ความเคลื่อนไหวต่าง ๆ ในโลกปัจจุบัน โดยใช้กรอบแนวคิดเฉพาะด้านการเมือง เศรษฐกิจ สังคม และวัฒนธรรมของอาณาบริเวณที่ตนศึกษาและแนวคิดตามหลักสากลได้
db314 - plo.csv,6.ศศ.บ.อาณาบริเวณศึกษา (ปรับปรุง พ.ศ.2566),PLOs,7,วิพากษ์และเสนอแนวทางแก้ไขปัญหาทางการเมือง เศรษฐกิจ สังคม และวัฒนธรรม ในอาณาบริเวณที่ตนศึกษา โดยใช้กรอบแนวคิดเฉพาะของอาณาบริเวณนั้น ๆ และแนวคิดตามหลักสากลได้
db314 - plo.csv,6.ศศ.บ.อาณาบริเวณศึกษา (ปรับปรุง พ.ศ.2566),PLOs,8,ปรับตัวเข้ากับสังคมและการทำงานกลุ่มที่ได้รับมอบหมายได้
db314 - plo.csv,6.ศศ.บ.อาณาบริเวณศึกษา (ปรับปรุง พ.ศ.2566),PLOs,9,รับผิดชอบต่อตนเองและสังคม
db314 - plo.csv,6.ศศ.บ.อาณาบริเวณศึกษา (ปรับปรุง พ.ศ.2566),PLOs,10,ประยุกต์เทคโนโลยีสารสนเทศเพื่อเข้าถึงฐานข้อมูล โดยวิเคราะห์ความน่าเชื่อถือของข้อมูลเพื่อนำมาใช้ได้อย่างเหมาะสม
db314 - plo.csv,6.ศศ.บ.อาณาบริเวณศึกษา (ปรับปรุง พ.ศ.2566),PLOs,11,ประยุกต์ใช้ทักษะความเป็นผู้ประกอบการและความคิดสร้างสรรค์เพื่อพัฒนาผลิตภัณฑ์ บริการ หรือเนื้อหาทางด้านอาณาบริเวณศึกษาในสื่อสาธารณะได้
db314 - plo.csv,6.ศศ.บ.อาณาบริเวณศึกษา (ปรับปรุง พ.ศ.2566),PLOs,12,ผลิตงานวิจัยตามหลักวิชาการด้วยองค์ความรู้ด้านอาณาบริเวณศึกษาในระดับพื้นฐาน โดยตระหนักถึงจรรยาบรรณพื้นฐานด้านการวิจัย
db314 - plo.csv,6.ศศ.บ.อาณาบริเวณศึกษา (ปรับปรุง พ.ศ.2566),K,1,ผู้เรียนสามารถอธิบายแนวคิดเรื่องอาณาบริเวณศึกษาได้
db314 - plo.csv,6.ศศ.บ.อาณาบริเวณศึกษา (ปรับปรุง พ.ศ.2566),K,2,ผู้เรียนสามารถวิเคราะห์อาณาบริเวณที่ตนเองศึกษา ทั้งในมิติด้านการเมือง เศรษฐกิจ สังคม และวัฒนธรรมได้
db314 - plo.csv,6.ศศ.บ.อาณาบริเวณศึกษา (ปรับปรุง พ.ศ.2566),K,3,ผู้เรียนสามารถประยุกต์เทคโนโลยีสารสนเทศเพื่อเข้าถึงฐานข้อมูล โดยวิเคราะห์ความน่าเชื่อถือของข้อมูลเพื่อนำมาใช้ได้อย่างเหมาะสม
db314 - plo.csv,6.ศศ.บ.อาณาบริเวณศึกษา (ปรับปรุง พ.ศ.2566),K,4,ผู้เรียนสามารถวิเคราะห์ประเด็น สถานการณ์ความเคลื่อนไหวต่าง ๆ ในโลกปัจจุบัน โดยใช้กรอบแนวคิดเฉพาะ ด้านการเมือง เศรษฐกิจ สังคม และวัฒนธรรมของอาณาบริเวณที่ตนศึกษาและแนวคิดตามหลักสากลได้
db314 - plo.csv,6.ศศ.บ.อาณาบริเวณศึกษา (ปรับปรุง พ.ศ.2566),K,5,ผู้เรียนสามารถวิพากษ์และเสนอแนวทางแก้ไขปัญหาทางการเมือง เศรษฐกิจ สังคม และวัฒนธรรมในอาณาบริเวณที่ตนศึกษา โดยใช้กรอบแนวคิดเฉพาะของอาณาบริเวณนั้น ๆ และแนวคิดตามหลักสากลได้
db314 - plo.csv,6.ศศ.บ.อาณาบริเวณศึกษา (ปรับปรุง พ.ศ.2566),S,1,ผู้เรียนสามารถสื่อสารภาษาไทยได้อย่างมีประสิทธิภาพ
db314 - plo.csv,6.ศศ.บ.อาณาบริเวณศึกษา (ปรับปรุง พ.ศ.2566),S,2,ผู้เรียนสามารถสื่อสารภาษาอังกฤษได้อย่างมีประสิทธิภาพ
db314 - plo.csv,6.ศศ.บ.อาณาบริเวณศึกษา (ปรับปรุง พ.ศ.2566),S,3,ผู้เรียนสามารถสื่อสารด้วยภาษาต่างประเทศที่ 3 อย่างมีประสิทธิภาพ ทั้งทักษะการฟัง พูด อ่าน และเขียน ในบริบทที่เกี่ยวข้องกับชีวิตประจำวัน ติดต่อสื่อสารในการประกอบอาชีพ และศึกษาต่อในระดับสูงขึ้นไปได้
db314 - plo.csv,6.ศศ.บ.อาณาบริเวณศึกษา (ปรับปรุง พ.ศ.2566),S,4,ผู้เรียนสามารถประยุกต์ใช้ทักษะความเป็นผู้ประกอบการ และความคิดสร้างสรรค์เพื่อพัฒนาผลิตภัณฑ์ บริการ หรือเนื้อหาทางด้านอาณาบริเวณศึกษาในสื่อสาธารณะได้
db314 - plo.csv,6.ศศ.บ.อาณาบริเวณศึกษา (ปรับปรุง พ.ศ.2566),E,1,ผู้เรียนสามารถผลิตงานวิจัยตามหลักวิชาการ ด้วยองค์ความรู้ด้านอาณาบริเวณศึกษาในระดับพื้นฐาน โดยตระหนักถึงจรรยาบรรณพื้นฐานด้านการวิจัย
db314 - plo.csv,6.ศศ.บ.อาณาบริเวณศึกษา (ปรับปรุง พ.ศ.2566),C,1,ผู้เรียนมีความรับผิดชอบต่อตนเองและสังคม
db314 - plo.csv,6.ศศ.บ.อาณาบริเวณศึกษา (ปรับปรุง พ.ศ.2566),C,2,ผู้เรียนสามารถปรับตัวเข้ากับสังคมและการทำงานกลุ่มที่ได้รับมอบหมายได้
db314 - plo.csv,4.ศศ.บ.ภาษาไทย (ปรับปรุง พ.ศ.2566),K,1,อธิบายลักษณะและพัฒนาการของภาษาและวรรณกรรมไทยได้
db314 - plo.csv,4.ศศ.บ.ภาษาไทย (ปรับปรุง พ.ศ.2566),K,2,อธิบายหลักการ แนวคิด หรือทฤษฎีทางภาษาและวรรณกรรมไทยได้
db314 - plo.csv,4.ศศ.บ.ภาษาไทย (ปรับปรุง พ.ศ.2566),S,1,สื่อสารภาษาไทยได้อย่างมีประสิทธิภาพ
db314 - plo.csv,4.ศศ.บ.ภาษาไทย (ปรับปรุง พ.ศ.2566),S,2,สื่อสารภาษาอังกฤษได้อย่างมีประสิทธิภาพ
db314 - plo.csv,4.ศศ.บ.ภาษาไทย (ปรับปรุง พ.ศ.2566),S,3,ใช้เทคโนโลยีเพื่อการสื่อสารและสืบค้นข้อมูลได้ตามวัตถุประสงค์
db314 - plo.csv,4.ศศ.บ.ภาษาไทย (ปรับปรุง พ.ศ.2566),S,4,วิเคราะห์ประเด็นปัญหาที่เกี่ยวกับภาษาและวรรณกรรมไทยได้
db314 - plo.csv,4.ศศ.บ.ภาษาไทย (ปรับปรุง พ.ศ.2566),E,1,ใช้ความรู้ทางภาษาและวรรณกรรมไทยผลิตผลงานสร้างสรรค์หรืองานวิชาการได้อย่างมีจริยธรรม
db314 - plo.csv,4.ศศ.บ.ภาษาไทย (ปรับปรุง พ.ศ.2566),C,1,นำทักษะและความรู้ด้านภาษาและวรรณกรรมไปประยุกต์ใช้ในชีวิตประจำวันและการทำงานทั้งเชิงวิชาการและวิชาชีพ
db314 - plo.csv,4.ศศ.บ.ภาษาไทย (ปรับปรุง พ.ศ.2566),C,2,คิดวิเคราะห์ แก้ปัญหา และสามารถทำงานร่วมกับผู้อื่น
db314 - plo.csv,9.ศศ.บ.การแปลและล่ามในยุคดิจิทัล (ปรับปรุง พ.ศ.2566),K,1,มีความรู้เรื่องหลักการแปลและล่าม และการสื่อสารระหว่างวัฒนธรรมในระดับดี
db314 - plo.csv,9.ศศ.บ.การแปลและล่ามในยุคดิจิทัล (ปรับปรุง พ.ศ.2566),K,2,มีความรู้เรื่องเทคโนโลยีด้านการแปลและล่ามในระดับดี
db314 - plo.csv,9.ศศ.บ.การแปลและล่ามในยุคดิจิทัล (ปรับปรุง พ.ศ.2566),K,3,สามารถประยุกต์ความรู้ด้านการแปลและล่ามและศาสตร์แขนงอื่น ๆ ที่เกี่ยวข้องเพื่อใช้ในการประกอบอาชีพด้านการแปลและล่าม หรือปฏิบัติงานสายวิชาการด้านการแปลและล่าม
db314 - plo.csv,9.ศศ.บ.การแปลและล่ามในยุคดิจิทัล (ปรับปรุง พ.ศ.2566),S,1,สามารถใช้ภาษาไทยและภาษาอังกฤษได้อย่างมีประสิทธิภาพ โดยฟังพูดอ่านเขียนภาษาอังกฤษได้เทียบเท่าระดับมาตรฐานอย่างน้อยระดับ B2
db314 - plo.csv,9.ศศ.บ.การแปลและล่ามในยุคดิจิทัล (ปรับปรุง พ.ศ.2566),S,2,สามารถค้นคว้าหาข้อมูลในการทำงานแปลและล่าม และวิเคราะห์ต้นฉบับได้อย่างดี
db314 - plo.csv,9.ศศ.บ.การแปลและล่ามในยุคดิจิทัล (ปรับปรุง พ.ศ.2566),S,3,สามารถวิเคราะห์และเข้าใจปัญหาด้านการแปลและล่าม และเสนอแนะแนะทางแก้ไขได้อย่างเหมาะสมกับลักษณะงาน
db314 - plo.csv,9.ศศ.บ.การแปลและล่ามในยุคดิจิทัล (ปรับปรุง พ.ศ.2566),S,4,สามารถวิเคราะห์และเข้าใจปัญหาในการใช้เทคโนโลยีช่วยแปล และเสนอแนะแนวทางแก้ไขได้อย่างเหมาะสมกับลักษณะงาน
db314 - plo.csv,9.ศศ.บ.การแปลและล่ามในยุคดิจิทัล (ปรับปรุง พ.ศ.2566),E,1,มีวินัย ตรงต่อเวลา เสียสละ ซื่อสัตย์สุจริต และมีความรับผิดชอบต่อตนเองและสังคม
db314 - plo.csv,9.ศศ.บ.การแปลและล่ามในยุคดิจิทัล (ปรับปรุง พ.ศ.2566),E,2,เป็นแบบอย่างที่ดี เข้าใจผู้อื่น และเข้าใจโลก
db314 - plo.csv,9.ศศ.บ.การแปลและล่ามในยุคดิจิทัล (ปรับปรุง พ.ศ.2566),E,3,จริยธรรมในการทำงานวิชาการ และมีจรรยาบรรณนักแปลและล่าม
db314 - plo.csv,9.ศศ.บ.การแปลและล่ามในยุคดิจิทัล (ปรับปรุง พ.ศ.2566),C,1,สามารถเรียนรู้และปรับตัวอยู่ร่วมกับผู้อื่นในสังคม
db314 - plo.csv,9.ศศ.บ.การแปลและล่ามในยุคดิจิทัล (ปรับปรุง พ.ศ.2566),C,2,มีวุฒิภาวะทางอารมณ์ มีความอดทนอดกลั้น และยอมรับฟังความคิดเห็นของผู้อื่น
db314 - plo.csv,9.ศศ.บ.การแปลและล่ามในยุคดิจิทัล (ปรับปรุง พ.ศ.2566),C,3,มีความรับผิดชอบต่อสังคมส่วนรวม
db314 - plo.csv,รัฐศาสตรบัณฑิต (ปรัปบปรุง 2566),K,1,ผู้เรียนมีความรู้พื้นฐานด้านกรอบแนวคิด และทฤษฎีที่เกี่ยวข้องกับการศึกษาทางด้านรัฐศาสตร์
db314 - plo.csv,รัฐศาสตรบัณฑิต (ปรัปบปรุง 2566),K,2,ผู้เรียนมีความรู้ ความเข้าใจในบริบท และพัฒนาการทางประวัติศาสตร์ที่เกี่ยวข้องกับการเมืองการปกครอง การบริหารรัฐกิจ และการระหว่างประเทศ
db314 - plo.csv,รัฐศาสตรบัณฑิต (ปรัปบปรุง 2566),K,3,ผู้เรียนมีความรู้และความเข้าใจในปรากฏการณ์ร่วมสมัยที่เกี่ยวข้องกับการเมืองการปกครอง การบริหารรัฐกิจ และการระหว่างประเทศ
db314 - plo.csv,รัฐศาสตรบัณฑิต (ปรัปบปรุง 2566),K,4,ผู้เรียนมีความรู้เกี่ยวกับสถานะ บทบาท และอำนาจหน้าที่ของหน่วยงาน องค์กร หรือตัวแสดงที่เกี่ยวข้องกับการเมืองการปกครอง การบริหารรัฐกิจ และการระหว่างประเทศ
db314 - plo.csv,รัฐศาสตรบัณฑิต (ปรัปบปรุง 2566),S,1,ผู้เรียนมีทักษะด้านการวิจัย และการปรับประยุกต์ใช้เครื่องมือการวิจัยขั้นต้น
db314 - plo.csv,รัฐศาสตรบัณฑิต (ปรัปบปรุง 2566),S,2,ผู้เรียนมีทักษะในการคิด วิเคราะห์ปรากฏการณ์ทางสังคม และการเมืองอย่างเป็นเหตุเป็นผล
db314 - plo.csv,รัฐศาสตรบัณฑิต (ปรัปบปรุง 2566),S,3,ผู้เรียนมีทักษะทางการสื่อสารเพื่อการทำงานร่วมกับผู้อื่น
db314 - plo.csv,รัฐศาสตรบัณฑิต (ปรัปบปรุง 2566),S,4,ผู้เรียนมีทักษะทางภาษาทั้งภาษาไทย และภาษาต่างประเทศเพื่อการทำงาน หรือเพื่อการศึกษาต่อ
db314 - plo.csv,รัฐศาสตรบัณฑิต (ปรัปบปรุง 2566),S,5,ผู้เรียนมีทักษะด้านเทคโนโลยีสารสนเทศเพื่อปรับประยุกต์ใช้การทำงาน
db314 - plo.csv,รัฐศาสตรบัณฑิต (ปรัปบปรุง 2566),E,1,ผู้เรียนแสดงออกซึ่งความเคารพในสิทธิ และเสรีภาพต่อทั้งตนเองและผู้อื่น
db314 - plo.csv,รัฐศาสตรบัณฑิต (ปรัปบปรุง 2566),E,2,ผู้เรียนแสดงออกซึ่งความตระหนักในสิทธิและหน้าที่ของความเป็นพลเมืองที่ดี
db314 - plo.csv,รัฐศาสตรบัณฑิต (ปรัปบปรุง 2566),E,3,ผู้เรียนมีความเข้าใจและปฏิบัติตามหลักคุณธรรม จริยธรรม กฎหมาย และกติกาอื่น ๆ ที่เกี่ยวข้องกับการทำงานและการอยู่ร่วมกันในสังคม
db314 - plo.csv,รัฐศาสตรบัณฑิต (ปรัปบปรุง 2566),C,1,ผู้เรียนแสดงออกซึ่งการยอมรับและเคารพในความแตกต่างหลากหลายของผู้อื่นทั้งในทางความคิดเห็น และในทางการกระทำ
db314 - plo.csv,รัฐศาสตรบัณฑิต (ปรัปบปรุง 2566),C,2,ผู้เรียนแสดงออกซึ่งความมีวุฒิภาวะและความเป็นผู้นำทั้งในทางความคิด การทำงาน และการอยู่ร่วมกับผู้อื่น
db314 - plo.csv,รัฐศาสตรบัณฑิต (ปรัปบปรุง 2566),C,3,ผู้เรียนแสดงออกซึ่งความสามารถในการคิดวิเคราะห์ และการสื่อสารอย่างสร้างสรรค์
db314 - plo.csv,พบ-วท.บ.วิทยาศาสตร์การแพทย์(interใหม่67),G,1,ทันโลก ทันเหตุการณ์ มีวิจารณญาณในการรับข้อมูลข่าวสารทั่วไปและทางการแพทย์ ประยุกต์เทคโนโลยีและความรู้ใหม่เข้ากับการปฏิบัติงานในวิชาชีพอย่างเหมาะสม (character)
db314 - plo.csv,พบ-วท.บ.วิทยาศาสตร์การแพทย์(interใหม่67),G,2,มีความเข้าใจในปัญหาสุขภาพ ปัญหาสาธารณสุขของพื้นที่ ประเทศและระดับโลก เชื่อมโยงปัญหาสุขภาพระดับบุคคล ครอบครัว และประชาชน รวมทั้งเหตุ ปัจจัยจากพฤติกรรมส่วนบุคคล การทำงานและสิ่งแวดล้อม (knowledge)
db314 - plo.csv,พบ-วท.บ.วิทยาศาสตร์การแพทย์(interใหม่67),R,1,มีความรับผิดชอบต่อตนเอง ซื่อสัตย์ สุจริต ปฏิบัติตามกฎ ระเบียบ ข้อบังคับ ข้อตกลงร่วมกัน และกฎหมาย (ethics)
db314 - plo.csv,พบ-วท.บ.วิทยาศาสตร์การแพทย์(interใหม่67),R,2,มีจริยธรรมทางวิชาชีพและปฏิบัติตามกฎหมายที่เกี่ยวข้องในการประกอบวิชาชีพเวชกรรม (knowledge and ethics)
db314 - plo.csv,พบ-วท.บ.วิทยาศาสตร์การแพทย์(interใหม่67),E,1,สื่อสารอย่างเหมาะสมกับสถานการณ์และสื่อสารได้อย่างประสิทธิภาพ มีสัมพันธภาพที่ดีกับบุคคลรอบข้าง ประยุกต์ใช้เทคโนโลยีดิจิทัลในการสื่อสารและการทำงานอย่างเหมาะสม (skill)
db314 - plo.csv,พบ-วท.บ.วิทยาศาสตร์การแพทย์(interใหม่67),E,2,สื่อสารกับผู้ป่วยและญาติได้อย่างเหมาะสม และมีสัมพันธภาพที่ดีกับผู้ป่วยและญาติ (skill)
db314 - plo.csv,พบ-วท.บ.วิทยาศาสตร์การแพทย์(interใหม่67),A,1,มีความยืดหยุ่น ปรับตัวให้เข้ากับระบบและสภาพแวดล้อมได้ มีความมั่นคงทางอารมณ์เมื่อเผชิญปัญหาสามารถจัดการความเครียดได้ (skill)
db314 - plo.csv,พบ-วท.บ.วิทยาศาสตร์การแพทย์(interใหม่67),T,1,สามารถทำงานเป็นทีม แสดงบทบาทในทีมได้ทั้งผู้นำและผู้ตาม มีภาวะผู้นำ (skill)
db314 - plo.csv,พบ-วท.บ.วิทยาศาสตร์การแพทย์(interใหม่67),S,1,มีความเป็นประชาธิปไตย รู้จักและเคารพสิทธิ เสรีภาพของผู้อื่น ยอมรับความแตกต่างทางสังคม ทัศนคติ และความคิดเห็น รู้จักเสียสละ ช่วยเหลือสังคม (character)
db314 - plo.csv,พบ-วท.บ.วิทยาศาสตร์การแพทย์(interใหม่67),C,1,พัฒนาตนเองและเรียนรู้อย่างต่อเนื่อง (character)
db314 - plo.csv,พบ-วท.บ.วิทยาศาสตร์การแพทย์(interใหม่67),I,1,ศึกษา ค้นคว้า วิพากษ์ผลงานวิจัยและดำเนินการวิจัยทางการแพทย์ได้อย่างถูกต้องตามหลักการ มีความคิดสร้างสรรค์ด้านการวิจัยนวัตกรรม (knowledge and skill)
db314 - plo.csv,พบ-วท.บ.วิทยาศาสตร์การแพทย์(interใหม่67),C,2,คิดอย่างมีวิจารณญาณ สามารถตัดสินใจทางคลินิกโดยคำนึงถึงประโยชน์และความปลอดภัยของผู้ป่วย (skill)
db314 - plo.csv,พบ-วท.บ.วิทยาศาสตร์การแพทย์(interใหม่67),M,1,ประยุกต์ใช้ความรู้ทางวิทยาศาสตร์การแพทย์พื้นฐานและความรู้ทางคลินิก รวมทั้งการแพทย์ทางเลือก และเทคโนโลยีทางการแพทย์เพื่อการดูแลรักษาปัญหาสุขภาพที่หลากหลาย (knowledge)
db314 - plo.csv,พบ-วท.บ.วิทยาศาสตร์การแพทย์(interใหม่67),M,2,มีทักษะที่เกี่ยวข้องกับการบริบาลผู้ป่วย กระบวนการทางคลินิก สัมภาษณ์ประวัติ ตรวจร่างกาย การวินิจฉัยและวินิจฉัยแยกโรค การส่งตรวจและแปลผลการตรวจทางห้องปฏิบัติการ รังสีวิทยา และการตรวจพิเศษอื่น ๆ การดูแลรักษาและทักษะหัตถการที่จำเป็นในการดูแลรักษาผู้ป่วย การบันทึกเวชระเบียนและเอกสารทางการแพทย์ และการให้คำแนะนำแก่ผู้ป่วยและญาติ (skill)
db314 - plo.csv,ทัศนมาตรศาสตรบัณฑิต(นานาชาติ-ปรับปรุง66)-กมอ.1-68(1-68(8ม.ค.68),K,1,ผู้เรียนสามารถอธิบายหลักการพื้นฐานทางวิทยาศาสตร์การแพทย์ได้อย่างถูกต้อง
db314 - plo.csv,ทัศนมาตรศาสตรบัณฑิต(นานาชาติ-ปรับปรุง66)-กมอ.1-68(1-68(8ม.ค.68),K,2,ผู้เรียนสามารถอธิบายทฤษฎีและหลักการทางทัศนวิทยาศาสตร์ได้อย่างถูกต้อง
db314 - plo.csv,ทัศนมาตรศาสตรบัณฑิต(นานาชาติ-ปรับปรุง66)-กมอ.1-68(1-68(8ม.ค.68),K,3,ผู้เรียนสามารถอธิบายทฤษฎีและหลักการทางทัศนมาตรศาสตร์ที่เกี่ยวข้องกับการปฏิบัติงานในวิชาชีพได้อย่างถูกต้อง
db314 - plo.csv,ทัศนมาตรศาสตรบัณฑิต(นานาชาติ-ปรับปรุง66)-กมอ.1-68(1-68(8ม.ค.68),S,1,ผู้เรียนสามารถสื่อสารกับผู้เกี่ยวข้องได้อย่างมีประสิทธิภาพทั้งภาษาไทยและภาษาอังกฤษ
db314 - plo.csv,ทัศนมาตรศาสตรบัณฑิต(นานาชาติ-ปรับปรุง66)-กมอ.1-68(1-68(8ม.ค.68),S,2,ผู้เรียนสามารถปฏิบัติงานทางทัศนมาตรได้อย่างมีประสิทธิภาพ
db314 - plo.csv,ทัศนมาตรศาสตรบัณฑิต(นานาชาติ-ปรับปรุง66)-กมอ.1-68(1-68(8ม.ค.68),S,3,ผู้เรียนมีทักษะการประสานงานและทำงานเป็นทีมที่ดี
db314 - plo.csv,ทัศนมาตรศาสตรบัณฑิต(นานาชาติ-ปรับปรุง66)-กมอ.1-68(1-68(8ม.ค.68),S,4,ผู้เรียนสามารถพัฒนาและบริหารจัดการงานได้
db314 - plo.csv,ทัศนมาตรศาสตรบัณฑิต(นานาชาติ-ปรับปรุง66)-กมอ.1-68(1-68(8ม.ค.68),E,1,ผู้เรียนสามารถตัดสินใจโดยใช้เหตุผลตามหลักจริยศาสตร์
db314 - plo.csv,ทัศนมาตรศาสตรบัณฑิต(นานาชาติ-ปรับปรุง66)-กมอ.1-68(1-68(8ม.ค.68),E,2,ผู้เรียนสามารถอธิบายและนำหลักกฎหมาย คุณธรรม จริยธรรมและธรรมเนียมปฏิบัติอันดีของผู้ประกอบวิชาชีพทัศนมาตรมาใช้ในการปฏิบัติงานได้
db314 - plo.csv,ทัศนมาตรศาสตรบัณฑิต(นานาชาติ-ปรับปรุง66)-กมอ.1-68(1-68(8ม.ค.68),C,1,ผู้เรียนมีความรับผิดชอบ รู้สิทธิและหน้าที่
db314 - plo.csv,ทัศนมาตรศาสตรบัณฑิต(นานาชาติ-ปรับปรุง66)-กมอ.1-68(1-68(8ม.ค.68),C,2,ผู้เรียนมีความสามารถในการพัฒนาตนเองอย่างต่อเนื่อง
db314 - plo.csv,ทัศนมาตรศาสตรบัณฑิต(นานาชาติ-ปรับปรุง66)-กมอ.1-68(1-68(8ม.ค.68),C,3,ผู้เรียนมีการแสดงออกอย่างเหมาะสมกับการเป็นผู้ประกอบวิชาชีพทัศนมาตร
db314 - plo.csv,การแพทย์แผนจีนบัณฑิต66-กมอ.7-67,K,1,สามารถบูรณาการความรู้ทางวิทยาศาสตร์การแพทย์พื้นฐานเข้ากับการแพทย์แผนจีน
db314 - plo.csv,การแพทย์แผนจีนบัณฑิต66-กมอ.7-67,K,2,มีความรู้ด้านเวชจริยศาสตร์ จรรยาบรรณวิชาชีพ และกฎหมายที่เกี่ยวข้องกับการประกอบโรคศิลปะสาขาการแพทย์แผนจีน
db314 - plo.csv,การแพทย์แผนจีนบัณฑิต66-กมอ.7-67,K,3,มีความรู้ทางคลินิกในการตรวจวินิจฉัย รักษา และป้องกันโรคด้วยศาสตร์การแพทย์แผนจีน
db314 - plo.csv,การแพทย์แผนจีนบัณฑิต66-กมอ.7-67,K,4,มีความรู้ด้านระเบียบวิธีวิจัยและชีวสถิติ
db314 - plo.csv,การแพทย์แผนจีนบัณฑิต66-กมอ.7-67,S,1,สามารถตรวจวินิจฉัยโรค รักษาและบันทึกเอกสารทางการแพทย์อย่างเป็นระบบและถูกต้อง
db314 - plo.csv,การแพทย์แผนจีนบัณฑิต66-กมอ.7-67,S,2,สามารถสื่อสารภาษาจีน และภาษาอังกฤษเป็นอย่างดี
db314 - plo.csv,การแพทย์แผนจีนบัณฑิต66-กมอ.7-67,S,3,มีทักษะการรู้ดิจิทัล รวมถึงใช้เทคโนโลยีทางการแพทย์อย่างเป็นประโยชน์และเหมาะสมกับวิชาชีพ (Digital Literacy)
db314 - plo.csv,การแพทย์แผนจีนบัณฑิต66-กมอ.7-67,E,1,แสดงออกถึงคุณธรรม จริยธรรมและจรรยาบรรณที่เหมาะสมต่อวิชาชีพ
db314 - plo.csv,การแพทย์แผนจีนบัณฑิต66-กมอ.7-67,C,1,ผู้เรียนมีทักษะการคิดเชิงวิพากษ์และมีความคิดริเริ่มอย่างสร้างสรรค์
db314 - plo.csv,การแพทย์แผนจีนบัณฑิต66-กมอ.7-67,C,2,มีความเป็นผู้นำ รับผิดชอบ และกล้าแสดงออกในสิ่งที่ถูกต้อง
db314 - plo.csv,การแพทย์แผนจีนบัณฑิต66-กมอ.7-67,C,3,ยอมรับความแตกต่างในสังคม ให้คุณค่าของศิลปะ และวัฒนธรรม
db314 - plo.csv,การแพทย์แผนจีนบัณฑิต66-กมอ.7-67,C,4,ความใฝ่รู้ มุ่งมั่นพัฒนาตนเองและเรียนรู้อย่างต่อเนื่อง
db314 - plo.csv,การแพทย์แผนจีนบัณฑิต66-กมอ.7-67,C,5,มีบุคลิกภาพอันเป็นที่น่าเชื่อถือ และสามารถให้การรักษาทางการแพทย์แผนจีน
db314 - plo.csv,ปริญญาตรี - ศศ.บ.ไทยศึกษา,K,1,ผู้เรียนมีความรู้พื้นฐานเกี่ยวกับสังคมศาสตร์ มนุษยศาสตร์ และวิทยาศาสตร์
db314 - plo.csv,ปริญญาตรี - ศศ.บ.ไทยศึกษา,K,2,ผู้เรียนมีความรู้ทางอาณาบริเวณศึกษาและสังคมศาสตร์
db314 - plo.csv,ปริญญาตรี - ศศ.บ.ไทยศึกษา,K,3,ผู้เรียนมีความรู้ภาษาอังกฤษและ/หรือภาษาไทยดีมาก
db314 - plo.csv,ปริญญาตรี - ศศ.บ.ไทยศึกษา,K,4,ผู้เรียนมีความรู้ความเข้าเกี่ยวกับไทยศึกษาอย่างเป็นระบบ
db314 - plo.csv,ปริญญาตรี - ศศ.บ.ไทยศึกษา,S,1,ผู้เรียนใช้ความรู้เพื่อเข้าใจปัญหาและ/หรือสามารถแก้ไขปัญหาต่าง ๆ ได้
db314 - plo.csv,ปริญญาตรี - ศศ.บ.ไทยศึกษา,S,2,ผู้เรียนมีความคิดวิเคราะห์ ตรรกะ ความคิดสร้างสรรค์ และการเรียนรู้อย่างไม่สิ้นสุด
db314 - plo.csv,ปริญญาตรี - ศศ.บ.ไทยศึกษา,S,3,ผู้เรียนสามารถวิเคราะห์ปัญหา ค้นคว้าข้อมูลเชิงคุณภาพและปริมาณ เลือกใช้ทฤษฎีได้เหมาะสม ประเมินทางเลือก เสนอวิธีการแก้ไข และนำเสนอผลการตัดสินใจได้อย่างริเริ่ม
db314 - plo.csv,ปริญญาตรี - ศศ.บ.ไทยศึกษา,E,1,ผู้เรียนมีความซื่อสัตย์ ความตรงต่อเวลา ความรับผิดชอบ
db314 - plo.csv,ปริญญาตรี - ศศ.บ.ไทยศึกษา,C,1,ผู้เรียนยอมรับความแตกต่าง และสามารถปรับตัวเข้ากับสถานการณ์ได้อย่างเหมาะสม
db314 - plo.csv,ปริญญาตรี - ศศ.บ.ไทยศึกษา,C,2,ผู้เรียนสามารถทำงานเป็นทีม มีความเป็นผู้นำ
db314 - plo.csv,ปริญญาตรี - ศศ.บ.จีนศึกษา,K,1,ผู้เรียนมีความรู้พื้นฐานเกี่ยวกับสังคมศาสตร์ มนุษยศาสตร์ และวิทยาศาสตร์
db314 - plo.csv,ปริญญาตรี - ศศ.บ.จีนศึกษา,K,2,ผู้เรียนมีความรู้ทางอาณาบริเวณศึกษาและสังคมศาสตร์
db314 - plo.csv,ปริญญาตรี - ศศ.บ.จีนศึกษา,K,3,ผู้เรียนมีความรู้ภาษาจีนกลางระดับกลางสูง (เทียบเท่ากับ HSK 5)
db314 - plo.csv,ปริญญาตรี - ศศ.บ.จีนศึกษา,K,4,ผู้เรียนมีความเข้าใจความรู้เกี่ยวกับจีนศึกษาอย่างเป็นระบบ
db314 - plo.csv,ปริญญาตรี - ศศ.บ.จีนศึกษา,S,1,ผู้เรียนใช้ความรู้เพื่อเข้าใจปัญหาและ/หรือสามารถแก้ไขปัญหาต่าง ๆ ได้
db314 - plo.csv,ปริญญาตรี - ศศ.บ.จีนศึกษา,S,2,ผู้เรียนมีความคิดวิเคราะห์ ตรรกะ ความคิดสร้างสรรค์ และการเรียนรู้อย่างไม่สิ้นสุด
db314 - plo.csv,ปริญญาตรี - ศศ.บ.จีนศึกษา,S,3,ผู้เรียนสามารถวิเคราะห์ปัญหา ค้นคว้าข้อมูลเชิงคุณภาพและปริมาณ เลือกใช้ทฤษฎีได้เหมาะสม ประเมินทางเลือก เสนอวิธีการแก้ไข และนำเสนอผลการตัดสินใจได้อย่างริเริ่ม
db314 - plo.csv,ปริญญาตรี - ศศ.บ.จีนศึกษา,E,1,ผู้เรียนมีความซื่อสัตย์ ความตรงต่อเวลา ความรับผิดชอบ
db314 - plo.csv,ปริญญาตรี - ศศ.บ.จีนศึกษา,C,1,ผู้เรียนยอมรับความแตกต่าง และสามารถปรับตัวเข้ากับสถานการณ์ได้อย่างเหมาะสม
db314 - plo.csv,ปริญญาตรี - ศศ.บ.จีนศึกษา,C,2,ผู้เรียนสามารถทำงานเป็นทีม มีความเป็นผู้นำ
db314 - plo.csv,วารสารศาสตรบัณฑิต สื่อศึกษา (นานาชาติ) (ปรับปรุง 2566),K,1,ผู้เรียนมีความรู้ ความเข้าใจเกี่ยวกับหลักการ และทฤษฎีที่สำคัญในเนื้อหาสาขาวิชาสื่อศึกษา
db314 - plo.csv,วารสารศาสตรบัณฑิต สื่อศึกษา (นานาชาติ) (ปรับปรุง 2566),K,2,ผู้เรียนมีความรู้ ความเข้าใจบทบาทของการสื่อสารและปฏิบัติการของงานวารสารศาสตร์และงานวางแผนกลยุทธ์การสื่อ สาร
db314 - plo.csv,วารสารศาสตรบัณฑิต สื่อศึกษา (นานาชาติ) (ปรับปรุง 2566),K,3,ผู้เรียนมีความรู้และความเข้าใจในปรากฏการณ์ร่วมสมัยที่เกี่ยวข้องกับสื่อศึกษา
db314 - plo.csv,วารสารศาสตรบัณฑิต สื่อศึกษา (นานาชาติ) (ปรับปรุง 2566),S,1,ผู้เรียนมีทักษะสำคัญสำหรับการสื่อสารในระดับต่าง ๆ สามารถสื่อสารและจัดการการสื่อสารได้อย่างมีประสิทธิภาพ
db314 - plo.csv,วารสารศาสตรบัณฑิต สื่อศึกษา (นานาชาติ) (ปรับปรุง 2566),S,2,ผู้เรียนมีทักษะในการคิดวิเคราะห์ปรากฏการณ์ทางสังคมที่เกี่ยวข้องกับวารสารศาสตร์ สื่อ และการสื่อสาร
db314 - plo.csv,วารสารศาสตรบัณฑิต สื่อศึกษา (นานาชาติ) (ปรับปรุง 2566),S,3,ผู้เรียน มีทักษะการจัดการเนื้อหาและการนำเสนอผ่านสื่อในรูปแบบต่าง ๆ
db314 - plo.csv,วารสารศาสตรบัณฑิต สื่อศึกษา (นานาชาติ) (ปรับปรุง 2566),S,4,ผู้เรียนมีทักษะด้านเทคโนโลยีสารสนเทศด้านการสื่อสาร
db314 - plo.csv,วารสารศาสตรบัณฑิต สื่อศึกษา (นานาชาติ) (ปรับปรุง 2566),E,1,ผู้เรียนมีจรรยาบรรณในวิชาชีพสื่อสารมวลชน
db314 - plo.csv,วารสารศาสตรบัณฑิต สื่อศึกษา (นานาชาติ) (ปรับปรุง 2566),E,2,ผู้เรียนแสดงออกซึ่งการเคารพสิทธิและรับฟังความคิดเห็นของผู้อื่น รวมทั้งเคารพในคุณค่าและศักดิ์ศรีของความเป็นมนุษย์
db314 - plo.csv,วารสารศาสตรบัณฑิต สื่อศึกษา (นานาชาติ) (ปรับปรุง 2566),E,3,ผู้เรียนมีความเข้าใจและปฏิบัติตามหลักคุณธรรม จริยธรรม กฎระเบียบและข้อบังคับต่างๆ ขององค์กรและสังคม
db314 - plo.csv,วารสารศาสตรบัณฑิต สื่อศึกษา (นานาชาติ) (ปรับปรุง 2566),C,1,ผู้เรียนแสดงออกซึ่งความสามารถในการคิดวิเคราะห์ และการสื่อสารอย่างสร้างสรรค์เพื่อประโยชน์สาธารณะ
db314 - plo.csv,วารสารศาสตรบัณฑิต สื่อศึกษา (นานาชาติ) (ปรับปรุง 2566),C,2,ผู้เรียนแสดงออกด้านภาวะความเป็นผู้นำและผู้ตามสามารถทำงานเป็นทีมและสามารถจัดการความขัดแย้งได้
db314 - plo.csv,วารสารศาสตรบัณฑิต สื่อศึกษา (นานาชาติ) (ปรับปรุง 2566),C,3,ผู้เรียนแสดงออกซึ่งการเคารพสิทธิและรับฟังความคิดเห็นของผู้อื่น ยอมรับและเคารพในความแตกต่างหลากหลายของผู้อื่นทั้งในทางความคิดเห็น และการกระทำ
db314 - plo.csv,วารสารศาสตรบัณฑิต (ปรับปรุง 2566),K,1,ผู้เรียนมีความรู้ ความเข้าใจเกี่ยวกับหลักการคิดเบื้องต้น และทฤษฎีสำคัญในเนื้อหาสาขาวิชาวารสารศาสตร์
db314 - plo.csv,วารสารศาสตรบัณฑิต (ปรับปรุง 2566),K,2,ผู้เรียนมีความรู้ ความเข้าใจบทบาทของการสื่อสารและปฏิบัติการของงานวารสารศาสตร์และการสื่อสาร
db314 - plo.csv,วารสารศาสตรบัณฑิต (ปรับปรุง 2566),K,3,ผู้เรียนมีความรู้และความเข้าใจในปรากฏการณ์ร่วมสมัยที่เกี่ยวกับการสื่อสาร
db314 - plo.csv,วารสารศาสตรบัณฑิต (ปรับปรุง 2566),K,4,ผู้เรียนมีความรู้ในแนวกว้างของสาขาวิชาวารสารศาสตร์ สื่อ และการสื่อสาร สามารถบูรณาการความรู้ในสาขาวิชาสื่อศึกษากับความรู้ในศาสตร์อื่นๆ ที่เกี่ยวข้องได้อย่างเหมาะสม
db314 - plo.csv,วารสารศาสตรบัณฑิต (ปรับปรุง 2566),S,1,ผู้เรียนมีทักษะสำคัญสำหรับการสื่อสารในระดับต่างๆ และสามารถสื่อสารและจัดการการสื่อสารได้อย่างมีประสิทธิภาพ
db314 - plo.csv,วารสารศาสตรบัณฑิต (ปรับปรุง 2566),S,2,ผู้เรียนมีทักษะในการคิดวิเคราะห์ปรากฏการณ์การทางสังคม ที่เกี่ยวข้องกับวารสารศาสตร์ สื่อ และการสื่อสาร
db314 - plo.csv,วารสารศาสตรบัณฑิต (ปรับปรุง 2566),S,3,ผู้เขียนมีทักษะการจัดการเนื้อหาและการนำเสนอผ่านสื่อในรูปแบบต่างๆ
db314 - plo.csv,วารสารศาสตรบัณฑิต (ปรับปรุง 2566),S,4,ผู้เรียนมีทักษะด้านเทคโนโลยีสารสนเทศด้านการสื่อสาร
db314 - plo.csv,วารสารศาสตรบัณฑิต (ปรับปรุง 2566),E,1,ผู้เรียนปฏิบัติตามจรรยาบรรณในวิชาชีพสื่อสารมวลชนและวิชาชีพที่เกี่ยวข้อง
db314 - plo.csv,วารสารศาสตรบัณฑิต (ปรับปรุง 2566),E,2,ผู้เรียนแสดงออกซึ่งการเคารพสิทธิและรับฟังความคิดเห็นของผู้อื่น รวมทั้งเคารพในคุณค่าและศักดิ์ศรีของความเป็นมนุษย์
db314 - plo.csv,วารสารศาสตรบัณฑิต (ปรับปรุง 2566),E,3,ผู้เรียนมีความเข้าใจและปฏิบัติตามหลักคุณธรรม จริยธรรม กฎระเบียบและข้อบังคับต่างๆ ที่กำหนดร่วมกัน
db314 - plo.csv,วารสารศาสตรบัณฑิต (ปรับปรุง 2566),C,1,ผู้เรียนแสดงออกซึ่งความสามารถในการคิดวิเคราะห์ และการสื่อสารอย่างสร้างสรรค์เพื่อประโยชน์สาธารณะ
db314 - plo.csv,วารสารศาสตรบัณฑิต (ปรับปรุง 2566),C,2,ผู้เรียนแสดงออกด้านภาวะความเป็นผู้นำและผู้ตาม สามารถทำงานเป็นทีม และสามารถจัดการความขัดแย้งได้
db314 - plo.csv,วารสารศาสตรบัณฑิต (ปรับปรุง 2566),C,3,ผู้เรียนแสดงออกซึ่งการเคารพสิทธิและรับฟังความคิดเห็นของผู้อื่น ยอมรับและเคารพในความแตกต่างหลากหลายของผู้อื่นทั้งในทางความคิดเห็น และการกระทำ
db314 - plo.csv,2.แพทยศาสตรบัณฑิต (หลักสูตรภาษาอังกฤษ-หลักสูตรปรับปรุง พ.ศ. 2568),K,1,ประยุกต์ความรู้ตามเกณฑ์มาตรฐานผู้ประกอบวิชาชีพเวชกรรมมาใช้ในการบริบาลผู้ป่วยได้เหมาะสม
db314 - plo.csv,2.แพทยศาสตรบัณฑิต (หลักสูตรภาษาอังกฤษ-หลักสูตรปรับปรุง พ.ศ. 2568),K,2,ประยุกต์ความรู้ด้านสังคมศาสตร์ เวชจริยศาสตร์ มาใช้ผสมผสานในการบริบาลผู้ป่วยอย่างเป็นองค์รวม
db314 - plo.csv,2.แพทยศาสตรบัณฑิต (หลักสูตรภาษาอังกฤษ-หลักสูตรปรับปรุง พ.ศ. 2568),K,3,ประยุกต์ความรู้ด้านระเบียบวิธีวิจัยและชีวสถิติมาใช้ในการดำเนินการวิจัยทางการแพทย์ได้
db314 - plo.csv,2.แพทยศาสตรบัณฑิต (หลักสูตรภาษาอังกฤษ-หลักสูตรปรับปรุง พ.ศ. 2568),S,1,ซักประวัติ ตรวจร่างกาย วิเคราะห์และแก้ปัญหาให้ผู้ป่วยโดยใช้เวชศาสตร์เชิงประจักษ์ได้อย่างมีวิจารณญาณและเหตุผล
db314 - plo.csv,2.แพทยศาสตรบัณฑิต (หลักสูตรภาษาอังกฤษ-หลักสูตรปรับปรุง พ.ศ. 2568),S,2,ทำหัตถการได้ตามเกณฑ์มาตรฐานผู้ประกอบวิชาชีพเวชกรรม
db314 - plo.csv,2.แพทยศาสตรบัณฑิต (หลักสูตรภาษาอังกฤษ-หลักสูตรปรับปรุง พ.ศ. 2568),S,3,สื่อสารกับผู้ป่วย ครอบครัว และผู้ร่วมงาน ได้เหมาะสม
db314 - plo.csv,2.แพทยศาสตรบัณฑิต (หลักสูตรภาษาอังกฤษ-หลักสูตรปรับปรุง พ.ศ. 2568),S,4,เลือกเทคโนโลยีสารสนเทศในการเก็บรวบรวมข้อมูล ประมวลผล และบันทึกข้อมูลได้อย่างเป็นระบบ
db314 - plo.csv,2.แพทยศาสตรบัณฑิต (หลักสูตรภาษาอังกฤษ-หลักสูตรปรับปรุง พ.ศ. 2568),E,1,แสดงออกถึงการมีจรรยาบรรณแพทย์
db314 - plo.csv,2.แพทยศาสตรบัณฑิต (หลักสูตรภาษาอังกฤษ-หลักสูตรปรับปรุง พ.ศ. 2568),E,2,แสดงออกถึงความซื่อสัตย์ สุจริต รักษากฎระเบียบ และปฏิบัติตนตามกฎหมายบ้านเมือง
db314 - plo.csv,2.แพทยศาสตรบัณฑิต (หลักสูตรภาษาอังกฤษ-หลักสูตรปรับปรุง พ.ศ. 2568),C,1,แสดงออกถึงภาวะผู้นำ สามารถทำงานเป็นทีมได้
db314 - plo.csv,2.แพทยศาสตรบัณฑิต (หลักสูตรภาษาอังกฤษ-หลักสูตรปรับปรุง พ.ศ. 2568),C,2,แสดงออกถึงมนุษยสัมพันธ์ที่ดีต่อผู้ป่วย เพื่อนร่วมงาน และชุมชน สามารถดำรงชีวิตอยู่ในสังคมได้อย่างมีความสุข
db314 - plo.csv,2.แพทยศาสตรบัณฑิต (หลักสูตรภาษาอังกฤษ-หลักสูตรปรับปรุง พ.ศ. 2568),C,3,แสดงออกถึงความใฝ่รู้ ทันโลก ทันสังคม พัฒนาตนเองอย่างต่อเนื่อง
db314 - plo.csv,1.แพทยศาสตรบัณฑิต (หลักสูตรปรับปรุง พ.ศ.2568),K,1,ประยุกต์ความรู้ตามเกณฑ์มาตรฐานผู้ประกอบวิชาชีพเวชกรรมมาใช้ในการบริบาลผู้ป่วยได้เหมาะสม
db314 - plo.csv,1.แพทยศาสตรบัณฑิต (หลักสูตรปรับปรุง พ.ศ.2568),K,2,ประยุกต์ความรู้ด้านสังคมศาสตร์ เวชจริยศาสตร์ มาใช้ผสมผสานในการบริบาลผู้ป่วยอย่างเป็นองค์รวม
db314 - plo.csv,1.แพทยศาสตรบัณฑิต (หลักสูตรปรับปรุง พ.ศ.2568),K,3,ประยุกต์ความรู้ด้านระเบียบวิธีวิจัยและชีวสถิติมาใช้ในการดำเนินการวิจัยทางการแพทย์ได้
db314 - plo.csv,1.แพทยศาสตรบัณฑิต (หลักสูตรปรับปรุง พ.ศ.2568),S,1,ซักประวัติ ตรวจร่างกาย วิเคราะห์และแก้ปัญหาให้ผู้ป่วยโดยใช้เวชศาสตร์เชิงประจักษ์ ได้อย่างมีวิจารณญาณและเหตุผล
db314 - plo.csv,1.แพทยศาสตรบัณฑิต (หลักสูตรปรับปรุง พ.ศ.2568),S,2,ทำหัตถการได้ตามเกณฑ์มาตรฐานผู้ประกอบวิชาชีพเวชกรรม
db314 - plo.csv,1.แพทยศาสตรบัณฑิต (หลักสูตรปรับปรุง พ.ศ.2568),S,3,สื่อสารกับผู้ป่วย ครอบครัว และผู้ร่วมงาน ได้เหมาะสม
db314 - plo.csv,1.แพทยศาสตรบัณฑิต (หลักสูตรปรับปรุง พ.ศ.2568),S,4,เลือกเทคโนโลยีสารสนเทศในการเก็บรวบรวมข้อมูล ประมวลผล และบันทึกข้อมูลได้อย่างเป็นระบบ
db314 - plo.csv,1.แพทยศาสตรบัณฑิต (หลักสูตรปรับปรุง พ.ศ.2568),E,1,แสดงออกถึงการมีจรรยาบรรณแพทย์
db314 - plo.csv,1.แพทยศาสตรบัณฑิต (หลักสูตรปรับปรุง พ.ศ.2568),E,2,แสดงออกถึงความซื่อสัตย์ สุจริต รักษากฎระเบียบ และปฏิบัติตนตามกฎหมายบ้านเมือง
db314 - plo.csv,1.แพทยศาสตรบัณฑิต (หลักสูตรปรับปรุง พ.ศ.2568),C,1,แสดงออกถึงภาวะผู้นำ สามารถทำงานเป็นทีมได้
db314 - plo.csv,1.แพทยศาสตรบัณฑิต (หลักสูตรปรับปรุง พ.ศ.2568),C,2,แสดงออกถึงมนุษยสัมพันธ์ที่ดีต่อผู้ป่วย เพื่อนร่วมงาน และชุมชน สามารถดำรงชีวิตอยู่ในสังคมได้อย่าง มีความสุข
db314 - plo.csv,1.แพทยศาสตรบัณฑิต (หลักสูตรปรับปรุง พ.ศ.2568),C,3,แสดงออกถึงความใฝ่รู้ ทันโลก ทันสังคม พัฒนาตนเองอย่างต่อเนื่อง
db314 - plo.csv,4.การแพทย์แผนไทยประยุกต์บัณฑิต (หลักสูตรใหม่ พ.ศ.2569) ศูนย์ลำปาง,PLOs,1,วิเคราะห์ ความรู้ที่เกี่ยวกับวิทยาศาสตร์พื้นฐาน วิทยาศาสตร์การแพทย์พรีคลินิกและคลินิกและวิชาชีพการแพทย์แผนไทยประยุกต์
db314 - plo.csv,4.การแพทย์แผนไทยประยุกต์บัณฑิต (หลักสูตรใหม่ พ.ศ.2569) ศูนย์ลำปาง,PLOs,2,ปฏิบัติ การซักประวัติ การตรวจร่างกาย และการทำหัตถการในการตรวจวินิจฉัยโรค การดูแลและการรักษา รวมถึงการผลิตยาสมุนไพรได้ตามมาตรฐานวิชาชีพการแพทย์แผนไทยประยุกต์
db314 - plo.csv,4.การแพทย์แผนไทยประยุกต์บัณฑิต (หลักสูตรใหม่ พ.ศ.2569) ศูนย์ลำปาง,PLOs,3,ใช้ เทคโนโลยีสารสนเทศด้านดิจิทัลในการเก็บรวบรวมข้อมูล ประมวลผล แปลความหมาย และการนำเสนอข้อมูลสารสนเทศ
db314 - plo.csv,4.การแพทย์แผนไทยประยุกต์บัณฑิต (หลักสูตรใหม่ พ.ศ.2569) ศูนย์ลำปาง,PLOs,4,สื่อสาร กับบุคคลทั่วไป ผู้ป่วยรวมถึงสหวิชาชีพได้
db314 - plo.csv,4.การแพทย์แผนไทยประยุกต์บัณฑิต (หลักสูตรใหม่ พ.ศ.2569) ศูนย์ลำปาง,PLOs,5,ทำงาน ร่วมกับผู้ป่วย ญาติ ผู้ร่วมงานและสหวิชาชีพได้
db314 - plo.csv,4.การแพทย์แผนไทยประยุกต์บัณฑิต (หลักสูตรใหม่ พ.ศ.2569) ศูนย์ลำปาง,PLOs,6,แสดงออก ถึงคุณธรรมจริยธรรมที่บัณฑิตพึงมีต่อตนเองและผู้อื่นตามมาตรฐานวิชาชีพการแพทย์แผนไทยประยุกต์
db314 - plo.csv,4.การแพทย์แผนไทยประยุกต์บัณฑิต (หลักสูตรใหม่ พ.ศ.2569) ศูนย์ลำปาง,PLOs,7,แสดงออก ถึงลักษณะบุคคลที่บัณฑิตพึงมี ตามมาตรฐานวิชาชีพการแพทย์แผนไทยประยุกต์
db314 - plo.csv,3.การแพทย์แผนไทยประยุกต์บัณฑิต (หลักสูตรปรับปรุง พ.ศ.2566),PLOs,1,ประยุกต์ ความรู้ที่เกี่ยวกับวิชาชีพแพทย์แผนไทยประยุกต์
db314 - plo.csv,3.การแพทย์แผนไทยประยุกต์บัณฑิต (หลักสูตรปรับปรุง พ.ศ.2566),PLOs,2,ทำ เวชปฏิบัติตามมาตรฐานวิชาชีพการแพทย์แผนไทยประยุกต์
db314 - plo.csv,3.การแพทย์แผนไทยประยุกต์บัณฑิต (หลักสูตรปรับปรุง พ.ศ.2566),PLOs,3,ใช้ เทคโนโลยีสารสนเทศที่ทันสมัยในการเก็บรวบรวมข้อมูล ประมวลผล แปลความหมาย และการนำเสนอข้อมูลสารสนเทศ
db314 - plo.csv,3.การแพทย์แผนไทยประยุกต์บัณฑิต (หลักสูตรปรับปรุง พ.ศ.2566),PLOs,4,ทำงาน ร่วมกับผู้ป่วย ญาติ ผู้ร่วมงานและสหวิชาชีพได้
db314 - plo.csv,3.การแพทย์แผนไทยประยุกต์บัณฑิต (หลักสูตรปรับปรุง พ.ศ.2566),PLOs,5,สื่อสาร กับบุคคลทั่วไป ผู้ป่วยรวมถึงสหวิชาชีพได้
db314 - plo.csv,3.การแพทย์แผนไทยประยุกต์บัณฑิต (หลักสูตรปรับปรุง พ.ศ.2566),PLOs,6,แสดงออก ถึงคุณธรรมจริยธรรมที่บัณฑิตพึงมีต่อตนเอง ผู้ป่วย และสังคม รวมถึงการมีบุคลิกภาพและเจตคติที่ดี
db314 - plo.csv,3.การแพทย์แผนไทยประยุกต์บัณฑิต (หลักสูตรปรับปรุง พ.ศ.2566),PLOs,7,สังเคราะห์ แนวทางหรือวิธีการเพื่อปรับปรุงแก้ไขปัญหาด้านคุณธรรมจริยธรรม และด้านวิชาการ/วิชาชีพการแพทย์แผนไทยประยุกต์ได้อย่างสร้างสรรค์
db314 - plo.csv,3.การแพทย์แผนไทยประยุกต์บัณฑิต (หลักสูตรปรับปรุง พ.ศ.2566),PLOs,8,พัฒนา ตนเองและงานในความรับผิดชอบได้อย่างต่อเนื่องด้วยการประยุกต์ใช้ความรู้และทักษะ
db314 - plo.csv,ศศบนวัตกรรมการพัฒนามนุษย์66ป๋วย,K,1,ผู้เรียนมีความรู้และความเข้าใจเกี่ยวกับหลักการและทฤษฎีที่สำคัญในการพัฒนามนุษย์และสังคม
db314 - plo.csv,ศศบนวัตกรรมการพัฒนามนุษย์66ป๋วย,K,2,ผู้เรียนสามารถวิเคราะห์และประยุกต์ใช้องค์ความรู้ที่เป็นหลักการในการพัฒนา เพื่อแก้ปัญหาในเชิงพื้นที่ ที่เห็นให้คุณค่าทั้งทางมิติเศรษฐกิจ สังคม และสิ่งแวดล้อมตามแนวทางการพัฒนาอย่างยั่งยืน
db314 - plo.csv,ศศบนวัตกรรมการพัฒนามนุษย์66ป๋วย,K,3,ผู้เรียนสามารถใช้ความรู้ด้านการพัฒนาและนวัตกรรมทางสังคม ในการศึกษา/วิเคราะห์ชุมชนและสังคม สามารถออกแบบและทำโครงการนวัตกรรมการพัฒนาสังคม
db314 - plo.csv,ศศบนวัตกรรมการพัฒนามนุษย์66ป๋วย,S,1,ผู้เรียนมีทักษะการเรียนรู้ตลอดชีวิต และรู้เท่าทันการเปลี่ยนแปลงของสังคมและของโลก ภายใต้กระแสโลกาภิวัตน์และความเปลี่ยนแปลงต่างๆ ได้
db314 - plo.csv,ศศบนวัตกรรมการพัฒนามนุษย์66ป๋วย,S,2,ผู้เรียนมีทักษะการคิดแบบองค์รวม คิดเชิงวิพากษ์ คิดแบบสร้างสรรค์ คิดแบบการเป็นผู้ประกอบการและสามารถแก้ปัญหาต่างๆ ได้
db314 - plo.csv,ศศบนวัตกรรมการพัฒนามนุษย์66ป๋วย,S,3,ผู้เรียนมีสมรรถนะในการออกแบบ บริหาร/จัดการโครงการ การประเมินผลและการถอดบทเรียนจากการลงพื้นที่ การทำโครงการนวัตกรรมการพัฒนาสังคม จากการฝึกปฏิบัติงานภาคสนาม
db314 - plo.csv,ศศบนวัตกรรมการพัฒนามนุษย์66ป๋วย,S,4,ผู้เรียนสามารถใช้เครื่องมือต่าง ๆ เพื่อสืบค้นข้อมูลที่เกี่ยวข้อง รู้วิธีใช้ตัวกรองเพื่อจำกัดผลลัพธ์ พร้อมทั้งสามารถตรวจสอบความน่าเชื่อถือและอ้างอิงของแหล่งที่มาข้อมูลได้อย่างถูกต้อง
db314 - plo.csv,ศศบนวัตกรรมการพัฒนามนุษย์66ป๋วย,S,5,ผู้เรียนสามารถนำข้อมูลสถิติมาในใช้การวิเคราะห์และแปลความหมายของทั้งเชิงปริมาณและคุณภาพ เพื่อการแก้ปัญหาในเชิงสร้างสรรค์
db314 - plo.csv,ศศบนวัตกรรมการพัฒนามนุษย์66ป๋วย,S,6,ผู้เรียนสามารถใช้เครื่องมือที่หลากหลายเพื่อการสนทนาและทำงานร่วมกับผู้อื่นแบบออนไลน์ รวมถึงการแบ่งปันเอกสารและหรือข้อคิดเห็น การประชุมทางไกล และการเข้าร่วมสัมมนาผ่านเว็บไซต์ การสัมมนาผ่านเครื่องมือและช่องทางที่หลากหลาย
db314 - plo.csv,ศศบนวัตกรรมการพัฒนามนุษย์66ป๋วย,E,1,ผู้เรียนสามารถปฏิบัติงานร่วมกับผู้อื่นในชุมชน มีเจตคติ จริยธรรม มีจิตสาธารณะเพื่อแก้ปัญหาชุมชน และสังคมในพื้นที่
db314 - plo.csv,ศศบนวัตกรรมการพัฒนามนุษย์66ป๋วย,E,2,ผู้เรียนมีวินัย ตรงต่อเวลา และความรับผิดชอบต่อตนเองและสังคม เคารพกฎระเบียบ และข้อบังคับต่าง ๆ ขององค์กรและสังคม
db314 - plo.csv,ศศบนวัตกรรมการพัฒนามนุษย์66ป๋วย,E,3,ผู้เรียนเคารพสิทธิและรับฟังความคิดเห็นของผู้อื่น รวมทั้งเคารพในคุณค่าและศักดิ์ศรีของความเป็นมนุษย์
db314 - plo.csv,ศศบนวัตกรรมการพัฒนามนุษย์66ป๋วย,C,1,ผู้เรียนมีมนุษยสัมพันธ์ที่ดีสามารถสื่อสารกับกลุ่มคนหลากหลายทั้งภาษาไทยและภาษาอังกฤษได้อย่างมีประสิทธิภาพ
db314 - plo.csv,ศศบนวัตกรรมการพัฒนามนุษย์66ป๋วย,C,2,ผู้เรียนสามารถทำงานร่วมกับผู้อื่นเพื่อให้บรรลุเป้าหมายของงานได้อย่างมีประสิทธิภาพ ตามบทบาทและหน้าที่ พร้อมทั้งยอมรับความหลากหลายทางสังคมและวัฒนธรรม
db314 - plo.csv,ศศบนวัตกรรมการพัฒนามนุษย์66ป๋วย,C,3,ผู้เรียนสามารถใช้ความรู้ด้านพัฒนศาสตร์มาชี้นำสังคมในประเด็นที่เหมาะสมและเป็นผู้ริเริ่ม แสดงประเด็นในการแก้ไขสถานการณ์ทั้งส่วนตัวและส่วนรวม พร้อมทั้งแสดง จุดยืนอย่างพอเหมาะทั้งของตนเองและของกลุ่ม
