curriculum,qualification_responsible_position,name_responsible,degree_reponsible,program_responsible,institute_responsible,year_graduate_responsible
ศศ.บ. สาขาวิชาการฝึกสอนกีฬา (ปรับปรุง 2567),ผู้ช่วยศาสตราจารย์ ดร.,วิชัย ยีมิน,ปร.ด.,วิทยาศาสตร์การกีฬา,มหาวิทยาลัยเกษตรศาสตร์,2559
ศศ.บ. สาขาวิชาการฝึกสอนกีฬา (ปรับปรุง 2567),ผู้ช่วยศาสตราจารย์ ดร.,วิชัย ยีมิน,วท.ม.,วิทยาศาสตร์การกีฬา,มหาวิทยาลัยเกษตรศาสตร์,2554
ศศ.บ. สาขาวิชาการฝึกสอนกีฬา (ปรับปรุง 2567),ผู้ช่วยศาสตราจารย์ ดร.,วิชัย ยีมิน,วท.บ.,วิทยาศาสตร์การกีฬา,สถาบันการพลศึกษา (มหาวิทยาลัยราชภัฏกาญจนบุรี),2551
ศศ.บ. สาขาวิชาการฝึกสอนกีฬา (ปรับปรุง 2567),รองศาสตราจารย์ ดร.,อภิลักษณ์ เทียนทอง,ปร.ด.,วิทยาศาสตร์การกีฬาวิทยาศาสตร์,มหาวิทยาลัยเกษตรศาสตร์,2555
ศศ.บ. สาขาวิชาการฝึกสอนกีฬา (ปรับปรุง 2567),รองศาสตราจารย์ ดร.,อภิลักษณ์ เทียนทอง,วท.ม.,การกีฬา,มหาวิทยาลัยเกษตรศาสตร์,2541
ศศ.บ. สาขาวิชาการฝึกสอนกีฬา (ปรับปรุง 2567),รองศาสตราจารย์ ดร.,อภิลักษณ์ เทียนทอง,ศศ.บ.,พลศึกษา,มหาวิทยาลัยเกษตรศาสตร์,2539
ศศ.บ. สาขาวิชาการฝึกสอนกีฬา (ปรับปรุง 2567),อาจารย์,พิริยะ สุวรรณดิษฐ์,วท.ม.,เวชศาสตร์การกีฬา,จุฬาลงกรณ์มหาวิทยาลัย,2554
ศศ.บ. สาขาวิชาการฝึกสอนกีฬา (ปรับปรุง 2567),อาจารย์,พิริยะ สุวรรณดิษฐ์,วท.บ.,วิทยาศาสตร์การกีฬา,จุฬาลงกรณ์มหาวิทยาลัย,2548
ศศ.บ. สาขาวิชาการฝึกสอนกีฬา (ปรับปรุง 2567),ผู้ช่วยศาสตราจารย์ ดร.,สันทณี เครือขอน,ปร.ด.,วิทยาศาสตร์การแพทย์,มหาวิทยาลัยธรรมศาสตร์,2553
ศศ.บ. สาขาวิชาการฝึกสอนกีฬา (ปรับปรุง 2567),ผู้ช่วยศาสตราจารย์ ดร.,สันทณี เครือขอน,วท.ม.,กายภาพบำบัด,มหาวิทยาลัยมหิดล,2544
ศศ.บ. สาขาวิชาการฝึกสอนกีฬา (ปรับปรุง 2567),ผู้ช่วยศาสตราจารย์ ดร.,สันทณี เครือขอน,วท.บ.,กายภาพบำบัด,มหาวิทยาลัยมหิดล,2541
ศศ.บ. สาขาวิชาการฝึกสอนกีฬา (ปรับปรุง 2567),อาจารย์,ณัฐพล ผิวขำ,วท.ม.,วิทยาศาสตร์การกีฬา,มหาวิทยาลัยมหิดล,2559
ศศ.บ. สาขาวิชาการฝึกสอนกีฬา (ปรับปรุง 2567),อาจารย์,ณัฐพล ผิวขำ,วท.บ.,วิทยาศาสตร์การกีฬา,มหาวิทยาลัยมหิดล,2556
วท.บ. สาขาวิชาวิทยาศาสตร์การกีฬาและการออก กำลังกาย (ปรับปรุง 2566),ผู้ช่วยศาสตราจารย์,สุพัชริน เขมรัตน์,ปร.ด.,วิทยาศาสตร์การออกกำลังกายและกีฬา,มหาวิทยาลัยบูรพา,2551
วท.บ. สาขาวิชาวิทยาศาสตร์การกีฬาและการออก กำลังกาย (ปรับปรุง 2566),ผู้ช่วยศาสตราจารย์,สุพัชริน เขมรัตน์,วท.ม.,วิทยาศาสตร์การกีฬา,มหาวิทยาลัยเกษตรศาสตร์,2547
วท.บ. สาขาวิชาวิทยาศาสตร์การกีฬาและการออก กำลังกาย (ปรับปรุง 2566),ผู้ช่วยศาสตราจารย์,สุพัชริน เขมรัตน์,พย.บ.,พยาบาล,มหาวิทยาลัยมหิดล,2544
วท.บ. สาขาวิชาวิทยาศาสตร์การกีฬาและการออก กำลังกาย (ปรับปรุง 2566),ผู้ช่วยศาสตราจารย์,สายรัก สอาดไพร,ปร.ด.,วิศวกรรมทางการแพทย์,มหาวิทยาลัยธรรมศาสตร์,2562
วท.บ. สาขาวิชาวิทยาศาสตร์การกีฬาและการออก กำลังกาย (ปรับปรุง 2566),ผู้ช่วยศาสตราจารย์,สายรัก สอาดไพร,M.Ed.,Human Kinesiology,"Capital University of Physical Education and Sports, China",2556
วท.บ. สาขาวิชาวิทยาศาสตร์การกีฬาและการออก กำลังกาย (ปรับปรุง 2566),ผู้ช่วยศาสตราจารย์,สายรัก สอาดไพร,วท.บ.,วิทยาศาสตร์การกีฬา,จุฬาลงกรณ์มหาวิทยาลัย,2552
วท.บ. สาขาวิชาวิทยาศาสตร์การกีฬาและการออก กำลังกาย (ปรับปรุง 2566),ผู้ช่วยศาสตราจารย์,จิตานันท์ เหล่าศิริ ไพศาล,Ph.D.,Kinesiology,"The University of Texas at Austin, USA.",2560
วท.บ. สาขาวิชาวิทยาศาสตร์การกีฬาและการออก กำลังกาย (ปรับปรุง 2566),ผู้ช่วยศาสตราจารย์,จิตานันท์ เหล่าศิริ ไพศาล,วท.ม.,สรีรวิทยาการออกกำลังกาย,มหาวิทยาลัยมหิดล,2549
วท.บ. สาขาวิชาวิทยาศาสตร์การกีฬาและการออก กำลังกาย (ปรับปรุง 2566),ผู้ช่วยศาสตราจารย์,จิตานันท์ เหล่าศิริ ไพศาล,วท.บ.,กายภาพบำบัด,มหาวิทยาลัยมหิดล,2545
วท.บ. สาขาวิชาวิทยาศาสตร์การกีฬาและการออก กำลังกาย (ปรับปรุง 2566),อาจารย์,สุติมา สุวรรณกาล,วท.ม.,วิทยาศาสตร์การเคลื่อนไหวและการออกกำลังกาย,มหาวิทยาลัยเชียงใหม่,2549
วท.บ. สาขาวิชาวิทยาศาสตร์การกีฬาและการออก กำลังกาย (ปรับปรุง 2566),อาจารย์,สุติมา สุวรรณกาล,วท.บ.,กายภาพบำบัด,มหาวิทยาลัยเชียงใหม่,2545
วท.บ. สาขาวิชาวิทยาศาสตร์การกีฬาและการออก กำลังกาย (ปรับปรุง 2566),อาจารย์,ปุญญาณัฐ นวลออน,ปร.ด.,ชีวเวชศาสตร์,จุฬาลงกรณ์มหาวิทยาลัย,2554
วท.บ. สาขาวิชาวิทยาศาสตร์การกีฬาและการออก กำลังกาย (ปรับปรุง 2566),อาจารย์,ปุญญาณัฐ นวลออน,วท.ม.,เวชศาสตร์การกีฬา,จุฬาลงกรณ์มหาวิทยาลัย,2545
วท.บ. สาขาวิชาวิทยาศาสตร์การกีฬาและการออก กำลังกาย (ปรับปรุง 2566),อาจารย์,ปุญญาณัฐ นวลออน,วท.บ.,กายภาพบำบัด,มหาวิทยาลัยขอนแก่น,2541
วท.บ. สาขาวิชากายภาพบำบัด (ปรับปรุง 2569),รองศาสตราจารย์ ดร.,นพพล ประโมทยกุล,ปร.ด.,วิทยาศาสตร์การเคลื่อนไหวของมนุษย์,มหาวิทยาลัยขอนแก่น,2558
วท.บ. สาขาวิชากายภาพบำบัด (ปรับปรุง 2569),รองศาสตราจารย์ ดร.,นพพล ประโมทยกุล,วท.ม.,กายภาพบำบัด,มหาวิทยาลัยมหิดล,2548
วท.บ. สาขาวิชากายภาพบำบัด (ปรับปรุง 2569),รองศาสตราจารย์ ดร.,นพพล ประโมทยกุล,วท.บ.,กายภาพบำบัด,มหาวิทยาลัยธรรมศาสตร์,2545
วท.บ. สาขาวิชากายภาพบำบัด (ปรับปรุง 2569),ผู้ช่วยศาสตราจารย์ ดร.,ชวนพิศ บุญเกิด,ปร.ด.,วิทยาศาสตร์การกีฬา,มหาวิทยาลัยมหิดล,2560
วท.บ. สาขาวิชากายภาพบำบัด (ปรับปรุง 2569),ผู้ช่วยศาสตราจารย์ ดร.,ชวนพิศ บุญเกิด,วท.ม.,วิทยาศาสตร์การกีฬา,มหาวิทยาลัยมหิดล,2548
วท.บ. สาขาวิชากายภาพบำบัด (ปรับปรุง 2569),ผู้ช่วยศาสตราจารย์ ดร.,ชวนพิศ บุญเกิด,วท.บ.,กายภาพบำบัด,มหาวิทยาลัยธรรมศาสตร์,2545
วท.บ. สาขาวิชากายภาพบำบัด (ปรับปรุง 2569),ผู้ช่วยศาสตราจารย์ ดร.,ปรียาภรณ์ สองศร,Ph.D.,Sports Studies,"University of Stirling, United Kingdom",2562
วท.บ. สาขาวิชากายภาพบำบัด (ปรับปรุง 2569),ผู้ช่วยศาสตราจารย์ ดร.,ปรียาภรณ์ สองศร,วท.ม.,สรีรวิทยา,มหาวิทยาลัยมหิดล,2550
วท.บ. สาขาวิชากายภาพบำบัด (ปรับปรุง 2569),ผู้ช่วยศาสตราจารย์ ดร.,ปรียาภรณ์ สองศร,วท.บ.,กายภาพบำบัด,มหาวิทยาลัยศรีนครินทรวิโรฒ,2547
วท.บ. สาขาวิชากายภาพบำบัด (ปรับปรุง 2569),ผู้ช่วยศาสตราจารย์ ดร.,สิริลักษณ์ กาญจโนมัย,ปร.ด.,ชีวเวชศาสตร์ (สหสาขาวิชา),จุฬาลงกรณ์มหาวิทยาลัย,2554
วท.บ. สาขาวิชากายภาพบำบัด (ปรับปรุง 2569),ผู้ช่วยศาสตราจารย์ ดร.,สิริลักษณ์ กาญจโนมัย,วท.ม.,กายภาพบำบัด,มหาวิทยาลัยมหิดล,2544
วท.บ. สาขาวิชากายภาพบำบัด (ปรับปรุง 2569),ผู้ช่วยศาสตราจารย์ ดร.,สิริลักษณ์ กาญจโนมัย,วท.บ.,กายภาพบำบัด,มหาวิทยาลัยมหิดล,2541
วท.บ. สาขาวิชากายภาพบำบัด (ปรับปรุง 2569),ผู้ช่วยศาสตราจารย์ ดร.,ปฤณภัก มหาทรัพย์,ปร.ด.,วิทยาศาสตร์การแพทย์,มหาวิทยาลัยธรรมศาสตร์,2555
วท.บ. สาขาวิชากายภาพบำบัด (ปรับปรุง 2569),ผู้ช่วยศาสตราจารย์ ดร.,ปฤณภัก มหาทรัพย์,วท.ม.,วิทยาศาสตร์การแพทย์,จุฬาลงกรณ์มหาวิทยาลัย,2545
วท.บ. สาขาวิชากายภาพบำบัด (ปรับปรุง 2569),ผู้ช่วยศาสตราจารย์ ดร.,ปฤณภัก มหาทรัพย์,วท.บ.,กายภาพบำบัด,มหาวิทยาลัยมหิดล,2541
ศศ.บ. สาขาวิชาการจัดการกีฬา (ปรับปรุง 2567),อาจารย์,วรวีร์ นาคพนม,วท.ด.,วิทยาศาสตร์การกีฬา (การจัดการกีฬา),จุฬาลงกรณ์มหาวิทยาลัย,2562
ศศ.บ. สาขาวิชาการจัดการกีฬา (ปรับปรุง 2567),อาจารย์,วรวีร์ นาคพนม,วท.ม.,วิทยาศาสตร์การกีฬา (การจัดการกีฬา),จุฬาลงกรณ์มหาวิทยาลัย,2555
ศศ.บ. สาขาวิชาการจัดการกีฬา (ปรับปรุง 2567),อาจารย์,วรวีร์ นาคพนม,วท.บ.,วิทยาศาสตร์การกีฬา (การจัดการกีฬา),จุฬาลงกรณ์มหาวิทยาลัย,2553
ศศ.บ. สาขาวิชาการจัดการกีฬา (ปรับปรุง 2567),อาจารย์,พัชรมน รักษพลเดช,บธ.ด.,ธุรกิจกีฬาและบันเทิง,มหาวิทยาลัยศรีปทุม,2560
ศศ.บ. สาขาวิชาการจัดการกีฬา (ปรับปรุง 2567),อาจารย์,พัชรมน รักษพลเดช,วท.ม.,ระบบสารสนเทศทางธุรกิจ,มหาวิทยาลัยเทคโนโลยีพระจอมเกล้าธนบุรี,2555
ศศ.บ. สาขาวิชาการจัดการกีฬา (ปรับปรุง 2567),อาจารย์,พัชรมน รักษพลเดช,นศ.บ.,โฆษณา,มหาวิทยาลัยอัสสัมชัญ,2545
ศศ.บ. สาขาวิชาการจัดการกีฬา (ปรับปรุง 2567),อาจารย์,จักรพันธ์ ชุบไธสง,วท.ม.,วิทยาศาสตร์การกีฬา (การจัดการกีฬา),จุฬาลงกรณ์มหาวิทยาลัย,2552
ศศ.บ. สาขาวิชาการจัดการกีฬา (ปรับปรุง 2567),อาจารย์,จักรพันธ์ ชุบไธสง,วท.บ.,วิทยาศาสตร์การกีฬา,มหาวิทยาลัยศรีนครินทรวิโรฒ,2550
ศศ.บ. สาขาวิชาการจัดการกีฬา (ปรับปรุง 2567),อาจารย์,กฤษฎา ปาณะเสรี,บธ.ด.,การจัดการการกีฬา,มหาวิทยาลัยราชภัฏจันทรเกษม,2561
ศศ.บ. สาขาวิชาการจัดการกีฬา (ปรับปรุง 2567),อาจารย์,กฤษฎา ปาณะเสรี,บธ.ม.,การจัดการการกีฬา,มหาวิทยาลัยราชภัฏจันทรเกษม,2551
ศศ.บ. สาขาวิชาการจัดการกีฬา (ปรับปรุง 2567),อาจารย์,กฤษฎา ปาณะเสรี,ค.บ.,พลศึกษา,มหาวิทยาลัยราชภัฏจันทรเกษม,2549
ศศ.บ. สาขาวิชาการจัดการกีฬา (ปรับปรุง 2567),ผู้ช่วยศาสตราจารย์,นิลมณี ศรีบุญ,Ph.D.,Sports Administration,"Florida state University, U.S.A.",2544
ศศ.บ. สาขาวิชาการจัดการกีฬา (ปรับปรุง 2567),ผู้ช่วยศาสตราจารย์,นิลมณี ศรีบุญ,ค.ม.,พลศึกษา,จุฬาลงกรณ์มหาวิทยาลัย,2523
ศศ.บ. สาขาวิชาการจัดการกีฬา (ปรับปรุง 2567),ผู้ช่วยศาสตราจารย์,นิลมณี ศรีบุญ,กศ.บ.,พลศึกษา,มหาวิทยาลัยศรีนครินทรวิโรฒ,2521
เทคนิคการแพทยบัณฑิต (ปรับปรุง 2566),ผู้ช่วยศาสตราจารย์,จรีภรณ์ เอกวัฒน์ชัย,Ph.D.,Molecular Biomedical Science,"The University of Adelaide, Australia,",2550
เทคนิคการแพทยบัณฑิต (ปรับปรุง 2566),ผู้ช่วยศาสตราจารย์,จรีภรณ์ เอกวัฒน์ชัย,วท.ม.,จุลชีววิทยา,มหาวิทยาลัยมหิดล,2541
เทคนิคการแพทยบัณฑิต (ปรับปรุง 2566),ผู้ช่วยศาสตราจารย์,จรีภรณ์ เอกวัฒน์ชัย,วท.บ.,เทคนิคการแพทย์,มหาวิทยาลัยเชียงใหม่,2536
เทคนิคการแพทยบัณฑิต (ปรับปรุง 2566),ผู้ช่วยศาสตราจารย์,สุดาวดี คงขำ,Ph.D.,Biochemistry and Molecular Genetic,"University of Virginia, USA,",2545
เทคนิคการแพทยบัณฑิต (ปรับปรุง 2566),ผู้ช่วยศาสตราจารย์,สุดาวดี คงขำ,วท.บ.,เทคนิคการแพทย์,มหาวิทยาลัยมหิดล,2537
เทคนิคการแพทยบัณฑิต (ปรับปรุง 2566),ผู้ช่วยศาสตราจารย์,ดุจดาว ทรงธรรมวัฒน์,Ph.D.,Medical Science,"Nagasaki University, Japan",2550
เทคนิคการแพทยบัณฑิต (ปรับปรุง 2566),ผู้ช่วยศาสตราจารย์,ดุจดาว ทรงธรรมวัฒน์,วท.ม.,จุลชีววิทยา,มหาวิทยาลัยมหิดล,2541
เทคนิคการแพทยบัณฑิต (ปรับปรุง 2566),ผู้ช่วยศาสตราจารย์,ดุจดาว ทรงธรรมวัฒน์,วท.บ,เทคนิคการแพทย์,มหาวิทยาลัยมหิดล,2537
เทคนิคการแพทยบัณฑิต (ปรับปรุง 2566),ผู้ช่วยศาสตราจารย์,เอนก ภู่ทอง,ปร.ด.,ชีวเวชศาสตร์,มหาวิทยาลัยธรรมศาสตร์,2552
เทคนิคการแพทยบัณฑิต (ปรับปรุง 2566),ผู้ช่วยศาสตราจารย์,เอนก ภู่ทอง,วท.บ.,เทคนิคการแพทย์,มหาวิทยาลัยธรรมศาสตร์,2544
เทคนิคการแพทยบัณฑิต (ปรับปรุง 2566),ผู้ช่วยศาสตราจารย์,ฌลณต เกษตร,ปร.ด.,ชีวเวชศาสตร์,มหาวิทยาลัยธรรมศาสตร์,2552
เทคนิคการแพทยบัณฑิต (ปรับปรุง 2566),ผู้ช่วยศาสตราจารย์,ฌลณต เกษตร,วท.บ.,เทคนิคการแพทย์,มหาวิทยาลัยธรรมศาสตร์,2544
เทคนิคการแพทยบัณฑิต (ปรับปรุง 2566),ผู้ช่วยศาสตราจารย์,สิรินารถ ชูเมียน,ปร.ด.,เทคนิคการแพทย์,มหาวิทยาลัยมหิดล,2556
เทคนิคการแพทยบัณฑิต (ปรับปรุง 2566),ผู้ช่วยศาสตราจารย์,สิรินารถ ชูเมียน,วท.ม.,เทคนิคการแพทย์,มหาวิทยาลัยมหิดล,2552
เทคนิคการแพทยบัณฑิต (ปรับปรุง 2566),ผู้ช่วยศาสตราจารย์,สิรินารถ ชูเมียน,วทบ.,เทคนิคการแพทย์,มหาวิทยาลัยมหิดล,2550
3. วิศวกรรมศาสตรบัณฑิต สาขาวิชาวิศวกรรมโยธา (นานาชาติ) (ปรับปรุง 2566),ผู้ช่วยศาสตราจารย์,ดร. มงกุฎ เพียรธนะกูลชัย,Ph.D.,Transportation,"Tohoku University, Japan",2543
3. วิศวกรรมศาสตรบัณฑิต สาขาวิชาวิศวกรรมโยธา (นานาชาติ) (ปรับปรุง 2566),ผู้ช่วยศาสตราจารย์,ดร. มงกุฎ เพียรธนะกูลชัย,M.Eng.,Transportation,"Asian Institute of Technology (AIT), Thailand",2539
3. วิศวกรรมศาสตรบัณฑิต สาขาวิชาวิศวกรรมโยธา (นานาชาติ) (ปรับปรุง 2566),ผู้ช่วยศาสตราจารย์,ดร. มงกุฎ เพียรธนะกูลชัย,B.Eng.,Civil Engineering,"Chulalongkorn University, Thailand",2537
3. วิศวกรรมศาสตรบัณฑิต สาขาวิชาวิศวกรรมโยธา (นานาชาติ) (ปรับปรุง 2566),ผู้ช่วยศาสตราจารย์,ดร. ทวีป ชัยสมภพ,D.Eng.,Civil Engineering,"The University of Tokyo, Japan",2530
3. วิศวกรรมศาสตรบัณฑิต สาขาวิชาวิศวกรรมโยธา (นานาชาติ) (ปรับปรุง 2566),ผู้ช่วยศาสตราจารย์,ดร. ทวีป ชัยสมภพ,M.Eng.,Civil Engineering,"The University of Tokyo, Japan",2527
3. วิศวกรรมศาสตรบัณฑิต สาขาวิชาวิศวกรรมโยธา (นานาชาติ) (ปรับปรุง 2566),ผู้ช่วยศาสตราจารย์,ดร. ทวีป ชัยสมภพ,B.Eng.,Civil Engineering,"Chulalongkorn University, Thailand",2525
3. วิศวกรรมศาสตรบัณฑิต สาขาวิชาวิศวกรรมโยธา (นานาชาติ) (ปรับปรุง 2566),ผู้ช่วยศาสตราจารย์,ดร. วิญญู รัตนปิติกรณ์,D.Eng.,Civil Engineering,"Yokohama National University, Japan",2538
3. วิศวกรรมศาสตรบัณฑิต สาขาวิชาวิศวกรรมโยธา (นานาชาติ) (ปรับปรุง 2566),ผู้ช่วยศาสตราจารย์,ดร. วิญญู รัตนปิติกรณ์,M.Eng.,Water Resources Development,"Asian Institute of Technology (AIT), Thailand",2534
3. วิศวกรรมศาสตรบัณฑิต สาขาวิชาวิศวกรรมโยธา (นานาชาติ) (ปรับปรุง 2566),ผู้ช่วยศาสตราจารย์,ดร. วิญญู รัตนปิติกรณ์,B.Eng.,Agricultural Engineering,"Khon Kaen University, Thailand",2530
3. วิศวกรรมศาสตรบัณฑิต สาขาวิชาวิศวกรรมโยธา (นานาชาติ) (ปรับปรุง 2566),ผู้ช่วยศาสตราจารย์,Dr. Amin Eisazadeh Otaghsaraei,Ph.D.,Geotechnic,"University of Technology, Malaysia",2553
3. วิศวกรรมศาสตรบัณฑิต สาขาวิชาวิศวกรรมโยธา (นานาชาติ) (ปรับปรุง 2566),ผู้ช่วยศาสตราจารย์,Dr. Amin Eisazadeh Otaghsaraei,M.Sc.,Geotechnic,"Tehran Polytechnic, Iran",2548
3. วิศวกรรมศาสตรบัณฑิต สาขาวิชาวิศวกรรมโยธา (นานาชาติ) (ปรับปรุง 2566),ผู้ช่วยศาสตราจารย์,Dr. Amin Eisazadeh Otaghsaraei,B.Sc.,Civil Engineering,"Tehran Polytechnic, Iran",2546
3. วิศวกรรมศาสตรบัณฑิต สาขาวิชาวิศวกรรมโยธา (นานาชาติ) (ปรับปรุง 2566),ผู้ช่วยศาสตราจารย์,ดร. ปานเทพ จุลนิพิฐวงษ,Ph.D.,Civil Engineering,"Hamburg University of Technology, Germany",2553
3. วิศวกรรมศาสตรบัณฑิต สาขาวิชาวิศวกรรมโยธา (นานาชาติ) (ปรับปรุง 2566),ผู้ช่วยศาสตราจารย์,ดร. ปานเทพ จุลนิพิฐวงษ,M.Sc.,Engineering,"Sirindhorn International Institute of Technology, Thailand",2547
3. วิศวกรรมศาสตรบัณฑิต สาขาวิชาวิศวกรรมโยธา (นานาชาติ) (ปรับปรุง 2566),ผู้ช่วยศาสตราจารย์,ดร. ปานเทพ จุลนิพิฐวงษ,B.Eng.,Building Facilities Engineering Program,"Sirindhorn International Institute of Technology, Thailand",2545
5. วิศวกรรมศาสตรบัณฑิต สาขาวิชาวิศวกรรมเคมี (นานาชาติ) (ปรับปรุง 2566),ผู้ช่วยศาสตราจารย์,ดร. พิษณุ ตู้จินดา,Ph.D.,Chemical Engineering,"The University of Akron, Ohio, USA",2546
5. วิศวกรรมศาสตรบัณฑิต สาขาวิชาวิศวกรรมเคมี (นานาชาติ) (ปรับปรุง 2566),ผู้ช่วยศาสตราจารย์,ดร. พิษณุ ตู้จินดา,M.S.,Chemical Engineering,"The University of Akron, Ohio, USA",2542
5. วิศวกรรมศาสตรบัณฑิต สาขาวิชาวิศวกรรมเคมี (นานาชาติ) (ปรับปรุง 2566),ผู้ช่วยศาสตราจารย์,ดร. พิษณุ ตู้จินดา,B.Sc.,Chemistry,"Mahidol University, Thailand",2538
5. วิศวกรรมศาสตรบัณฑิต สาขาวิชาวิศวกรรมเคมี (นานาชาติ) (ปรับปรุง 2566),ผู้ช่วยศาสตราจารย์,ดร. ลักขณา หล่อตระกูล,Dr.rer.nat.,Theoretical Biochemistry,"University of Vienna, Austria",2543
5. วิศวกรรมศาสตรบัณฑิต สาขาวิชาวิศวกรรมเคมี (นานาชาติ) (ปรับปรุง 2566),ผู้ช่วยศาสตราจารย์,ดร. ลักขณา หล่อตระกูล,M.Sc.,Physical Chemistry,"Kasetsart University, Thailand",2539
5. วิศวกรรมศาสตรบัณฑิต สาขาวิชาวิศวกรรมเคมี (นานาชาติ) (ปรับปรุง 2566),ผู้ช่วยศาสตราจารย์,ดร. ลักขณา หล่อตระกูล,B.Sc.,Chemistry,"Kasetsart University, Thailand",2536
5. วิศวกรรมศาสตรบัณฑิต สาขาวิชาวิศวกรรมเคมี (นานาชาติ) (ปรับปรุง 2566),ผู้ช่วยศาสตราจารย์,ดร. จริยา แก้วเสน่หา,Ph.D,Polymer Science and Technology,"Mahidol University, Thailand",2557
5. วิศวกรรมศาสตรบัณฑิต สาขาวิชาวิศวกรรมเคมี (นานาชาติ) (ปรับปรุง 2566),ผู้ช่วยศาสตราจารย์,ดร. จริยา แก้วเสน่หา,M.Sc.,Polymer Science and Technology,"Mahidol University, Thailand",2553
5. วิศวกรรมศาสตรบัณฑิต สาขาวิชาวิศวกรรมเคมี (นานาชาติ) (ปรับปรุง 2566),ผู้ช่วยศาสตราจารย์,ดร. จริยา แก้วเสน่หา,B.Sc.,Chemistry,"Mahidol University, Thailand",2550
5. วิศวกรรมศาสตรบัณฑิต สาขาวิชาวิศวกรรมเคมี (นานาชาติ) (ปรับปรุง 2566),ผู้ช่วยศาสตราจารย์,ดร. คณิน เนื่องโนราช,Ph.D.,Applied Chemistry,"Tohoku University, Japan",2556
5. วิศวกรรมศาสตรบัณฑิต สาขาวิชาวิศวกรรมเคมี (นานาชาติ) (ปรับปรุง 2566),ผู้ช่วยศาสตราจารย์,ดร. คณิน เนื่องโนราช,M.Eng.,Applied Chemistry,"Tohoku University, Japan",2553
5. วิศวกรรมศาสตรบัณฑิต สาขาวิชาวิศวกรรมเคมี (นานาชาติ) (ปรับปรุง 2566),ผู้ช่วยศาสตราจารย์,ดร. คณิน เนื่องโนราช,B.Eng.,Chemical Engineering,"Kasetsart University, Thailand",2550
5. วิศวกรรมศาสตรบัณฑิต สาขาวิชาวิศวกรรมเคมี (นานาชาติ) (ปรับปรุง 2566),อาจารย์,ดร. ภาวินทร์ เอี่ยมประเสริฐกุล,Ph.D.,Materials Chemistry,"The University of Manchester, U.K",2563
5. วิศวกรรมศาสตรบัณฑิต สาขาวิชาวิศวกรรมเคมี (นานาชาติ) (ปรับปรุง 2566),อาจารย์,ดร. ภาวินทร์ เอี่ยมประเสริฐกุล,M.Eng.,Chemical Engineering,"Kasetsart University, Thailand",2559
5. วิศวกรรมศาสตรบัณฑิต สาขาวิชาวิศวกรรมเคมี (นานาชาติ) (ปรับปรุง 2566),อาจารย์,ดร. ภาวินทร์ เอี่ยมประเสริฐกุล,B.Eng.,Chemical Engineering,"Kasetsart University, Thailand",2557
4. วิศวกรรมศาสตรบัณฑิต สาขาวิชาวิศวกรรมเครื่องกล (นานาชาติ) (ปรับปรุง 2566),ผู้ช่วยศาสตราจารย์,ดร. บัณฑิต ลิ้มมีโชคชัย,D.Eng.,Energy Economics and Planning,"Asian Institute of Technology (AIT), Thailand",2539
4. วิศวกรรมศาสตรบัณฑิต สาขาวิชาวิศวกรรมเครื่องกล (นานาชาติ) (ปรับปรุง 2566),ผู้ช่วยศาสตราจารย์,ดร. บัณฑิต ลิ้มมีโชคชัย,M.Eng.,Energy Technology,"Asian Institute of Technology (AIT), Thailand",2532
4. วิศวกรรมศาสตรบัณฑิต สาขาวิชาวิศวกรรมเครื่องกล (นานาชาติ) (ปรับปรุง 2566),ผู้ช่วยศาสตราจารย์,ดร. บัณฑิต ลิ้มมีโชคชัย,B.Eng.,Mechanical Engineering,"King Mongkut's Institute of Technology North Bangkok (KMITNB), Thailand",2526
4. วิศวกรรมศาสตรบัณฑิต สาขาวิชาวิศวกรรมเครื่องกล (นานาชาติ) (ปรับปรุง 2566),ศาสตราจารย์,ดร. ศรัทธา อาภรณ์รัตน์,Ph.D.,Mechanical Engineering,"The University of Sheffield, England",2537
4. วิศวกรรมศาสตรบัณฑิต สาขาวิชาวิศวกรรมเครื่องกล (นานาชาติ) (ปรับปรุง 2566),ศาสตราจารย์,ดร. ศรัทธา อาภรณ์รัตน์,M.Eng.,Mechanical Engineering,"University of Technology, Sydney, Australia",2533
4. วิศวกรรมศาสตรบัณฑิต สาขาวิชาวิศวกรรมเครื่องกล (นานาชาติ) (ปรับปรุง 2566),ศาสตราจารย์,ดร. ศรัทธา อาภรณ์รัตน์,B.Sc.,Mechanical Engineering,"Prince of Songkhla University, Thailand",2529
4. วิศวกรรมศาสตรบัณฑิต สาขาวิชาวิศวกรรมเครื่องกล (นานาชาติ) (ปรับปรุง 2566),ศาสตราจารย์,ดร. ธนัญชัย ลีภักดิ์ปรีดา,Ph.D.,Mechanical Engineering,"The University of Akron, Ohio, USA",2539
4. วิศวกรรมศาสตรบัณฑิต สาขาวิชาวิศวกรรมเครื่องกล (นานาชาติ) (ปรับปรุง 2566),ศาสตราจารย์,ดร. ธนัญชัย ลีภักดิ์ปรีดา,M.S.,Mechanical Engineering,"The University of Akron, Ohio, USA",2536
4. วิศวกรรมศาสตรบัณฑิต สาขาวิชาวิศวกรรมเครื่องกล (นานาชาติ) (ปรับปรุง 2566),ศาสตราจารย์,ดร. ธนัญชัย ลีภักดิ์ปรีดา,B.Eng.,Mechanical Engineering,"Chulalongkorn University, Thailand",2534
4. วิศวกรรมศาสตรบัณฑิต สาขาวิชาวิศวกรรมเครื่องกล (นานาชาติ) (ปรับปรุง 2566),ผู้ช่วยศาสตราจารย์,ดร. ธันยเศรษฐ์ เศรษฐบุตร,Ph.D.,Systems and Control Engineering (โทควบเอก),"Case Western Reserve University, Ohio, USA",2556
4. วิศวกรรมศาสตรบัณฑิต สาขาวิชาวิศวกรรมเครื่องกล (นานาชาติ) (ปรับปรุง 2566),ผู้ช่วยศาสตราจารย์,ดร. ธันยเศรษฐ์ เศรษฐบุตร,B.Eng.,Mechanical Engineering,"Sirindhorn International Institute of Technology, Thammasat University, Thailand",2548
4. วิศวกรรมศาสตรบัณฑิต สาขาวิชาวิศวกรรมเครื่องกล (นานาชาติ) (ปรับปรุง 2566),อาจารย์,ดร. มารวย เพลินใจ,D.Eng,Mechano-Micro Engineering,"Tokyo Institute of Technology, Japan",2560
4. วิศวกรรมศาสตรบัณฑิต สาขาวิชาวิศวกรรมเครื่องกล (นานาชาติ) (ปรับปรุง 2566),อาจารย์,ดร. มารวย เพลินใจ,M.Eng.,Mechano-Micro Engineering,"Tokyo Institute of Technology, Japan",2557
4. วิศวกรรมศาสตรบัณฑิต สาขาวิชาวิศวกรรมเครื่องกล (นานาชาติ) (ปรับปรุง 2566),อาจารย์,ดร. มารวย เพลินใจ,B.Eng.,Mechanical Engineering,"Sirindhorn International Institute of Technology, Thammasat University, Thailand",2554
6. วิทยาศาสตรบัณฑิต สาขาวิชาการวิเคราะห์ธุรกิจและโซ่อุปทาน (นานาชาติ) (ปรับปรุง 2566),ผู้ช่วยศาสตราจารย์,ดร. พิสิษฐ์ จันทร์วราสุทธิ์,Ph.D.,Management Information Systems,"Rensselaer Polytechnic Institute, USA",2548
6. วิทยาศาสตรบัณฑิต สาขาวิชาการวิเคราะห์ธุรกิจและโซ่อุปทาน (นานาชาติ) (ปรับปรุง 2566),ผู้ช่วยศาสตราจารย์,ดร. พิสิษฐ์ จันทร์วราสุทธิ์,M.S.,Management Information Systems,"Rensselaer Polytechnic Institute, USA",2545
6. วิทยาศาสตรบัณฑิต สาขาวิชาการวิเคราะห์ธุรกิจและโซ่อุปทาน (นานาชาติ) (ปรับปรุง 2566),ผู้ช่วยศาสตราจารย์,ดร. พิสิษฐ์ จันทร์วราสุทธิ์,M.B.A.,Finance,"Loyola University Chicago, USA",2540
6. วิทยาศาสตรบัณฑิต สาขาวิชาการวิเคราะห์ธุรกิจและโซ่อุปทาน (นานาชาติ) (ปรับปรุง 2566),ผู้ช่วยศาสตราจารย์,ดร. พิสิษฐ์ จันทร์วราสุทธิ์,D.V.M.,Doctor of Veterinary Medicine,"Chulalongkorn University, Thailand",2536
6. วิทยาศาสตรบัณฑิต สาขาวิชาการวิเคราะห์ธุรกิจและโซ่อุปทาน (นานาชาติ) (ปรับปรุง 2566),ผู้ช่วยศาสตราจารย์,ดร. ณัฏฐริกา ฤทธิทิพย์พันธุ์,Ph.D.,Strategic and International Management,"The University of Texas at Arlington, USA",2548
6. วิทยาศาสตรบัณฑิต สาขาวิชาการวิเคราะห์ธุรกิจและโซ่อุปทาน (นานาชาติ) (ปรับปรุง 2566),ผู้ช่วยศาสตราจารย์,ดร. ณัฏฐริกา ฤทธิทิพย์พันธุ์,M.M.,E-Commerce,"University of Dallas, USA",2543
6. วิทยาศาสตรบัณฑิต สาขาวิชาการวิเคราะห์ธุรกิจและโซ่อุปทาน (นานาชาติ) (ปรับปรุง 2566),ผู้ช่วยศาสตราจารย์,ดร. ณัฏฐริกา ฤทธิทิพย์พันธุ์,M.B.A.,International Business Management,"University of Dallas, USA",2542
6. วิทยาศาสตรบัณฑิต สาขาวิชาการวิเคราะห์ธุรกิจและโซ่อุปทาน (นานาชาติ) (ปรับปรุง 2566),ผู้ช่วยศาสตราจารย์,ดร. ณัฏฐริกา ฤทธิทิพย์พันธุ์,B.A.,Economics,"University of Dallas, USA",2540
6. วิทยาศาสตรบัณฑิต สาขาวิชาการวิเคราะห์ธุรกิจและโซ่อุปทาน (นานาชาติ) (ปรับปรุง 2566),ผู้ช่วยศาสตราจารย์,ดร. ณัฏฐริกา ฤทธิทิพย์พันธุ์,B.S.,Biology,"University of Dallas, USA",2540
6. วิทยาศาสตรบัณฑิต สาขาวิชาการวิเคราะห์ธุรกิจและโซ่อุปทาน (นานาชาติ) (ปรับปรุง 2566),ผู้ช่วยศาสตราจารย์,ดร. สุธาทิพย์ สวนมะลิ,Ph.D.,Mathematics,"North Carolina State University, USA",2550
6. วิทยาศาสตรบัณฑิต สาขาวิชาการวิเคราะห์ธุรกิจและโซ่อุปทาน (นานาชาติ) (ปรับปรุง 2566),ผู้ช่วยศาสตราจารย์,ดร. สุธาทิพย์ สวนมะลิ,M.S.,Applied Mathematics,"North Carolina State University, USA",2548
6. วิทยาศาสตรบัณฑิต สาขาวิชาการวิเคราะห์ธุรกิจและโซ่อุปทาน (นานาชาติ) (ปรับปรุง 2566),ผู้ช่วยศาสตราจารย์,ดร. สุธาทิพย์ สวนมะลิ,B.S.,Mathematics and Financial Economics,"Methodist University, USA",2545
6. วิทยาศาสตรบัณฑิต สาขาวิชาการวิเคราะห์ธุรกิจและโซ่อุปทาน (นานาชาติ) (ปรับปรุง 2566),ผู้ช่วยศาสตราจารย์,ดร. ณัฐสุดา เกาทัณฑ์ทอง,Ph.D.,Information Sciences,"Graduate School of Information Sciences, Tohoku University, Japan",2557
6. วิทยาศาสตรบัณฑิต สาขาวิชาการวิเคราะห์ธุรกิจและโซ่อุปทาน (นานาชาติ) (ปรับปรุง 2566),ผู้ช่วยศาสตราจารย์,ดร. ณัฐสุดา เกาทัณฑ์ทอง,M.S.,Information Sciences,"Graduate School of Information Sciences, Tohoku University, Japan",2554
6. วิทยาศาสตรบัณฑิต สาขาวิชาการวิเคราะห์ธุรกิจและโซ่อุปทาน (นานาชาติ) (ปรับปรุง 2566),ผู้ช่วยศาสตราจารย์,ดร. ณัฐสุดา เกาทัณฑ์ทอง,B.S.,Information Sciences,"Sirindhorn International Institute of Technology, Thailand",2551
6. วิทยาศาสตรบัณฑิต สาขาวิชาการวิเคราะห์ธุรกิจและโซ่อุปทาน (นานาชาติ) (ปรับปรุง 2566),ผู้ช่วยศาสตราจารย์,ดร. ชวลิต จีนอนันต์,Ph.D.,Industrial and Systems Engineering,"Virginia Polytechnic Institute and State University, USA",2547
6. วิทยาศาสตรบัณฑิต สาขาวิชาการวิเคราะห์ธุรกิจและโซ่อุปทาน (นานาชาติ) (ปรับปรุง 2566),ผู้ช่วยศาสตราจารย์,ดร. ชวลิต จีนอนันต์,M.S.,Management Science,"University of Maryland, USA",2542
6. วิทยาศาสตรบัณฑิต สาขาวิชาการวิเคราะห์ธุรกิจและโซ่อุปทาน (นานาชาติ) (ปรับปรุง 2566),ผู้ช่วยศาสตราจารย์,ดร. ชวลิต จีนอนันต์,B.S.,Mathematics,"University of Maryland, USA",2541
6. วิทยาศาสตรบัณฑิต สาขาวิชาการวิเคราะห์ธุรกิจและโซ่อุปทาน (นานาชาติ) (ปรับปรุง 2566),ผู้ช่วยศาสตราจารย์,ดร. ชวลิต จีนอนันต์,B.S.,Computer Science,"University of Maryland, USA",2541
1. วิศวกรรมศาสตรบัณฑิต สาขาวิชาวิศวกรรมไฟฟ้า (นานาชาติ) (ปรับปรุง 2566),ผู้ช่วยศาสตราจารย์,ดร. ประพันธ์ สุขสมปอง,Ph.D.,Electrical and Computer Engineering,"Cornell University, Ithaca, New York, USA",2551
1. วิศวกรรมศาสตรบัณฑิต สาขาวิชาวิศวกรรมไฟฟ้า (นานาชาติ) (ปรับปรุง 2566),ผู้ช่วยศาสตราจารย์,ดร. ประพันธ์ สุขสมปอง,M.S.,Electrical and Computer Engineering,"Cornell University, Ithaca, New York, USA",2549
1. วิศวกรรมศาสตรบัณฑิต สาขาวิชาวิศวกรรมไฟฟ้า (นานาชาติ) (ปรับปรุง 2566),ผู้ช่วยศาสตราจารย์,ดร. ประพันธ์ สุขสมปอง,B.S,Electrical and Computer Engineering,"Cornell University, Ithaca, New York, USA",2545
1. วิศวกรรมศาสตรบัณฑิต สาขาวิชาวิศวกรรมไฟฟ้า (นานาชาติ) (ปรับปรุง 2566),ผู้ช่วยศาสตราจารย์,ดร.บรรลือ ศรีสุชินวงศ์,Ph.D.,Electronics Engineering,"The University of Manchester Institute ofScience and Technology, the UnitedKingdom",2535
1. วิศวกรรมศาสตรบัณฑิต สาขาวิชาวิศวกรรมไฟฟ้า (นานาชาติ) (ปรับปรุง 2566),ผู้ช่วยศาสตราจารย์,ดร.บรรลือ ศรีสุชินวงศ์,M.Sc.,Electronics Engineering,"The University of Manchester Institute ofScience and Technology, the UnitedKingdom",2533
1. วิศวกรรมศาสตรบัณฑิต สาขาวิชาวิศวกรรมไฟฟ้า (นานาชาติ) (ปรับปรุง 2566),ผู้ช่วยศาสตราจารย์,ดร.บรรลือ ศรีสุชินวงศ์,B.Eng.,Electronics Engineering,"King Mongkut's Institute of TechnologyLadkrabang, Thailand",2528
1. วิศวกรรมศาสตรบัณฑิต สาขาวิชาวิศวกรรมไฟฟ้า (นานาชาติ) (ปรับปรุง 2566),ผู้ช่วยศาสตราจารย์,ดร.ชาลี เจริญลาภนพรัตน์,Ph.D.,Electrical Engineering,"The Pennsylvania State University, University Park, PA, USA",2543
1. วิศวกรรมศาสตรบัณฑิต สาขาวิชาวิศวกรรมไฟฟ้า (นานาชาติ) (ปรับปรุง 2566),ผู้ช่วยศาสตราจารย์,ดร.ชาลี เจริญลาภนพรัตน์,M.Sc,Electrical Engineering,"The Pennsylvania State University, University Park, PA, USA",2538
1. วิศวกรรมศาสตรบัณฑิต สาขาวิชาวิศวกรรมไฟฟ้า (นานาชาติ) (ปรับปรุง 2566),ผู้ช่วยศาสตราจารย์,ดร.ชาลี เจริญลาภนพรัตน์,B.Eng.,Electrical Engineering,"Chulalongkorn University, Thailand",2536
1. วิศวกรรมศาสตรบัณฑิต สาขาวิชาวิศวกรรมไฟฟ้า (นานาชาติ) (ปรับปรุง 2566),ผู้ช่วยศาสตราจารย์,ดร. วารี กงประเวชนนท์,Ph.D.,Mathematics Engineering and Information Physics,"The University of Tokyo, Japan",2541
1. วิศวกรรมศาสตรบัณฑิต สาขาวิชาวิศวกรรมไฟฟ้า (นานาชาติ) (ปรับปรุง 2566),ผู้ช่วยศาสตราจารย์,ดร. วารี กงประเวชนนท์,M.Eng.,Control Engineering,"Osaka University, Japan",2538
1. วิศวกรรมศาสตรบัณฑิต สาขาวิชาวิศวกรรมไฟฟ้า (นานาชาติ) (ปรับปรุง 2566),ผู้ช่วยศาสตราจารย์,ดร. วารี กงประเวชนนท์,B.Eng,Electrical Engineering,"Chulalongkorn University, Thailand",2535
1. วิศวกรรมศาสตรบัณฑิต สาขาวิชาวิศวกรรมไฟฟ้า (นานาชาติ) (ปรับปรุง 2566),ผู้ช่วยศาสตราจารย์,ดร. อิทธิเศก นิลกำแหง,Ph.D.,Integrated System Design Engineering,"Keio University, Tokyo, Japan",2551
1. วิศวกรรมศาสตรบัณฑิต สาขาวิชาวิศวกรรมไฟฟ้า (นานาชาติ) (ปรับปรุง 2566),ผู้ช่วยศาสตราจารย์,ดร. อิทธิเศก นิลกำแหง,M.Eng.,Integrated System Design Engineering,"Keio University, Tokyo, Japan",2548
1. วิศวกรรมศาสตรบัณฑิต สาขาวิชาวิศวกรรมไฟฟ้า (นานาชาติ) (ปรับปรุง 2566),ผู้ช่วยศาสตราจารย์,ดร. อิทธิเศก นิลกำแหง,B.Eng,Electrical Engineering,"Sirindhorn International Institute ofTechnology, Thammasat University, Thailand",2545
7. วิศวกรรมศาสตรบัณฑิต สาขาวิชาวิศวกรรมคอมพิวเตอร์ (นานาชาติ) (ปรับปรุง 2566),ผู้ช่วยศาสตราจารย์,ดร. เอกวิชญ์ นันทจีวรวัฒน์,D.Eng.,Computer Science,"Asian Institute of Technology (AIT), Thailand",2540
7. วิศวกรรมศาสตรบัณฑิต สาขาวิชาวิศวกรรมคอมพิวเตอร์ (นานาชาติ) (ปรับปรุง 2566),ผู้ช่วยศาสตราจารย์,ดร. เอกวิชญ์ นันทจีวรวัฒน์,M.Eng.,Computer Science,"Asian Institute of Technology (AIT), Thailand",2534
7. วิศวกรรมศาสตรบัณฑิต สาขาวิชาวิศวกรรมคอมพิวเตอร์ (นานาชาติ) (ปรับปรุง 2566),ผู้ช่วยศาสตราจารย์,ดร. เอกวิชญ์ นันทจีวรวัฒน์,B.Eng.,Computer Engineering,"Chulalongkorn University, Thailand",2530
7. วิศวกรรมศาสตรบัณฑิต สาขาวิชาวิศวกรรมคอมพิวเตอร์ (นานาชาติ) (ปรับปรุง 2566),อาจารย์,ดร. อภิชน ไวท์ยางกูร,D.Eng.,GIS & Spatial Information,"the University of Tokyo, Japan",2556
7. วิศวกรรมศาสตรบัณฑิต สาขาวิชาวิศวกรรมคอมพิวเตอร์ (นานาชาติ) (ปรับปรุง 2566),อาจารย์,ดร. อภิชน ไวท์ยางกูร,M.Eng.,Information Management,"Asian Institute of Technology (AIT), Thailand",2552
7. วิศวกรรมศาสตรบัณฑิต สาขาวิชาวิศวกรรมคอมพิวเตอร์ (นานาชาติ) (ปรับปรุง 2566),อาจารย์,ดร. อภิชน ไวท์ยางกูร,B.Eng.,Computer Engineering,"King Mongkut's Institute of Technology Ladkrabang, Thailand",2544
7. วิศวกรรมศาสตรบัณฑิต สาขาวิชาวิศวกรรมคอมพิวเตอร์ (นานาชาติ) (ปรับปรุง 2566),ผู้ช่วยศาสตราจารย์,Dr. Nguyen Duy Hung,Ph.D.,Remote Sensing and GIS,"Asian Institute of Technology (AIT), Thailand",2555
7. วิศวกรรมศาสตรบัณฑิต สาขาวิชาวิศวกรรมคอมพิวเตอร์ (นานาชาติ) (ปรับปรุง 2566),ผู้ช่วยศาสตราจารย์,Dr. Nguyen Duy Hung,M.Eng.,Computer Science,"Asian Institute of Technology (AIT), Thailand",2545
7. วิศวกรรมศาสตรบัณฑิต สาขาวิชาวิศวกรรมคอมพิวเตอร์ (นานาชาติ) (ปรับปรุง 2566),ผู้ช่วยศาสตราจารย์,Dr. Nguyen Duy Hung,B.Eng,Electronics and Telecommunication,"Hanoi University of Technology, Vietnam",2544
7. วิศวกรรมศาสตรบัณฑิต สาขาวิชาวิศวกรรมคอมพิวเตอร์ (นานาชาติ) (ปรับปรุง 2566),อาจารย์,Dr. Stanislav Makhanov,Ph.D.,Applied Mathematics,"Computer Center of the Russian Academy of Science, Moscow, Russia",2531
7. วิศวกรรมศาสตรบัณฑิต สาขาวิชาวิศวกรรมคอมพิวเตอร์ (นานาชาติ) (ปรับปรุง 2566),อาจารย์,Dr. Stanislav Makhanov,Diploma,English Language,"Moscow State University of Linguistics, Russia",2527
7. วิศวกรรมศาสตรบัณฑิต สาขาวิชาวิศวกรรมคอมพิวเตอร์ (นานาชาติ) (ปรับปรุง 2566),อาจารย์,Dr. Stanislav Makhanov,M.Sci.,Applied Mathematics,"Moscow State University, Russia",2524
7. วิศวกรรมศาสตรบัณฑิต สาขาวิชาวิศวกรรมคอมพิวเตอร์ (นานาชาติ) (ปรับปรุง 2566),ผู้ช่วยศาสตราจารย์,ดร. ชลวิช นัทธี,D.Eng.,Computer Science,"Tokyo Institute of Technology, Japan",2547
7. วิศวกรรมศาสตรบัณฑิต สาขาวิชาวิศวกรรมคอมพิวเตอร์ (นานาชาติ) (ปรับปรุง 2566),ผู้ช่วยศาสตราจารย์,ดร. ชลวิช นัทธี,M.Eng.,Computer Science,"Tokyo Institute of Technology, Japan",2544
7. วิศวกรรมศาสตรบัณฑิต สาขาวิชาวิศวกรรมคอมพิวเตอร์ (นานาชาติ) (ปรับปรุง 2566),ผู้ช่วยศาสตราจารย์,ดร. ชลวิช นัทธี,B.Eng.,Computer Engineering,"Chulalongkorn University, Thailand",2541
8. วิศวกรรมศาสตรบัณฑิต สาขาวิชาวิศวกรรมดิจิทัล (นานาชาติ) (ปรับปรุง 2566),ผู้ช่วยศาสตราจารย์,ดร. กันต์ ศรีจันท์ทองศิริ,Ph.D.,Computer Science,"Cornell University, USA",2551
8. วิศวกรรมศาสตรบัณฑิต สาขาวิชาวิศวกรรมดิจิทัล (นานาชาติ) (ปรับปรุง 2566),ผู้ช่วยศาสตราจารย์,ดร. กันต์ ศรีจันท์ทองศิริ,M.S.,Computer Science,"Cornell University, USA",2549
8. วิศวกรรมศาสตรบัณฑิต สาขาวิชาวิศวกรรมดิจิทัล (นานาชาติ) (ปรับปรุง 2566),ผู้ช่วยศาสตราจารย์,ดร. กันต์ ศรีจันท์ทองศิริ,B.S.,Computer Science,"Cornell University, USA",2545
8. วิศวกรรมศาสตรบัณฑิต สาขาวิชาวิศวกรรมดิจิทัล (นานาชาติ) (ปรับปรุง 2566),ผู้ช่วยศาสตราจารย์,ดร. นิรัตยา คำเสมานันทน์,Ph.D.,Mathematics,"University of California, Los Angeles (UCLA), USA",2549
8. วิศวกรรมศาสตรบัณฑิต สาขาวิชาวิศวกรรมดิจิทัล (นานาชาติ) (ปรับปรุง 2566),ผู้ช่วยศาสตราจารย์,ดร. นิรัตยา คำเสมานันทน์,M.A.,Mathematics,"University of California, Los Angeles (UCLA), USA",2545
8. วิศวกรรมศาสตรบัณฑิต สาขาวิชาวิศวกรรมดิจิทัล (นานาชาติ) (ปรับปรุง 2566),ผู้ช่วยศาสตราจารย์,ดร. นิรัตยา คำเสมานันทน์,B.A.,Mathematics,"Cornell University, USA",2544
8. วิศวกรรมศาสตรบัณฑิต สาขาวิชาวิศวกรรมดิจิทัล (นานาชาติ) (ปรับปรุง 2566),ผู้ช่วยศาสตราจารย์,Dr. Toshiaki Kondo,Ph.D.,Image Processing,"National University of Singapore, Singapore",2547
8. วิศวกรรมศาสตรบัณฑิต สาขาวิชาวิศวกรรมดิจิทัล (นานาชาติ) (ปรับปรุง 2566),ผู้ช่วยศาสตราจารย์,Dr. Toshiaki Kondo,M.Eng.,Image Processing,"The University of Sydney, Australia",2540
8. วิศวกรรมศาสตรบัณฑิต สาขาวิชาวิศวกรรมดิจิทัล (นานาชาติ) (ปรับปรุง 2566),ผู้ช่วยศาสตราจารย์,Dr. Toshiaki Kondo,M.Eng.,Information Processing,"Tokyo Institute of Technology, Japan",2531
8. วิศวกรรมศาสตรบัณฑิต สาขาวิชาวิศวกรรมดิจิทัล (นานาชาติ) (ปรับปรุง 2566),ผู้ช่วยศาสตราจารย์,Dr. Toshiaki Kondo,B.Eng.,Mechanical Engineering,"Tokyo Institute of Technology, Japan",2529
8. วิศวกรรมศาสตรบัณฑิต สาขาวิชาวิศวกรรมดิจิทัล (นานาชาติ) (ปรับปรุง 2566),ผู้ช่วยศาสตราจารย์,ดร. สมชาติ ฟักเขียว,Ph.D.,Electrical Engineering and Information Systems,"The University of Tokyo, Japan",2560
8. วิศวกรรมศาสตรบัณฑิต สาขาวิชาวิศวกรรมดิจิทัล (นานาชาติ) (ปรับปรุง 2566),ผู้ช่วยศาสตราจารย์,ดร. สมชาติ ฟักเขียว,M.Sc.,Computer Science,"Mahidol University, Thailand",2547
8. วิศวกรรมศาสตรบัณฑิต สาขาวิชาวิศวกรรมดิจิทัล (นานาชาติ) (ปรับปรุง 2566),ผู้ช่วยศาสตราจารย์,ดร. สมชาติ ฟักเขียว,B.B.A.,ManagementInfomation System,"Thammasart University, Thailand",2543
8. วิศวกรรมศาสตรบัณฑิต สาขาวิชาวิศวกรรมดิจิทัล (นานาชาติ) (ปรับปรุง 2566),อาจารย์,Dr. Sanggyu Nam,D.Eng.,Information Science,"Japan Advanced Institute of Science and Technology, Japan",2565
8. วิศวกรรมศาสตรบัณฑิต สาขาวิชาวิศวกรรมดิจิทัล (นานาชาติ) (ปรับปรุง 2566),อาจารย์,Dr. Sanggyu Nam,M.Sc.,Information Science,"Japan Advanced Instituteof Science and Technology, Japan",2562
8. วิศวกรรมศาสตรบัณฑิต สาขาวิชาวิศวกรรมดิจิทัล (นานาชาติ) (ปรับปรุง 2566),อาจารย์,Dr. Sanggyu Nam,B.Eng.,Computer Engineering,"Chung-Ang University, Korea",2559
2. วิศวกรรมศาสตรบัณฑิต สาขาวิชาวิศวกรรมอุตสาหการฯ (นานาชาติ) (ปรับปรุง 2566),ผู้ช่วยศาสตราจารย์,ดร. ไพศาล เย็นฤดี,D.Eng.,Industrial Engineering and Management,"Asian Institute of Technology (AIT), Thailand",2536
2. วิศวกรรมศาสตรบัณฑิต สาขาวิชาวิศวกรรมอุตสาหการฯ (นานาชาติ) (ปรับปรุง 2566),ผู้ช่วยศาสตราจารย์,ดร. ไพศาล เย็นฤดี,M.Eng.,Industrial Engineering and Management,"Asian Institute of Technology (AIT), Thailand",2531
2. วิศวกรรมศาสตรบัณฑิต สาขาวิชาวิศวกรรมอุตสาหการฯ (นานาชาติ) (ปรับปรุง 2566),ผู้ช่วยศาสตราจารย์,ดร. ไพศาล เย็นฤดี,B.Eng.,Production Engineering,"King Mongkut’s Institute of Technology North Bangkok(KMITNB), Thailand",2530
2. วิศวกรรมศาสตรบัณฑิต สาขาวิชาวิศวกรรมอุตสาหการฯ (นานาชาติ) (ปรับปรุง 2566),ผู้ช่วยศาสตราจารย์,ดร. นาวี เจี่ยดำรง,Ph.D.,Manufacturing Engineering and Operations Management,"University of Nottingham, UK",2539
2. วิศวกรรมศาสตรบัณฑิต สาขาวิชาวิศวกรรมอุตสาหการฯ (นานาชาติ) (ปรับปรุง 2566),ผู้ช่วยศาสตราจารย์,ดร. นาวี เจี่ยดำรง,M.Sc.,Engineering Business Management,"University of Warwick, UK",2535
2. วิศวกรรมศาสตรบัณฑิต สาขาวิชาวิศวกรรมอุตสาหการฯ (นานาชาติ) (ปรับปรุง 2566),ผู้ช่วยศาสตราจารย์,ดร. นาวี เจี่ยดำรง,B.Eng.,Industrial Engineering,"Chulalongkorn University, Thailand",2533
2. วิศวกรรมศาสตรบัณฑิต สาขาวิชาวิศวกรรมอุตสาหการฯ (นานาชาติ) (ปรับปรุง 2566),ผู้ช่วยศาสตราจารย์,ดร. สุชาดา เหรียญโมรา,D.Eng.,Design and Manufacturing Engineering,"Asian Institute of Technology (AIT), Thailand",2553
2. วิศวกรรมศาสตรบัณฑิต สาขาวิชาวิศวกรรมอุตสาหการฯ (นานาชาติ) (ปรับปรุง 2566),ผู้ช่วยศาสตราจารย์,ดร. สุชาดา เหรียญโมรา,M.Eng.,Industrial Production Technology,"Kasetsart University, Thailand",2549
2. วิศวกรรมศาสตรบัณฑิต สาขาวิชาวิศวกรรมอุตสาหการฯ (นานาชาติ) (ปรับปรุง 2566),ผู้ช่วยศาสตราจารย์,ดร. สุชาดา เหรียญโมรา,B.Eng.,Industrial Engineering,"Sirindhorn International Institute of Technology, ThammasatUniversity, Thailand",2546
2. วิศวกรรมศาสตรบัณฑิต สาขาวิชาวิศวกรรมอุตสาหการฯ (นานาชาติ) (ปรับปรุง 2566),ผู้ช่วยศาสตราจารย์,ดร. วรุธ ปานนักฆอง,Ph.D.,Knowledge Science,"Japan Advanced Institute of Science and Technology, Japan",2560
2. วิศวกรรมศาสตรบัณฑิต สาขาวิชาวิศวกรรมอุตสาหการฯ (นานาชาติ) (ปรับปรุง 2566),ผู้ช่วยศาสตราจารย์,ดร. วรุธ ปานนักฆอง,M.Eng.,Logistics and Supply Chain SystemsEngineering,"Sirindhorn International Institute of Technology, ThammasatUniversity, Thailand",2557
2. วิศวกรรมศาสตรบัณฑิต สาขาวิชาวิศวกรรมอุตสาหการฯ (นานาชาติ) (ปรับปรุง 2566),ผู้ช่วยศาสตราจารย์,ดร. วรุธ ปานนักฆอง,B.Eng.,Industrial Engineering,"Sirindhorn International Institute of Technology, ThammasatUniversity, Thailand",2553
2. วิศวกรรมศาสตรบัณฑิต สาขาวิชาวิศวกรรมอุตสาหการฯ (นานาชาติ) (ปรับปรุง 2566),ผู้ช่วยศาสตราจารย์,ดร. สัณห์ โอฬาพิริยกุล,Ph.D.,Industrial Engineering,"New Jersey Institute of Technology (NJIT), USA",2553
2. วิศวกรรมศาสตรบัณฑิต สาขาวิชาวิศวกรรมอุตสาหการฯ (นานาชาติ) (ปรับปรุง 2566),ผู้ช่วยศาสตราจารย์,ดร. สัณห์ โอฬาพิริยกุล,M.S.,Industrial Engineering,"San Jose State University, USA",2546
2. วิศวกรรมศาสตรบัณฑิต สาขาวิชาวิศวกรรมอุตสาหการฯ (นานาชาติ) (ปรับปรุง 2566),ผู้ช่วยศาสตราจารย์,ดร. สัณห์ โอฬาพิริยกุล,B.Eng.,Mechanical Engineering,"Sirindhorn International Institute of Technology, ThammasatUniversity, Thailand",2542
วิชาโทภาษาอังกฤษเพื่อการสื่อสารเชิงวิชาชีพ (ปรับปรุง 2566),ผู้ช่วยศาสตราจารย์ ดร.,อรรถพล คำเขียน,Ph.D.,English Language Teaching and Applied Linguistics,"Universiy of Warwick, UK",2561
วิชาโทภาษาอังกฤษเพื่อการสื่อสารเชิงวิชาชีพ (ปรับปรุง 2566),ผู้ช่วยศาสตราจารย์ ดร.,อรรถพล คำเขียน,ศศ.ม.,ภาษาอังกฤษเป็นภาษานานาชาติ,จุฬาลงกรณ์มหาวิทยาลัย,2550
วิชาโทภาษาอังกฤษเพื่อการสื่อสารเชิงวิชาชีพ (ปรับปรุง 2566),ผู้ช่วยศาสตราจารย์ ดร.,อรรถพล คำเขียน,อ.บ.,ภาษาฝรั่งเศส,มหาวิทยาลัยศิลปากร,2547
วิชาโทภาษาอังกฤษเพื่อการสื่อสารเชิงวิชาชีพ (ปรับปรุง 2566),ผู้ช่วยศาสตราจารย์ ดร.,จงรักษ์ สิทธิรักษ์,Ph.D.,Applied Lingustics,"University of Lancaster, UK",2564
วิชาโทภาษาอังกฤษเพื่อการสื่อสารเชิงวิชาชีพ (ปรับปรุง 2566),ผู้ช่วยศาสตราจารย์ ดร.,จงรักษ์ สิทธิรักษ์,ศศ.ม.,การสอนภาษาอังกฤษเป็นภาษา ต่างประเทศ,มหาวิทยาลัยธรรมศาสตร์,2548
วิชาโทภาษาอังกฤษเพื่อการสื่อสารเชิงวิชาชีพ (ปรับปรุง 2566),ผู้ช่วยศาสตราจารย์ ดร.,จงรักษ์ สิทธิรักษ์,ศศ.บ.,การสื่อสารมวลชน,มหาวิทยาลัยเชียงใหม่,2539
วิชาโทภาษาอังกฤษเพื่อการสื่อสารเชิงวิชาชีพ (ปรับปรุง 2566),อาจารย์ ดร.,บัวรัตนา อัตชู,ปร.ด.,การสอนภาษาอังกฤษ,มหาวิทยาลัยธรรมศาสตร์,2564
วิชาโทภาษาอังกฤษเพื่อการสื่อสารเชิงวิชาชีพ (ปรับปรุง 2566),อาจารย์ ดร.,บัวรัตนา อัตชู,ศศ.ม.,การสอนภาษาอังกฤษ,มหาวิทยาลัยธรรมศาสตร์,2558
วิชาโทภาษาอังกฤษเพื่อการสื่อสารเชิงวิชาชีพ (ปรับปรุง 2566),อาจารย์ ดร.,บัวรัตนา อัตชู,LL.M.,International Law,"University of Leed, UK",2553
วิชาโทภาษาอังกฤษเพื่อการสื่อสารเชิงวิชาชีพ (ปรับปรุง 2566),อาจารย์ ดร.,บัวรัตนา อัตชู,น.บ.,นิติศาสตร์,มหาวิทยาลัยธรรมศาสตร์,2549
วิชาโทภาษาอังกฤษเพื่อการสื่อสารเชิงวิชาชีพ (ปรับปรุง 2566),อาจารย์,เกรียงไกร สกุลประเสริฐศรี,ค.ม.,การสอนภาษาอังกฤษเป็นภาษา ต่างประเทศ,จุฬาลงกรณ์มหาวิทยาลัย,2558
วิชาโทภาษาอังกฤษเพื่อการสื่อสารเชิงวิชาชีพ (ปรับปรุง 2566),อาจารย์,เกรียงไกร สกุลประเสริฐศรี,ค.บ.,ภาษาอังกฤษ,จุฬาลงกรณ์มหาวิทยาลัย,2552
วิชาโทภาษาอังกฤษเพื่อการสื่อสารเชิงวิชาชีพ (ปรับปรุง 2566),อาจารย์,David Allan Young,ศษ.ม.,การสอนภาษาอังกฤษเป็นภาษา นานาชาติ,มหาวิทยาลัยชินวัตร,2555
วิชาโทภาษาอังกฤษเพื่อการสื่อสารเชิงวิชาชีพ (ปรับปรุง 2566),อาจารย์,David Allan Young,B.A.,Liberal Arts and Science,"University of Illinois at Chicago, USA",2534
บริหารธุรกิจบัณฑิต (นานาชาติ-ปรับปรุง 66),อาจารย์ ดร.,วรพงษ์ จันยั่งยืน,บธ.ด.,บริหารธุรกิจ,จุฬาลงกรณ์มหาวิทยาลัย,2551
บริหารธุรกิจบัณฑิต (นานาชาติ-ปรับปรุง 66),อาจารย์ ดร.,วรพงษ์ จันยั่งยืน,M.B.A.,Business Administration,"University of Denver, Colorado",2540
บริหารธุรกิจบัณฑิต (นานาชาติ-ปรับปรุง 66),อาจารย์ ดร.,วรพงษ์ จันยั่งยืน,M.S.F.,Finance,"University of Denver, Colorado",2540
บริหารธุรกิจบัณฑิต (นานาชาติ-ปรับปรุง 66),อาจารย์ ดร.,วรพงษ์ จันยั่งยืน,บธ.บ.,การเงินและการธนาคาร,มหาวิทยาลัยอัสสัมชัญ ไทย,2537
บริหารธุรกิจบัณฑิต (นานาชาติ-ปรับปรุง 66),ศาสตราจารย์ ดร.,พรชัย ชุนหจินดา,Ph.D.,Business Administration,Florida International University. U.S.A.,2538
บริหารธุรกิจบัณฑิต (นานาชาติ-ปรับปรุง 66),ศาสตราจารย์ ดร.,พรชัย ชุนหจินดา,M.S.,Finance,"Florida International University, U.S.A.",2534
บริหารธุรกิจบัณฑิต (นานาชาติ-ปรับปรุง 66),ศาสตราจารย์ ดร.,พรชัย ชุนหจินดา,บธ.ม.,บริหารธุรกิจ,มหาวิทยาลัยธรรมศาสตร์,2531
บริหารธุรกิจบัณฑิต (นานาชาติ-ปรับปรุง 66),ศาสตราจารย์ ดร.,พรชัย ชุนหจินดา,บช.บ.,การบัญชี,จุฬาลงกรณ์มหาวิทยาลัย,2528
บริหารธุรกิจบัณฑิต (นานาชาติ-ปรับปรุง 66),ผู้ช่วยศาสตราจารย์ ดร.,สักกาคม มณีนพ,Ph.D.,Economic Theory and Economics Statistics,"Hitotsubashi University,Japan",2556
บริหารธุรกิจบัณฑิต (นานาชาติ-ปรับปรุง 66),ผู้ช่วยศาสตราจารย์ ดร.,สักกาคม มณีนพ,วท.ม.,การเงิน,มหาวิทยาลัยธรรมศาสตร์,2551
บริหารธุรกิจบัณฑิต (นานาชาติ-ปรับปรุง 66),ผู้ช่วยศาสตราจารย์ ดร.,สักกาคม มณีนพ,ศศ.บ.,เศรษฐศาสตร์,มหาวิทยาลัยธรรมศาสตร์,2548
บริหารธุรกิจบัณฑิต (นานาชาติ-ปรับปรุง 66),รองศาสตราจารย์ ดร.,อรทัย เลิศวรรณวิทย์,กต.ด.,การตลาด,มหาวิทยาลัยธรรมศาสตร์,2549
บริหารธุรกิจบัณฑิต (นานาชาติ-ปรับปรุง 66),รองศาสตราจารย์ ดร.,อรทัย เลิศวรรณวิทย์,วท.ม.,เทคโนโลยีสารสนเทศ,มหาวิทยาลัยอัสสัมชัญ,2543
บริหารธุรกิจบัณฑิต (นานาชาติ-ปรับปรุง 66),รองศาสตราจารย์ ดร.,อรทัย เลิศวรรณวิทย์,บธ.บ.,การตลาด,มหาวิทยาลัยอัสสัมชัญ,2541
บริหารธุรกิจบัณฑิต (นานาชาติ-ปรับปรุง 66),รองศาสตราจารย์ ดร.,อลิสรา ชรินทร์สาร,บธ.ด.,บริหารธุรกิจ,มหาวิทยาลัยธรรมศาสตร์,2556
บริหารธุรกิจบัณฑิต (นานาชาติ-ปรับปรุง 66),รองศาสตราจารย์ ดร.,อลิสรา ชรินทร์สาร,M.S.,Integrated Marketing Communications,"Northwestern University,USA",2541
บริหารธุรกิจบัณฑิต (นานาชาติ-ปรับปรุง 66),รองศาสตราจารย์ ดร.,อลิสรา ชรินทร์สาร,นศ.บ.,วาทวิทยาและสื่อสารการแสดง,จุฬาลงกรณ์มหาวิทยาลัย,2538
บริหารธุรกิจบัณฑิต (นานาชาติ-ปรับปรุง 66),อาจารย์ ดร.,Tareq Bin Hossain,Ph.D.,Management,Universiti Utara Malaysia,2561
บริหารธุรกิจบัณฑิต (นานาชาติ-ปรับปรุง 66),อาจารย์ ดร.,Tareq Bin Hossain,M.B.A.,Islamic Banking and Finance,"International Islamic University Malaysia, Malaysia",2550
บริหารธุรกิจบัณฑิต (นานาชาติ-ปรับปรุง 66),อาจารย์ ดร.,Tareq Bin Hossain,B.B.A.,Management,"Islamic University,Bangladesh",2548
บัญชีบัณฑิต (ปรับปรุง 66),ผู้ช่วยศาสตราจารย์,กอบแก้ว รัตนอุบล,M.B.A.,Accounting,University of Colorado at Boulder USA.,2534
บัญชีบัณฑิต (ปรับปรุง 66),ผู้ช่วยศาสตราจารย์,กอบแก้ว รัตนอุบล,บช.ม.,การบัญชี,มหาวิทยาลัยธรรมศาสตร์,2532
บัญชีบัณฑิต (ปรับปรุง 66),ผู้ช่วยศาสตราจารย์,กอบแก้ว รัตนอุบล,บช.บ.,การบัญชี,มหาวิทยาลัยธรรมศาสตร์,2528
บัญชีบัณฑิต (ปรับปรุง 66),รองศาสตราจารย์ ดร.,ปัญญา อิสระวรวาณิช,บช.ด.,การบัญชี,จุฬาลงกรณ์มหาวิทยาลัย,2555
บัญชีบัณฑิต (ปรับปรุง 66),รองศาสตราจารย์ ดร.,ปัญญา อิสระวรวาณิช,บช.ม.,การบัญชี,มหาวิทยาลัยธรรมศาสตร์,2542
บัญชีบัณฑิต (ปรับปรุง 66),รองศาสตราจารย์ ดร.,ปัญญา อิสระวรวาณิช,ป.กศ.,การสอบบัญชี,มหาวิทยาลัยธรรมศาสตร์,2540
บัญชีบัณฑิต (ปรับปรุง 66),รองศาสตราจารย์ ดร.,ปัญญา อิสระวรวาณิช,บช.บ.,การบัญชี,จุฬาลงกรณ์มหาวิทยาลัย,2538
บัญชีบัณฑิต (ปรับปรุง 66),ผู้ช่วยศาสตราจารย์ ดร.,ดิชพงศ์ พงศ์ภัทรชัย,Ph.D.,Accountancy Finance and information Systems,"University of Canterbury, New Zealand.",2553
บัญชีบัณฑิต (ปรับปรุง 66),ผู้ช่วยศาสตราจารย์ ดร.,ดิชพงศ์ พงศ์ภัทรชัย,บช.ม.,Accounting,"The University of Connecticut, USA.",2544
บัญชีบัณฑิต (ปรับปรุง 66),ผู้ช่วยศาสตราจารย์ ดร.,ดิชพงศ์ พงศ์ภัทรชัย,บช.ม.,การบัญชี,มหาวิทยาลัยธรรมศาสตร์,2541
บัญชีบัณฑิต (ปรับปรุง 66),ผู้ช่วยศาสตราจารย์ ดร.,ดิชพงศ์ พงศ์ภัทรชัย,ป.กศ.,การสอบบัญชี,มหาวิทยาลัยธรรมศาสตร์,2539
บัญชีบัณฑิต (ปรับปรุง 66),ผู้ช่วยศาสตราจารย์ ดร.,ดิชพงศ์ พงศ์ภัทรชัย,บช.บ.,การบัญชี,มหาวิทยาลัยธรรมศาสตร์,2538
บัญชีบัณฑิต (ปรับปรุง 66),รองศาสตราจารย์ ดร.,มนวิกา ผดุงสิทธิ์,Ph.D.,Accounting,"University. of Maryland, College, USA.",2546
บัญชีบัณฑิต (ปรับปรุง 66),รองศาสตราจารย์ ดร.,มนวิกา ผดุงสิทธิ์,M.B.A.,Accounting & Corporate Finance,"University of Kentucky, USA.",2540
บัญชีบัณฑิต (ปรับปรุง 66),รองศาสตราจารย์ ดร.,มนวิกา ผดุงสิทธิ์,บช.ม.,การบัญชี,มหาวิทยาลัยธรรมศาสตร์,2536
บัญชีบัณฑิต (ปรับปรุง 66),รองศาสตราจารย์ ดร.,มนวิกา ผดุงสิทธิ์,บช.บ.,การบัญชี,มหาวิทยาลัยธรรมศาสตร์,2533
บัญชีบัณฑิต (ปรับปรุง 66),ผู้ช่วยศาสตราจารย์ ดร.,ลภินี โกศลบุญ,Ph.D.,Accounting,"University of Strathclyde, UK.",2547
บัญชีบัณฑิต (ปรับปรุง 66),ผู้ช่วยศาสตราจารย์ ดร.,ลภินี โกศลบุญ,บช.ม.,บัญชีมหาบัณฑิต,มหาวิทยาลัยธรรมศาสตร์,2540
บัญชีบัณฑิต (ปรับปรุง 66),ผู้ช่วยศาสตราจารย์ ดร.,ลภินี โกศลบุญ,ป.กศ.,การสอบบัญชี,มหาวิทยาลัยธรรมศาสตร์,2539
บัญชีบัณฑิต (ปรับปรุง 66),ผู้ช่วยศาสตราจารย์ ดร.,ลภินี โกศลบุญ,บช.บ,การบัญชี,มหาวิทยาลัยธรรมศาสตร์,2538
ควบ บธ.บ. สาขาวิชาการจัดการธุรกิจแบบบูรณาการ (ปรับปรุง 66),ผู้ช่วยศาสตราจารย์,เอกรินทร์ ยลระบิล,M.B.A.,Logistics Operations & Material Management,"The George Washington University, U.S.A.",2540
ควบ บธ.บ. สาขาวิชาการจัดการธุรกิจแบบบูรณาการ (ปรับปรุง 66),ผู้ช่วยศาสตราจารย์,เอกรินทร์ ยลระบิล,พณ.บ.,บริหารอุตสาหการ,มหาวิทยาลัยธรรมศาสตร์,2534
ควบ บธ.บ. สาขาวิชาการจัดการธุรกิจแบบบูรณาการ (ปรับปรุง 66),ผู้ช่วยศาสตราจารย์ ดร.,อัญชดา เจริญรุกข์,Ph.D.,Business Administration,"University of Michigan, U.S.A.",2543
ควบ บธ.บ. สาขาวิชาการจัดการธุรกิจแบบบูรณาการ (ปรับปรุง 66),ผู้ช่วยศาสตราจารย์ ดร.,อัญชดา เจริญรุกข์,M.Phil.,Financial Engineering,"University of Michigan, U.S.A.",2542
ควบ บธ.บ. สาขาวิชาการจัดการธุรกิจแบบบูรณาการ (ปรับปรุง 66),ผู้ช่วยศาสตราจารย์ ดร.,อัญชดา เจริญรุกข์,Ph.D.,Electrical Engineering,"University of Washington, U.S.A.",2538
ควบ บธ.บ. สาขาวิชาการจัดการธุรกิจแบบบูรณาการ (ปรับปรุง 66),ผู้ช่วยศาสตราจารย์ ดร.,อัญชดา เจริญรุกข์,M.Sc.,Electrical Engineering,"University of Washington, U.S.A.",2535
ควบ บธ.บ. สาขาวิชาการจัดการธุรกิจแบบบูรณาการ (ปรับปรุง 66),ผู้ช่วยศาสตราจารย์ ดร.,อัญชดา เจริญรุกข์,วศ.บ.,วิศวกรรมไฟฟ้า,จุฬาลงกรณ์มหาวิทยาลัย,2531
ควบ บธ.บ. สาขาวิชาการจัดการธุรกิจแบบบูรณาการ (ปรับปรุง 66),อาจารย์ ดร.,จินตนัย ไพรสณฑ์,Ph.D.,Industrial Engineering,"University of Central Florida, U.S.A.",2545
ควบ บธ.บ. สาขาวิชาการจัดการธุรกิจแบบบูรณาการ (ปรับปรุง 66),อาจารย์ ดร.,จินตนัย ไพรสณฑ์,กจ.ม.,นวัตกรรมการจัดการ,มหาวิทยาลัยมหิดล,2549
ควบ บธ.บ. สาขาวิชาการจัดการธุรกิจแบบบูรณาการ (ปรับปรุง 66),อาจารย์ ดร.,จินตนัย ไพรสณฑ์,วศ.บ.,วิศวกรรมอุตสาหการ,มหาวิทยาลัยรังสิต,2538
ควบ บธ.บ. สาขาวิชาการจัดการธุรกิจแบบบูรณาการ (ปรับปรุง 66),ผู้ช่วยศาสตราจารย์ ดร.,ปาริฉัตร จันโทริ,Ph.D.,Business Administrations,มหาวิทยาลัยธรรมศาสตร์,2565
ควบ บธ.บ. สาขาวิชาการจัดการธุรกิจแบบบูรณาการ (ปรับปรุง 66),ผู้ช่วยศาสตราจารย์ ดร.,ปาริฉัตร จันโทริ,M.A.,International Business Law and Business,"University of Applied Sciences-Munchen, Germany",2552
ควบ บธ.บ. สาขาวิชาการจัดการธุรกิจแบบบูรณาการ (ปรับปรุง 66),ผู้ช่วยศาสตราจารย์ ดร.,ปาริฉัตร จันโทริ,LL.B.,Management,"University of Applied Sciences, Germany",2550
ควบ บธ.บ. สาขาวิชาการจัดการธุรกิจแบบบูรณาการ (ปรับปรุง 66),ผู้ช่วยศาสตราจารย์ ดร.,สมบูรณ์ กุลวิเศษชนะ,Ph.D.,Management Studies,"University of Cambridge, UK",2547
ควบ บธ.บ. สาขาวิชาการจัดการธุรกิจแบบบูรณาการ (ปรับปรุง 66),ผู้ช่วยศาสตราจารย์ ดร.,สมบูรณ์ กุลวิเศษชนะ,M.Phil.,Management Studies,"University of Cambridge, UK",2544
ควบ บธ.บ. สาขาวิชาการจัดการธุรกิจแบบบูรณาการ (ปรับปรุง 66),ผู้ช่วยศาสตราจารย์ ดร.,สมบูรณ์ กุลวิเศษชนะ,บธ.บ.,การจัดการ,มหาวิทยาลัยมหิดล,2541
ควบ บช.บ. สาขาวิชาการบัญชีธุรกิจแบบบูรณาการ (ปรับปรุง 66),รองศาสตราจารย์ ดร.,ศิลปพร ศรีจั่นเพชร,Ph.D.,Accounting,"University of Manchester, UK.",2547
ควบ บช.บ. สาขาวิชาการบัญชีธุรกิจแบบบูรณาการ (ปรับปรุง 66),รองศาสตราจารย์ ดร.,ศิลปพร ศรีจั่นเพชร,MBA.,International Business,"George Washington University, U.S.A.",2538
ควบ บช.บ. สาขาวิชาการบัญชีธุรกิจแบบบูรณาการ (ปรับปรุง 66),รองศาสตราจารย์ ดร.,ศิลปพร ศรีจั่นเพชร,บช.ม.,,มหาวิทยาลัยธรรมศาสตร์,2533
ควบ บช.บ. สาขาวิชาการบัญชีธุรกิจแบบบูรณาการ (ปรับปรุง 66),รองศาสตราจารย์ ดร.,ศิลปพร ศรีจั่นเพชร,บช.บ.,,มหาวิทยาลัยธรรมศาสตร์,2529
ควบ บช.บ. สาขาวิชาการบัญชีธุรกิจแบบบูรณาการ (ปรับปรุง 66),ผู้ช่วยศาสตราจารย์ ดร.,เอกพล คงมา,Ph.D.,Informatics,"University of Manchester, U.K.",2552
ควบ บช.บ. สาขาวิชาการบัญชีธุรกิจแบบบูรณาการ (ปรับปรุง 66),ผู้ช่วยศาสตราจารย์ ดร.,เอกพล คงมา,วท.ม.,เทคโนโลยีสารสนเทศทางธุรกิจ,จุฬาลงกรณ์มหาวิทยาลัย,2541
ควบ บช.บ. สาขาวิชาการบัญชีธุรกิจแบบบูรณาการ (ปรับปรุง 66),ผู้ช่วยศาสตราจารย์ ดร.,เอกพล คงมา,บช.บ.,,มหาวิทยาลัยธรรมศาสตร,2538
ควบ บช.บ. สาขาวิชาการบัญชีธุรกิจแบบบูรณาการ (ปรับปรุง 66),อาจารย์ ดร.,วัฒนชัย แสงสุวรรณ,ศศ.ม.,เศรษฐศาสตร์แรงงานและการจัดการทรัพยากรมนุษย์,จุฬาลงกรณ์มหาวิทยาลัย,2548
ควบ บช.บ. สาขาวิชาการบัญชีธุรกิจแบบบูรณาการ (ปรับปรุง 66),อาจารย์ ดร.,วัฒนชัย แสงสุวรรณ,บช.บ.,,จุฬาลงกรณ์มหาวิทยาลัย,2544
ควบ บช.บ. สาขาวิชาการบัญชีธุรกิจแบบบูรณาการ (ปรับปรุง 66),ผู้ช่วยศาสตราจารย์ ดร.,ธีรชัย อรุณเรืองศิริเลิศ,Ph.D.,Management,Asian Institute of Technology,2557
ควบ บช.บ. สาขาวิชาการบัญชีธุรกิจแบบบูรณาการ (ปรับปรุง 66),ผู้ช่วยศาสตราจารย์ ดร.,ธีรชัย อรุณเรืองศิริเลิศ,บช.ม.,,จุฬาลงกรณ์มหาวิทยาลัย,2553
ควบ บช.บ. สาขาวิชาการบัญชีธุรกิจแบบบูรณาการ (ปรับปรุง 66),ผู้ช่วยศาสตราจารย์ ดร.,ธีรชัย อรุณเรืองศิริเลิศ,บช.บ.,,มหาวิทยาลยัธรรมศาสตร,2543
ควบ บช.บ. สาขาวิชาการบัญชีธุรกิจแบบบูรณาการ (ปรับปรุง 66),ผู้ช่วยศาสตราจารย์ ดร.,วัฒนี ศิริทัตสวัสดิ์,Ph.D.,Accounting Systems,"Kobe University, Japan",2555
ควบ บช.บ. สาขาวิชาการบัญชีธุรกิจแบบบูรณาการ (ปรับปรุง 66),ผู้ช่วยศาสตราจารย์ ดร.,วัฒนี ศิริทัตสวัสดิ์,MBA.,Accounting Systems,"Kobe University, Japan",2552
ควบ บช.บ. สาขาวิชาการบัญชีธุรกิจแบบบูรณาการ (ปรับปรุง 66),ผู้ช่วยศาสตราจารย์ ดร.,วัฒนี ศิริทัตสวัสดิ์,บช.บ.,,มหาวิทยาลยัธรรมศาสตร,2543
บัญชีบัณฑิต (นานาชาติ-ปรับปรุง 66),ผู้ช่วยศาสตราจารย์ ดร.,กุลยา จันทะเดช,Ph.D.,Accounting Specialization,"University of Nebraska-Lincoln,U.S.A.",2549
บัญชีบัณฑิต (นานาชาติ-ปรับปรุง 66),ผู้ช่วยศาสตราจารย์ ดร.,กุลยา จันทะเดช,M.F.M.,Finance,"University of Queensland, Australia",2539
บัญชีบัณฑิต (นานาชาติ-ปรับปรุง 66),ผู้ช่วยศาสตราจารย์ ดร.,กุลยา จันทะเดช,บช.บ.,,มหาวิทยาลัยธรรมศาสตร์,2535
บัญชีบัณฑิต (นานาชาติ-ปรับปรุง 66),ผู้ช่วยศาสตราจารย์ ดร.,อรพรรณ ยลระบิล,D.B.A.,,มหาวิทยาลัยธรรมศาสตร์,2552
บัญชีบัณฑิต (นานาชาติ-ปรับปรุง 66),ผู้ช่วยศาสตราจารย์ ดร.,อรพรรณ ยลระบิล,M.P.A.,,The University of Texas at Austin,2542
บัญชีบัณฑิต (นานาชาติ-ปรับปรุง 66),ผู้ช่วยศาสตราจารย์ ดร.,อรพรรณ ยลระบิล,บช.บ.,,มหาวิทยาลัยธรรมศาสตร์,2539
บัญชีบัณฑิต (นานาชาติ-ปรับปรุง 66),รองศาสตราจารย์ ดร.,จุฑามน สิทธิผลวนิชกุล,Ph.D.,Management,"University of Edinburgh, U.K.",2559
บัญชีบัณฑิต (นานาชาติ-ปรับปรุง 66),รองศาสตราจารย์ ดร.,จุฑามน สิทธิผลวนิชกุล,M.B.A.,Finance,"University of Durham, U.K.",2552
บัญชีบัณฑิต (นานาชาติ-ปรับปรุง 66),รองศาสตราจารย์ ดร.,จุฑามน สิทธิผลวนิชกุล,บช.ม.,,มหาวิทยาลัยธรรมศาสตร์,2549
บัญชีบัณฑิต (นานาชาติ-ปรับปรุง 66),รองศาสตราจารย์ ดร.,จุฑามน สิทธิผลวนิชกุล,บช.บ.,,จุฬาลงกรณ์มหาวิทยาลัย,2546
บัญชีบัณฑิต (นานาชาติ-ปรับปรุง 66),รองศาสตราจารย์ ดร.,วรรณี เตโชโยธิน,Ph.D.,Accounting,"University of Colorado at Boulder, U.S.A.",2546
บัญชีบัณฑิต (นานาชาติ-ปรับปรุง 66),รองศาสตราจารย์ ดร.,วรรณี เตโชโยธิน,M.B.A.,Accounting,"University of Colorado at Boulder, U.S.A.",2535
บัญชีบัณฑิต (นานาชาติ-ปรับปรุง 66),รองศาสตราจารย์ ดร.,วรรณี เตโชโยธิน,บช.บ.,,มหาวิทยาลัยธรรมศาสตร์,2529
บัญชีบัณฑิต (นานาชาติ-ปรับปรุง 66),รองศาสตราจารย์ ดร.,ไพลิน ตรงเมธีรัตน์,Ph.D.,Business Administration,"University of Washington State, U.S.A.",2554
บัญชีบัณฑิต (นานาชาติ-ปรับปรุง 66),รองศาสตราจารย์ ดร.,ไพลิน ตรงเมธีรัตน์,วท.ม.,ระบบสารสนเทศทางการบัญชี,จุฬาลงกรณ์มหาวิทยาลัย,2543
บัญชีบัณฑิต (นานาชาติ-ปรับปรุง 66),รองศาสตราจารย์ ดร.,ไพลิน ตรงเมธีรัตน์,บช.บ.,,จุฬาลงกรณ์มหาวิทยาลัย,2541
ควบ บธ.บ. สาขาวิชาการจัดการธุรกิจแบบบูรณาการ (นานาชาติ-ใหม่ 2569),ผู้ช่วยศาสตราจารย์ ดร.,เกวลิน เศรษฐกร,Ph.D.,Management,"Tohoku University, Japan",2558
ควบ บธ.บ. สาขาวิชาการจัดการธุรกิจแบบบูรณาการ (นานาชาติ-ใหม่ 2569),ผู้ช่วยศาสตราจารย์ ดร.,เกวลิน เศรษฐกร,M.M,Management,"Tohoku University, Japan",2555
ควบ บธ.บ. สาขาวิชาการจัดการธุรกิจแบบบูรณาการ (นานาชาติ-ใหม่ 2569),ผู้ช่วยศาสตราจารย์ ดร.,เกวลิน เศรษฐกร,B.B.A,International Business Management,Chulalongkorn University,2552
ควบ บธ.บ. สาขาวิชาการจัดการธุรกิจแบบบูรณาการ (นานาชาติ-ใหม่ 2569),อาจารย์ ดร.,จักรกฤษณ์ ถาวร,Ph.D.,Technopreneurship and Innovation Management,Chulalongkorn University,2564
ควบ บธ.บ. สาขาวิชาการจัดการธุรกิจแบบบูรณาการ (นานาชาติ-ใหม่ 2569),อาจารย์ ดร.,จักรกฤษณ์ ถาวร,M.B.A.,Management,Assumption University,2560
ควบ บธ.บ. สาขาวิชาการจัดการธุรกิจแบบบูรณาการ (นานาชาติ-ใหม่ 2569),อาจารย์ ดร.,จักรกฤษณ์ ถาวร,B.Eng.,Chemical Engineering,King Mongkut's Institute of Technology Ladkrabang,2555
ควบ บธ.บ. สาขาวิชาการจัดการธุรกิจแบบบูรณาการ (นานาชาติ-ใหม่ 2569),อาจารย์ ดร.,ณัฐกนธ์ อุ่นวรวงศ์,Ph.D.,Marketing,"University of Kent, UK",2564
ควบ บธ.บ. สาขาวิชาการจัดการธุรกิจแบบบูรณาการ (นานาชาติ-ใหม่ 2569),อาจารย์ ดร.,ณัฐกนธ์ อุ่นวรวงศ์,M.B.A.,,"Cardiff University, UK",2558
ควบ บธ.บ. สาขาวิชาการจัดการธุรกิจแบบบูรณาการ (นานาชาติ-ใหม่ 2569),อาจารย์ ดร.,ณัฐกนธ์ อุ่นวรวงศ์,B.Eng.,Industrial Engineering,Thammasat University,2556
บริหารธุรกิจบัณฑิต (ปรับปรุง 66),รองศาสตราจารย์ ดร.,พันทิศา ภาวบุตร,Ph.D.,Finance,"University of Texas at Austin, U.S.A",2547
บริหารธุรกิจบัณฑิต (ปรับปรุง 66),รองศาสตราจารย์ ดร.,พันทิศา ภาวบุตร,M.B.A.,International Business,"George Washington University, U.S.A.",2536
บริหารธุรกิจบัณฑิต (ปรับปรุง 66),รองศาสตราจารย์ ดร.,พันทิศา ภาวบุตร,พณ.บ.,การบริหารการเงินและการธนาคาร,มหาวิทยาลัยธรรมศาสตร์,2533
บริหารธุรกิจบัณฑิต (ปรับปรุง 66),ผู้ช่วยศาสตราจารย์ ดร.,ชัยยุทธ ผดุงศักดิ์สวัสดิ์,Ph.D.,Business Administration,Florida International University. U.S.A.,2555
บริหารธุรกิจบัณฑิต (ปรับปรุง 66),ผู้ช่วยศาสตราจารย์ ดร.,ชัยยุทธ ผดุงศักดิ์สวัสดิ์,M.S.,Finance,Florida International University. U.S.A.,2549
บริหารธุรกิจบัณฑิต (ปรับปรุง 66),ผู้ช่วยศาสตราจารย์ ดร.,ชัยยุทธ ผดุงศักดิ์สวัสดิ์,บธ.บ.,การเงิน,มหาวิทยาลัยธรรมศาสตร์,2544
บริหารธุรกิจบัณฑิต (ปรับปรุง 66),ผู้ช่วยศาสตราจารย์ ดร.,กนต์พนัส ดำรงวงศ์,Ph.D.,Finance,"University of Exeter, England",2557
บริหารธุรกิจบัณฑิต (ปรับปรุง 66),ผู้ช่วยศาสตราจารย์ ดร.,กนต์พนัส ดำรงวงศ์,M.S.,Finance and Investment with Distinction,"University of Exeter, England",2551
บริหารธุรกิจบัณฑิต (ปรับปรุง 66),ผู้ช่วยศาสตราจารย์ ดร.,กนต์พนัส ดำรงวงศ์,วศ.บ.,วิศวกรรมไฟฟ้า,จุฬาลงกรณ์มหาวิทยาลัย,2549
บริหารธุรกิจบัณฑิต (ปรับปรุง 66),ผู้ช่วยศาสตราจารย์ ดร.,ภิญรดา เมธารมณ์,บธ.ด.,การตลาดระหว่างประเทศ,จุฬาลงกรณ์มหาวิทยาลัย,2543
บริหารธุรกิจบัณฑิต (ปรับปรุง 66),ผู้ช่วยศาสตราจารย์ ดร.,ภิญรดา เมธารมณ์,M.Com.,Marketing,"University of Wollongong,Australia",2537
บริหารธุรกิจบัณฑิต (ปรับปรุง 66),ผู้ช่วยศาสตราจารย์ ดร.,ภิญรดา เมธารมณ์,บช.บ.,การบัญชี,มหาวิทยาลัยอัสสัมชัญ,2535
บริหารธุรกิจบัณฑิต (ปรับปรุง 66),อาจารย์ ดร.,ภูมินันท์ ปิยทัศน์นันท์,Ph.D.,Marketing,"The University of New South Wales, Austaria",2557
บริหารธุรกิจบัณฑิต (ปรับปรุง 66),อาจารย์ ดร.,ภูมินันท์ ปิยทัศน์นันท์,กต.ม.,การตลาด,มหาวิทยาลัยธรรมศาสตร์,2546
บริหารธุรกิจบัณฑิต (ปรับปรุง 66),อาจารย์ ดร.,ภูมินันท์ ปิยทัศน์นันท์,ว.บ,วารสารศาสตร์(การตลาด),มหาวิทยาลัยธรรมศาสตร์,2541
บริหารธุรกิจบัณฑิต (ปรับปรุง 66),อาจารย์ ดร.,สรวดี ศรีเวทย์บดี,ปร.ด.,การจัดการ,สถาบันเทคโนโลยีแห่งเอเชีย,2561
บริหารธุรกิจบัณฑิต (ปรับปรุง 66),อาจารย์ ดร.,สรวดี ศรีเวทย์บดี,กจ.ม.,การจัดการ,มหาวิทยาลัยมหิดล,2550
บริหารธุรกิจบัณฑิต (ปรับปรุง 66),อาจารย์ ดร.,สรวดี ศรีเวทย์บดี,อ.บ.,ภาษาอังกฤษ,จุฬาลงกรณ์มหาวิทยาลัย,2545
บริหารธุรกิจบัณฑิต (ปรับปรุง 66),อาจารย์,นพธนิษฐ์ โชติสาร,วท.ม.,วิศวกรรมซอฟต์แวร์,จุฬาลงกรณ์มหาวิทยาลัย,2556
บริหารธุรกิจบัณฑิต (ปรับปรุง 66),อาจารย์,นพธนิษฐ์ โชติสาร,ร.บ.,รัฐศาสตร์,มหาวิทยาลัยรามค าแหง,2554
บริหารธุรกิจบัณฑิต (ปรับปรุง 66),อาจารย์,นพธนิษฐ์ โชติสาร,วท.บ.,วิทยาการคอมพิวเตอร์,มหาวิทยาลัยธรรมศาสตร์,2552
บริหารธุรกิจบัณฑิต (ปรับปรุง 66),รองศาสตราจารย์ ดร.,มฑุปายาส ทองมาก,วศ.ด.,วิศวกรรมคอมพิวเตอร์,จุฬาลงกรณ์มหาวิทยาลัย,2551
บริหารธุรกิจบัณฑิต (ปรับปรุง 66),รองศาสตราจารย์ ดร.,มฑุปายาส ทองมาก,วท.ม.,วิทยาการคอมพิวเตอร์,จุฬาลงกรณ์มหาวิทยาลัย,2545
บริหารธุรกิจบัณฑิต (ปรับปรุง 66),รองศาสตราจารย์ ดร.,มฑุปายาส ทองมาก,บธ.บ.,ระบบสารสนเทศเพื่อการจัดการ,มหาวิทยาลัยธรรมศาสตร์,2543
บริหารธุรกิจบัณฑิต (ปรับปรุง 66),อาจารย์ ดร.,วินัย นาดี,Ph.D.,"Business Information,System & Accounting","University of Reading, U.K ",2560
บริหารธุรกิจบัณฑิต (ปรับปรุง 66),อาจารย์ ดร.,วินัย นาดี,วท.ม.,วิทยาการคอมพิวเตอร์,มหาวิทยาลัยมหิดล,2551
บริหารธุรกิจบัณฑิต (ปรับปรุง 66),อาจารย์ ดร.,วินัย นาดี,วท.บ.,สถิติประยุกต์,มหาวิทยาลัยเทคโนโลยีพระจอมเกล้าพระนครเหนือ,2545
บริหารธุรกิจบัณฑิต (ปรับปรุง 66),รองศาสตราจารย์ ดร.,เนตรนภา ยาบุชิตะ,D.Econ,Studies of Contemporary Economy,"The University of Tokyo,Japan",2545
บริหารธุรกิจบัณฑิต (ปรับปรุง 66),รองศาสตราจารย์ ดร.,เนตรนภา ยาบุชิตะ,M.A.,Management and Accounting,"Keio University, Japan",2540
บริหารธุรกิจบัณฑิต (ปรับปรุง 66),รองศาสตราจารย์ ดร.,เนตรนภา ยาบุชิตะ,อ.บ.,ภาษาตะวันออก(ภาษาญี่ปุ่น),จุฬาลงกรณ์มหาวิทยาลัย,2537
บริหารธุรกิจบัณฑิต (ปรับปรุง 66),ผู้ช่วยศาสตราจารย์ ดร.,ธนวัต ลิมป์พาณิชย์กุล,Ph.D.,Business Management,"Cardiff University, UK",2553
บริหารธุรกิจบัณฑิต (ปรับปรุง 66),ผู้ช่วยศาสตราจารย์ ดร.,ธนวัต ลิมป์พาณิชย์กุล,M.S,International Management(Marketing),"University of Exeter, UK",2549
บริหารธุรกิจบัณฑิต (ปรับปรุง 66),ผู้ช่วยศาสตราจารย์ ดร.,ธนวัต ลิมป์พาณิชย์กุล,บธ.บ.,ธุรกิจระหว่างประเทศ,มหาวิทยาลัยเกษตรศาสตร์,2548
บริหารธุรกิจบัณฑิต (ปรับปรุง 66),ผู้ช่วยศาสตราจารย์ ดร.,สาวิตรี เสรีรังสรรค์,Ph.D.,Service InnovationManagement,"University of Manchester,United Kingdom",2551
บริหารธุรกิจบัณฑิต (ปรับปรุง 66),ผู้ช่วยศาสตราจารย์ ดร.,สาวิตรี เสรีรังสรรค์,M.A.,Organization Studies,"University of Warwick, UK. ",2547
บริหารธุรกิจบัณฑิต (ปรับปรุง 66),ผู้ช่วยศาสตราจารย์ ดร.,สาวิตรี เสรีรังสรรค์,บธ.ม.,การจัดการทั่วไป,มหาวิทยาลัยเอเชียน,2543
บริหารธุรกิจบัณฑิต (ปรับปรุง 66),ผู้ช่วยศาสตราจารย์ ดร.,สาวิตรี เสรีรังสรรค์,บธ.บ.,การเงินและการธนาคาร,มหาวิทยาลัยธรรมศาสตร์,2540
บริหารธุรกิจบัณฑิต (ปรับปรุง 66),ผู้ช่วยศาสตราจารย์ ดร.,ศจี ศิริไกร,ปร.ด.,การจัดการเทคโนโลยี,สถาบันเทคโนโลยีแห่งเอเชีย,2550
บริหารธุรกิจบัณฑิต (ปรับปรุง 66),ผู้ช่วยศาสตราจารย์ ดร.,ศจี ศิริไกร,บธ.ม.,การจัดการเทคโนโลยี,สถาบันเทคโนโลยีแห่งเอเชีย,2539
บริหารธุรกิจบัณฑิต (ปรับปรุง 66),ผู้ช่วยศาสตราจารย์ ดร.,ศจี ศิริไกร,วศ.บ.,วิศวกรรมอุตสาหการ,มหาวิทยาลัยเกษตรศาสตร์,2535
บริหารธุรกิจบัณฑิต (ปรับปรุง 66),รองศาสตราจารย์ ดร.,แก้วตา โรหิตรัตนะ,Ph.D,Management Science,"Lancaster University, U.K. ",2541
บริหารธุรกิจบัณฑิต (ปรับปรุง 66),รองศาสตราจารย์ ดร.,แก้วตา โรหิตรัตนะ,บธ.ม,บริหารธุรกิจ,จุฬาลงกรณ์มหาวิทยาลัย,2536
บริหารธุรกิจบัณฑิต (ปรับปรุง 66),รองศาสตราจารย์ ดร.,แก้วตา โรหิตรัตนะ,พณ.บ.,บริหารอุตสาหการ,มหาวิทยาลัยธรรมศาสตร์,2534
บริหารธุรกิจบัณฑิต (ปรับปรุง 66),ผู้ช่วยศาสตราจารย์ ดร.,กฤษณ์ ปัทมะโรจน์,บธ.ม.,บริหารธุรกิจ,มหาวิทยาลัยธรรมศาสตร์,2550
บริหารธุรกิจบัณฑิต (ปรับปรุง 66),ผู้ช่วยศาสตราจารย์ ดร.,กฤษณ์ ปัทมะโรจน์,วศ.บ.,วิศวกรรมโยธา,จุฬาลงกรมหาวิทยาลัย,2543
บริหารธุรกิจบัณฑิต (ปรับปรุง 66),ศาสตราจารย์ ดร.,ภวิดา ปานะนนท์,Ph.D,"Department ofEconomic","University of ReadingEngland, UK.",2544
บริหารธุรกิจบัณฑิต (ปรับปรุง 66),ศาสตราจารย์ ดร.,ภวิดา ปานะนนท์,M.B.A.,"InternationalBusiness/Management","McGill University, Canada",2535
บริหารธุรกิจบัณฑิต (ปรับปรุง 66),ศาสตราจารย์ ดร.,ภวิดา ปานะนนท์,DiplomainManagement,"Diploma in East AsianStudies","McGill University, Canada",2535
บริหารธุรกิจบัณฑิต (ปรับปรุง 66),ศาสตราจารย์ ดร.,ภวิดา ปานะนนท์,วศ.บ.,การบัญชี,จุฬาลงกรณ์มหาวิทยาลัย,2532
บริหารธุรกิจบัณฑิต (ปรับปรุง 66),รองศาสตราจารย์ ดร.,สันติชัย คชรินทร์,Ph.D,"Business andManagement","University of Manchester,UK.",2557
บริหารธุรกิจบัณฑิต (ปรับปรุง 66),รองศาสตราจารย์ ดร.,สันติชัย คชรินทร์,M.M.,Shipping Management,"Korea Maritime University,Republic of Korea",2543
บริหารธุรกิจบัณฑิต (ปรับปรุง 66),รองศาสตราจารย์ ดร.,สันติชัย คชรินทร์,บธ.บ.,"การบริหารขนส่งระหว่างประเทศ",มหาวิทยาลัยธรรมศาสตร์,2539
บริหารธุรกิจบัณฑิต (ปรับปรุง 66),ผู้ช่วยศาสตราจารย์,รมิดา พัชราวนิช,M.B.A.,Business Administration,"The University of NorthCarolina at Chapel Hill,U.S.A",2539
บริหารธุรกิจบัณฑิต (ปรับปรุง 66),ผู้ช่วยศาสตราจารย์,รมิดา พัชราวนิช,บช.บ.,การบัญชี,มหาวิทยาลัยธรรมศาสตร์,2534
บริหารธุรกิจบัณฑิต (ปรับปรุง 66),ผู้ช่วยศาสตราจารย์,จิตตาภรณ์ ศรีบุญจิตต์,M.B.,Business Administration,"The University of NorthCarolina at Chapel Hill,U.S.A.",2539
บริหารธุรกิจบัณฑิต (ปรับปรุง 66),ผู้ช่วยศาสตราจารย์,จิตตาภรณ์ ศรีบุญจิตต์,บช.บ.,การบัญชี,มหาวิทยาลัยธรรมศาสตร์,2534
บริหารธุรกิจบัณฑิต (ปรับปรุง 66),ศาสตราจารย์,วิทวัส รุ่งเรืองผล,M.B.A,"BusinessAdministration","University of Hawaii atMonash, U.S.A",2536
บริหารธุรกิจบัณฑิต (ปรับปรุง 66),ศาสตราจารย์,วิทวัส รุ่งเรืองผล,พณ.บ.,การตลาด,มหาวิทยาลัยธรรมศาสตร์,2533
2.สม.บ.การวิจัยทางสังคม (ปรับปรุง พ.ศ.2566),ผู้ช่วยศาสตราจารย์ ดร.,ณัฐจรี สุวรรณภัฏ,Ph.D.,Sociology,"La Trobe University, Australia.",2557
2.สม.บ.การวิจัยทางสังคม (ปรับปรุง พ.ศ.2566),ผู้ช่วยศาสตราจารย์ ดร.,ณัฐจรี สุวรรณภัฏ,สม.ม.,สังคมวิทยา,มหาวิทยาลัยธรรมศาสตร์,2546
2.สม.บ.การวิจัยทางสังคม (ปรับปรุง พ.ศ.2566),ผู้ช่วยศาสตราจารย์ ดร.,ณัฐจรี สุวรรณภัฏ,สม.บ.,สังคมวิทยาและมานุษยวิทยา,มหาวิทยาลัยธรรมศาสตร์,2541
2.สม.บ.การวิจัยทางสังคม (ปรับปรุง พ.ศ.2566),ผู้ช่วยศาสตราจารย์,อัครนัย ขวัญอยู่,สม.ม.,การวิจัยทางสังคม,มหาวิทยาลัยธรรมศาสตร์,2559
2.สม.บ.การวิจัยทางสังคม (ปรับปรุง พ.ศ.2566),ผู้ช่วยศาสตราจารย์,อัครนัย ขวัญอยู่,ศบ.ม.,พัฒนาการเศรษฐกิจ,สถาบันบัณฑิตพัฒนาบริหารศาสตร์,2557
2.สม.บ.การวิจัยทางสังคม (ปรับปรุง พ.ศ.2566),ผู้ช่วยศาสตราจารย์,อัครนัย ขวัญอยู่,สม.บ.,การวิจัยทางสังคม,มหาวิทยาลัยธรรมศาสตร์,2554
2.สม.บ.การวิจัยทางสังคม (ปรับปรุง พ.ศ.2566),อาจารย์,วิภาวี พงษ์ปิ่น,สม.ม.,มานุษยวิทยา,มหาวิทยาลัยธรรมศาสตร์,2554
2.สม.บ.การวิจัยทางสังคม (ปรับปรุง พ.ศ.2566),อาจารย์,วิภาวี พงษ์ปิ่น,ศศ.บ.,มานุษยวิทยา,มหาวิทยาลัยศิลปากร,2550
2.สม.บ.การวิจัยทางสังคม (ปรับปรุง พ.ศ.2566),ผู้ช่วยศาสตราจารย์ ดร.,บุญเลิศ วิเศษปรีชา,Ph.D.,Anthropology,"University of Wisconsin-Madison, U.S.A.",2558
2.สม.บ.การวิจัยทางสังคม (ปรับปรุง พ.ศ.2566),ผู้ช่วยศาสตราจารย์ ดร.,บุญเลิศ วิเศษปรีชา,สม.ม.,มานุษยวิทยา,มหาวิทยาลัยธรรมศาสตร์,2546
2.สม.บ.การวิจัยทางสังคม (ปรับปรุง พ.ศ.2566),ผู้ช่วยศาสตราจารย์ ดร.,บุญเลิศ วิเศษปรีชา,วท.บ.,ประมง,มหาวิทยาลัยเกษตรศาสตร์,2538
2.สม.บ.การวิจัยทางสังคม (ปรับปรุง พ.ศ.2566),ผู้ช่วยศาสตราจารย์,อรอุมา เตพละกุล,M.Sc.,Urban Environmental Management,"Asian Institute of Technology, Thailand",2543
2.สม.บ.การวิจัยทางสังคม (ปรับปรุง พ.ศ.2566),ผู้ช่วยศาสตราจารย์,อรอุมา เตพละกุล,ศศ.บ.,สังคมวิทยาและมานุษยวิทยา,มหาวิทยาลัยเกษตรศาสตร์,2541
1.สม.บ.สังคมวิทยาและมานุษยวิทยา (ปรับปรุง พ.ศ.2566),ผู้ช่วยศาสตราจารย์ ดร.,วิลาสินี พนานครทรัพย์,Ph.D.,Sociology,"La Trobe University, Australia.",2558
1.สม.บ.สังคมวิทยาและมานุษยวิทยา (ปรับปรุง พ.ศ.2566),ผู้ช่วยศาสตราจารย์ ดร.,วิลาสินี พนานครทรัพย์,สม.ม.,สังคมวิทยา,มหาวิทยาลัยธรรมศาสตร์,2545
1.สม.บ.สังคมวิทยาและมานุษยวิทยา (ปรับปรุง พ.ศ.2566),ผู้ช่วยศาสตราจารย์ ดร.,วิลาสินี พนานครทรัพย์,สม.บ.,สังคมวิทยาและมานุษยวิทยา,มหาวิทยาลัยธรรมศาสตร์,2541
1.สม.บ.สังคมวิทยาและมานุษยวิทยา (ปรับปรุง พ.ศ.2566),ผู้ช่วยศาสตราจารย์ ดร.,พจนก กาญจนจันทร,Ph.D.,Archaeology,"University of Bristol, UK",2549
1.สม.บ.สังคมวิทยาและมานุษยวิทยา (ปรับปรุง พ.ศ.2566),ผู้ช่วยศาสตราจารย์ ดร.,พจนก กาญจนจันทร,M.A.,Landscape Archaeology,"University of Bristol, UK",2544
1.สม.บ.สังคมวิทยาและมานุษยวิทยา (ปรับปรุง พ.ศ.2566),ผู้ช่วยศาสตราจารย์ ดร.,พจนก กาญจนจันทร,M.A.,Translation Studies,"Warwick University, UK",2543
1.สม.บ.สังคมวิทยาและมานุษยวิทยา (ปรับปรุง พ.ศ.2566),ผู้ช่วยศาสตราจารย์ ดร.,พจนก กาญจนจันทร,ศศ.บ.,ภาษาอังกฤษ,มหาวิทยาลัยรามคําแหง,2536
1.สม.บ.สังคมวิทยาและมานุษยวิทยา (ปรับปรุง พ.ศ.2566),อาจารย์ ดร.,ธนานนท์ บัวทอง,ศศ.ด.,ประชากรศาสตร์,จุฬาลงกรณ์มหาวิทยาลัย,2562
1.สม.บ.สังคมวิทยาและมานุษยวิทยา (ปรับปรุง พ.ศ.2566),อาจารย์ ดร.,ธนานนท์ บัวทอง,ศศ.ม.,ประชากรศาสตร์,จุฬาลงกรณ์มหาวิทยาลัย,2555
1.สม.บ.สังคมวิทยาและมานุษยวิทยา (ปรับปรุง พ.ศ.2566),อาจารย์ ดร.,ธนานนท์ บัวทอง,ศ.บ.,เศรษฐศาสตร์แรงงานและทรัพยากรมนุษย์,จุฬาลงกรณ์มหาวิทยาลัย,2552
1.สม.บ.สังคมวิทยาและมานุษยวิทยา (ปรับปรุง พ.ศ.2566),ผู้ช่วยศาสตราจารย์,วาทินีย์ วิชัยยา,สม.ม.,สังคมวิทยา,มหาวิทยาลัยธรรมศาสตร์,2556
1.สม.บ.สังคมวิทยาและมานุษยวิทยา (ปรับปรุง พ.ศ.2566),ผู้ช่วยศาสตราจารย์,วาทินีย์ วิชัยยา,วท.บ.,สังคมวิทยาและมานุษยวิทยา,มหาวิทยาลัยเชียงใหม่,2551
1.สม.บ.สังคมวิทยาและมานุษยวิทยา (ปรับปรุง พ.ศ.2566),ผู้ช่วยศาสตราจารย์ ดร.,เทียมสูรย์ สิริศรีศักดิ์,Ph.D.,Urban Engineering,"The University of Tokyo, Japan",2554
1.สม.บ.สังคมวิทยาและมานุษยวิทยา (ปรับปรุง พ.ศ.2566),ผู้ช่วยศาสตราจารย์ ดร.,เทียมสูรย์ สิริศรีศักดิ์,สถ.ม.,สถาปัตยกรรม,จุฬาลงกรณ์มหาวิทยาลัย,2544
1.สม.บ.สังคมวิทยาและมานุษยวิทยา (ปรับปรุง พ.ศ.2566),ผู้ช่วยศาสตราจารย์ ดร.,เทียมสูรย์ สิริศรีศักดิ์,สถ.บ.,สถาปัตยกรรม,สถาบันเทคโนโลยีพระจอมเกล้าเจ้าคุณทหารลาดกระบัง,2541
ศศ.บ.วิทยาการเรียนรู้,ผู้ช่วยศาสตราจารย์,ฐิติกาญจน์ อัศตรกุล,ศศ.ด.,ประชากรศาสตร์,จุฬาลงกรณ์มหาวิทยาลัย,2559
ศศ.บ.วิทยาการเรียนรู้,ผู้ช่วยศาสตราจารย์,ฐิติกาญจน์ อัศตรกุล,ศศ.ม.,สังคมวิทยาประยุกต์,"มหาวิทยาลัยเกษตรศาสตร์,",2555
ศศ.บ.วิทยาการเรียนรู้,ผู้ช่วยศาสตราจารย์,ฐิติกาญจน์ อัศตรกุล,ศษ.บ.,การประถมศึกษา(เกียรตินิยมอันดับสอง),มหาวิทยาลัยศิลปากร,2549
ศศ.บ.วิทยาการเรียนรู้,ผู้ช่วยศาสตราจารย์ ดร.,ไอยเรศ บุญฤทธิ์,อ.ด.,ภาษาไทย (คติชนวิทยา),จุฬาลงกรณ์มหาวิทยาลัย,2560
ศศ.บ.วิทยาการเรียนรู้,ผู้ช่วยศาสตราจารย์ ดร.,ไอยเรศ บุญฤทธิ์,ศศ.ม.,วัฒนธรรมศึกษา,มหาวิทยาลัยมหิดล,2553
ศศ.บ.วิทยาการเรียนรู้,ผู้ช่วยศาสตราจารย์ ดร.,ไอยเรศ บุญฤทธิ์,ค.บ.,ดนตรีศึกษา(เกียรตินิยมอันดับสอง),จุฬาลงกรณ์มหาวิทยาลัย,2546
ศศ.บ.วิทยาการเรียนรู้,ผู้ช่วยศาสตราจารย์ ดร.,กิตติ คงตุก,ปร.ด.,ดนตรี,มหาวิทยาลัยมหิดล,2557
ศศ.บ.วิทยาการเรียนรู้,ผู้ช่วยศาสตราจารย์ ดร.,กิตติ คงตุก,ศศ.ม.,วัฒนธรรมศึกษา,มหาวิทยาลัยมหิดล,2550
ศศ.บ.วิทยาการเรียนรู้,ผู้ช่วยศาสตราจารย์ ดร.,กิตติ คงตุก,ค.บ.,ดนตรีศึกษา (เกียรตินิยมอันดับหนึ่ง),จุฬาลงกรณ์มหาวิทยาลัย,2545
ศศ.บ.วิทยาการเรียนรู้,ผู้ช่วยศาสตราจารย์ ดร.,ชลิดา จูงพันธ์,ปร.ด.,บรรพชีวินวิทยา,มหาวิทยาลัยมหาสารคาม,2560
ศศ.บ.วิทยาการเรียนรู้,ผู้ช่วยศาสตราจารย์ ดร.,ชลิดา จูงพันธ์,วท.ม.,ชีววิทยา,มหาวิทยาลัยมหาสารคาม,2554
ศศ.บ.วิทยาการเรียนรู้,ผู้ช่วยศาสตราจารย์ ดร.,ชลิดา จูงพันธ์,วท.บ.,ชีววิทยา(เกียรตินิยมอันดับหนึ่ง),มหาวิทยาลัยมหาสารคาม,2551
ศศ.บ.วิทยาการเรียนรู้,ผู้ช่วยศาสตราจารย์ ดร.,ศรัณวิชญ์ พรหมสาขา ณ สกลนคร,Ph.D,Architecture and Planning,"University of Sassari, Italy",2558
ศศ.บ.วิทยาการเรียนรู้,ผู้ช่วยศาสตราจารย์ ดร.,ศรัณวิชญ์ พรหมสาขา ณ สกลนคร,M.A.,Policy Sciences,"Ritsumeikan University, Japan",2554
ศศ.บ.วิทยาการเรียนรู้,ผู้ช่วยศาสตราจารย์ ดร.,ศรัณวิชญ์ พรหมสาขา ณ สกลนคร,ผ.บ.,การผังเมือง,มหาวิทยาลัยธรรมศาสตร์,2552
ศศ.บ.ศักยภาพมนุษย์และสุขภาวะ,รองศาสตราจารย์ ดร.,ฐิติกาญจน์ อัศตรกุล,ศศ.ด.,ประชากรศาสตร์,จุฬาลงกรณ์มหาวิทยาลัย,2559
ศศ.บ.ศักยภาพมนุษย์และสุขภาวะ,รองศาสตราจารย์ ดร.,ฐิติกาญจน์ อัศตรกุล,ศศ.ม.,สังคมวิทยาประยุกต์,มหาวิทยาลัยเกษตรศาสตร์,2555
ศศ.บ.ศักยภาพมนุษย์และสุขภาวะ,รองศาสตราจารย์ ดร.,ฐิติกาญจน์ อัศตรกุล,ศษ.บ.,การประถมศึกษา (เกียรตินิยมอันดับสอง),มหาวิทยาลัยศิลปกร,2549
ศศ.บ.ศักยภาพมนุษย์และสุขภาวะ,ผู้ช่วยศาสตราจารย์ ดร.,อดิศร จันทรสุข,Ph.D.,Education,"University of Otago, New Zealand",2556
ศศ.บ.ศักยภาพมนุษย์และสุขภาวะ,ผู้ช่วยศาสตราจารย์ ดร.,อดิศร จันทรสุข,ศศ.ม,จิตวิทยาการปรึกษา,จุฬาลงกรณ์มหาวิทยาลัย,2545
ศศ.บ.ศักยภาพมนุษย์และสุขภาวะ,ผู้ช่วยศาสตราจารย์ ดร.,อดิศร จันทรสุข,ว.บ,วารสารศาสตร์ (เกียรตินิยมอันดับสอง),มหาวิทยาลัยธรรมศาสตร์,2540
ศศ.บ.ศักยภาพมนุษย์และสุขภาวะ,ผู้ช่วยศาสตราจารย์ ดร.,อัครา เมธาสุข,Dip,Clinical Sexology,มหาวิทยาลัยธรรมศาสตร์,2564
ศศ.บ.ศักยภาพมนุษย์และสุขภาวะ,ผู้ช่วยศาสตราจารย์ ดร.,อัครา เมธาสุข,Ph.D.,Neurosciences,มหาวิทยาลัยมหิดล,2561
ศศ.บ.ศักยภาพมนุษย์และสุขภาวะ,ผู้ช่วยศาสตราจารย์ ดร.,อัครา เมธาสุข,ว.บ.,วิทยาศาสตร์ชีวภาพ (เกียรตินิยมอันดับหนึ่ง),มหาวิทยาลัยแม่ฟ้าหลวง,2552
ศศ.บ.ศักยภาพมนุษย์และสุขภาวะ,ผู้ช่วยศาสตราจารย์ ดร.,เสมอกาญจน์ โสภณหิรัญรักษ์,ค.ด.,เทคโนโลยีและการสื่อสารการศึกษา,จุฬาลงกรณ์มหาวิทยาลัย,2558
ศศ.บ.ศักยภาพมนุษย์และสุขภาวะ,ผู้ช่วยศาสตราจารย์ ดร.,เสมอกาญจน์ โสภณหิรัญรักษ์,ค.ม.,โสตทัศนศึกษา,จุฬาลงกรณ์มหาวิทยาลัย,2553
ศศ.บ.ศักยภาพมนุษย์และสุขภาวะ,ผู้ช่วยศาสตราจารย์ ดร.,เสมอกาญจน์ โสภณหิรัญรักษ์,ค.บ.,มัธยมศึกษา (เกียรตินิยมอันดับหนึ่ง),จุฬาลงกรณ์มหาวิทยาลัย,2550
ศศ.บ.ศักยภาพมนุษย์และสุขภาวะ,ผู้ช่วยศาสตราจารย์ ดร.,ปวลักดิ์ สุรัสวดี,ค.ด.,พัฒนศึกษา,จุฬาลงกรณ์มหาวิทยาลัย,2555
ศศ.บ.ศักยภาพมนุษย์และสุขภาวะ,ผู้ช่วยศาสตราจารย์ ดร.,ปวลักดิ์ สุรัสวดี,M.F.A,Youth theatre,"The University of Hawaii atManoa, USA",2548
ศศ.บ.ศักยภาพมนุษย์และสุขภาวะ,ผู้ช่วยศาสตราจารย์ ดร.,ปวลักดิ์ สุรัสวดี,M.A.,Theatre,"Northwestern University,USA",2544
ศศ.บ.ศักยภาพมนุษย์และสุขภาวะ,ผู้ช่วยศาสตราจารย์ ดร.,ปวลักดิ์ สุรัสวดี,อ.บ.,ศิลปะการละคร(เกียรตินิยมอันดับสอง),จุฬาลงกรณ์มหาวิทยาลัย,2541
2. วิทยาศาสตรบัณฑิต สาขาวิชาอาชีวอนามัยและความปลอดภัย  (ปรับปรุง 2566) ศูนย์รังสิต,ผู้ช่วยศาสตราจารย์,ดร. ธีรพันธ์ แก้วดอก,ปร.ด.,วิศวกรรมทางการแพทย์,มหาวิทยาลัยธรรมศาสตร์,2559
2. วิทยาศาสตรบัณฑิต สาขาวิชาอาชีวอนามัยและความปลอดภัย  (ปรับปรุง 2566) ศูนย์รังสิต,ผู้ช่วยศาสตราจารย์,ดร. ธีรพันธ์ แก้วดอก,ส.ม.,การจัดการอนามัยสิ่งแวดล้อมและความปลอดภัย,มหาวิทยาลัยธรรมศาสตร์,2554
2. วิทยาศาสตรบัณฑิต สาขาวิชาอาชีวอนามัยและความปลอดภัย  (ปรับปรุง 2566) ศูนย์รังสิต,ผู้ช่วยศาสตราจารย์,ดร. ธีรพันธ์ แก้วดอก,ส.บ.,สาธารณสุขศาสตร์ (อาชีวอนามัยและความปลอดภัย),มหาวิทยาลัยสุโขทัยธรรมาธิราช,2556
2. วิทยาศาสตรบัณฑิต สาขาวิชาอาชีวอนามัยและความปลอดภัย  (ปรับปรุง 2566) ศูนย์รังสิต,ผู้ช่วยศาสตราจารย์,ดร. ธีรพันธ์ แก้วดอก,ส.บ.,สาธารณสุขศาสตร์,มหาวิทยาลัยนเรศวร,2546
2. วิทยาศาสตรบัณฑิต สาขาวิชาอาชีวอนามัยและความปลอดภัย  (ปรับปรุง 2566) ศูนย์รังสิต,ผู้ช่วยศาสตราจารย์,ดร. เสาวนีย์ หน่อแก้ว,ปร.ด.,สาธารณสุขศาสตร์,จุฬาลงกรณ์มหาวิทยาลัย,2556
2. วิทยาศาสตรบัณฑิต สาขาวิชาอาชีวอนามัยและความปลอดภัย  (ปรับปรุง 2566) ศูนย์รังสิต,ผู้ช่วยศาสตราจารย์,ดร. เสาวนีย์ หน่อแก้ว,ส.ม.,สาธารณสุขศาสตร์,จุฬาลงกรณ์มหาวิทยาลัย,2553
2. วิทยาศาสตรบัณฑิต สาขาวิชาอาชีวอนามัยและความปลอดภัย  (ปรับปรุง 2566) ศูนย์รังสิต,ผู้ช่วยศาสตราจารย์,ดร. เสาวนีย์ หน่อแก้ว,วท.บ.,อาชีวอนามัยและความปลอดภัย,มหาวิทยาลัยสุโขทัยธรรมมาธิราช,2564
2. วิทยาศาสตรบัณฑิต สาขาวิชาอาชีวอนามัยและความปลอดภัย  (ปรับปรุง 2566) ศูนย์รังสิต,ผู้ช่วยศาสตราจารย์,ดร. เสาวนีย์ หน่อแก้ว,วท.บ.,อุตสาหกรรมเกษตร,สถาบันเทคโนโลยีพระจอมเกล้าเจ้าคุณทหารลาดกระบัง,2549
2. วิทยาศาสตรบัณฑิต สาขาวิชาอาชีวอนามัยและความปลอดภัย  (ปรับปรุง 2566) ศูนย์รังสิต,ผู้ช่วยศาสตราจารย์,ดร.ศศิธร ศรีมีชัย,Ph.D.,Environmental Health Science,"Tulane University, USA.",2557
2. วิทยาศาสตรบัณฑิต สาขาวิชาอาชีวอนามัยและความปลอดภัย  (ปรับปรุง 2566) ศูนย์รังสิต,ผู้ช่วยศาสตราจารย์,ดร.ศศิธร ศรีมีชัย,วท.ม.,สุขศาสตร์อุตสาหกรรมและความปลอดภัย,มหาวิทยาลัยมหิดล,2546
2. วิทยาศาสตรบัณฑิต สาขาวิชาอาชีวอนามัยและความปลอดภัย  (ปรับปรุง 2566) ศูนย์รังสิต,ผู้ช่วยศาสตราจารย์,ดร.ศศิธร ศรีมีชัย,วท.ม.,วิทยาศาสตร์สุขภาพ,มหาวิทยาลัยธรรมศาสตร์,2543
2. วิทยาศาสตรบัณฑิต สาขาวิชาอาชีวอนามัยและความปลอดภัย  (ปรับปรุง 2566) ศูนย์รังสิต,ผู้ช่วยศาสตราจารย์,ดร.สรรพัชญ์ ศิริสวัสดิ์,ปร.ด.,อาชีวอนามัยและอนามัยสิ่งแวดล้อม,มหาวิทยาลัยธรรมศาสตร์,2563
2. วิทยาศาสตรบัณฑิต สาขาวิชาอาชีวอนามัยและความปลอดภัย  (ปรับปรุง 2566) ศูนย์รังสิต,ผู้ช่วยศาสตราจารย์,ดร.สรรพัชญ์ ศิริสวัสดิ์,วท.ม.,อาชีวเวชศาสตร์,มหาวิทยาลัยขอนแก่น,2557
2. วิทยาศาสตรบัณฑิต สาขาวิชาอาชีวอนามัยและความปลอดภัย  (ปรับปรุง 2566) ศูนย์รังสิต,ผู้ช่วยศาสตราจารย์,ดร.สรรพัชญ์ ศิริสวัสดิ์,วท.บ.,อาชีวอนามัยและความปลอดภัย,มหาวิทยาลัยมหิดล,2554
2. วิทยาศาสตรบัณฑิต สาขาวิชาอาชีวอนามัยและความปลอดภัย  (ปรับปรุง 2566) ศูนย์รังสิต,อาจารย์,ชวินทร มัยยะภักดี,วท.ม.,วิศวกรรมความปลอดภัย,มหาวิทยาลัยเกษตรศาสตร์,2559
6. วิทยาศาสตรบัณฑิต สาขาวิชาอนามัยชุมชน (ปรับปรุง 2568),ผู้ช่วยศาสตราจารย์,ดร.ศุภางค์ วัฒนเสย,ปร.ด.,สาธารณสุขศาสตรห,จุฬาลงกรณ์มหาวิทยาลัย,2559
6. วิทยาศาสตรบัณฑิต สาขาวิชาอนามัยชุมชน (ปรับปรุง 2568),ผู้ช่วยศาสตราจารย์,ดร.ศุภางค์ วัฒนเสย,M.S.,Healthcare Administration (Management and change in healthcare),"California State University, USA",2554
6. วิทยาศาสตรบัณฑิต สาขาวิชาอนามัยชุมชน (ปรับปรุง 2568),ผู้ช่วยศาสตราจารย์,ดร.ศุภางค์ วัฒนเสย,วท.บ.,สาธารณสุขศาสตร์ (จุลชีววิทยา),จุฬาลงกรณ์มหาวิทยาลัย,2550
6. วิทยาศาสตรบัณฑิต สาขาวิชาอนามัยชุมชน (ปรับปรุง 2568),ผู้ช่วยศาสตราจารย์,ดร.สุภา วิตตาภรณ์,ปร.ด.,สังคมศาสตร์การแพทย์และสาธารณสุข,มหาวิทยาลัยมหิดล,2556
6. วิทยาศาสตรบัณฑิต สาขาวิชาอนามัยชุมชน (ปรับปรุง 2568),ผู้ช่วยศาสตราจารย์,ดร.สุภา วิตตาภรณ์,ศศ.ม.,พัฒนาสังคม,มหาวิทยาลัยขอนแก่น,2547
6. วิทยาศาสตรบัณฑิต สาขาวิชาอนามัยชุมชน (ปรับปรุง 2568),ผู้ช่วยศาสตราจารย์,ดร.สุภา วิตตาภรณ์,วท.บ.,สาธารณสุขศาสตร์(อนามัยชุมชน),มหาวิทยาลัยมหิดล,2540
6. วิทยาศาสตรบัณฑิต สาขาวิชาอนามัยชุมชน (ปรับปรุง 2568),อาจารย์,ดร.พัชรินทร์ คํานวล,วท.ด.,ระบาดวิทยาคลินิก,มหาวิทยาลัยเชียงใหม่,2558
6. วิทยาศาสตรบัณฑิต สาขาวิชาอนามัยชุมชน (ปรับปรุง 2568),อาจารย์,ดร.พัชรินทร์ คํานวล,ส.ม.,สาธารณสุขศาสตร์,มหาวิทยาลัยนเรศวร,2547
6. วิทยาศาสตรบัณฑิต สาขาวิชาอนามัยชุมชน (ปรับปรุง 2568),อาจารย์,ดร.พัชรินทร์ คํานวล,ป.พย.,การพยาบาลและการผดุงครรภ์,วิทยาลัยพยาบาลบรมราชชนนีพะเยา,2544
6. วิทยาศาสตรบัณฑิต สาขาวิชาอนามัยชุมชน (ปรับปรุง 2568),ผู้ช่วยศาสตราจารย์,ดร.สยัมภู ใสทา,ปร.ด.,อายุรศาสตร์เขตร้อน,มหาวิทยาลัยมหิดล,2562
6. วิทยาศาสตรบัณฑิต สาขาวิชาอนามัยชุมชน (ปรับปรุง 2568),ผู้ช่วยศาสตราจารย์,ดร.สยัมภู ใสทา,วท.ม.,สาธารณสุขศาสตร์(การพัฒนาระบบสุขภาพชุมชน),มหาวิทยาลัยมหิดล,2558
6. วิทยาศาสตรบัณฑิต สาขาวิชาอนามัยชุมชน (ปรับปรุง 2568),ผู้ช่วยศาสตราจารย์,ดร.สยัมภู ใสทา,วท.บ.,สาธารณสุขศาสตร์ (การสร้างเสริมสุขภาพ),มหาวิทยาลัยธรรมศาสตร์,2555
6. วิทยาศาสตรบัณฑิต สาขาวิชาอนามัยชุมชน (ปรับปรุง 2568),ผู้ช่วยศาสตราจารย์,ดร.กษมา ภูสีสด,ปร.ด.,อายุรศาสตร์เขตร้อน,มหาวิทยาลัยมหิดล,2564
6. วิทยาศาสตรบัณฑิต สาขาวิชาอนามัยชุมชน (ปรับปรุง 2568),ผู้ช่วยศาสตราจารย์,ดร.กษมา ภูสีสด,วท.ม.,สาธารณสุขศาสตร์ (โรคติดเชื้อและวิทยาการระบาด),มหาวิทยาลัยมหิดล,2556
6. วิทยาศาสตรบัณฑิต สาขาวิชาอนามัยชุมชน (ปรับปรุง 2568),ผู้ช่วยศาสตราจารย์,ดร.กษมา ภูสีสด,วท.บ.,สาธารณสุขศาสตร์ (อนามัยชุมชน),มหาวิทยาลัยมหิดล,2553
4. วิทยาศาสตรบัณฑิต สาขาวิชาอนามัยสิ่งแวดล้อม (ปรับปรุง 2566) ศูนย์รังสิต,ผู้ช่วยศาสตราจารย์,ดร.น้ำฝน เอกตาแสง,Ph.D.,Informative Environmental Technology,"Konkuk University, Seoul, South Korea",2556
4. วิทยาศาสตรบัณฑิต สาขาวิชาอนามัยสิ่งแวดล้อม (ปรับปรุง 2566) ศูนย์รังสิต,ผู้ช่วยศาสตราจารย์,ดร.น้ำฝน เอกตาแสง,Ph.D.,EnvironmentalEngineering,"Konkuk University,Seoul, South Korea",2556
4. วิทยาศาสตรบัณฑิต สาขาวิชาอนามัยสิ่งแวดล้อม (ปรับปรุง 2566) ศูนย์รังสิต,ผู้ช่วยศาสตราจารย์,ดร.น้ำฝน เอกตาแสง,วท.ม.,วิศวกรรมสิ่งแวดล้อมและการจัดการ,สถาบันเทคโนโลยีแห่งเอเชีย,2552
4. วิทยาศาสตรบัณฑิต สาขาวิชาอนามัยสิ่งแวดล้อม (ปรับปรุง 2566) ศูนย์รังสิต,ผู้ช่วยศาสตราจารย์,ดร.น้ำฝน เอกตาแสง,วท.ม.,วิทยาศาสตร์สุขภาพ(อนามัยสิ่งแวดล้อม),มหาวิทยาลัยธรรมศาสตร์,2550
4. วิทยาศาสตรบัณฑิต สาขาวิชาอนามัยสิ่งแวดล้อม (ปรับปรุง 2566) ศูนย์รังสิต,ผู้ช่วยศาสตราจารย์,ดร.กาญจนา ช้างแก้ว,Ph.D.,Veterinary Medicine,"Hokkaido University, Japan",2558
4. วิทยาศาสตรบัณฑิต สาขาวิชาอนามัยสิ่งแวดล้อม (ปรับปรุง 2566) ศูนย์รังสิต,ผู้ช่วยศาสตราจารย์,ดร.กาญจนา ช้างแก้ว,วท.ม.,สาธารณสุขศาสตร์,มหาวิทยาลัยมหิดล,2553
4. วิทยาศาสตรบัณฑิต สาขาวิชาอนามัยสิ่งแวดล้อม (ปรับปรุง 2566) ศูนย์รังสิต,ผู้ช่วยศาสตราจารย์,ดร.กาญจนา ช้างแก้ว,วท.บ.,เทคนิคการสัตวแพทย์,มหาวิทยาลัยเกษตรศาสตร์,2548
4. วิทยาศาสตรบัณฑิต สาขาวิชาอนามัยสิ่งแวดล้อม (ปรับปรุง 2566) ศูนย์รังสิต,ผู้ช่วยศาสตราจารย์,ดร.มนพร วงศ์สุนทรชัย,ปร.ด.(โทควบเอก),เทคโนโลยีสิ่งแวดล้อม,มหาวิทยาลัยมหิดล,2558
4. วิทยาศาสตรบัณฑิต สาขาวิชาอนามัยสิ่งแวดล้อม (ปรับปรุง 2566) ศูนย์รังสิต,ผู้ช่วยศาสตราจารย์,ดร.มนพร วงศ์สุนทรชัย,วท.บ.,วิทยาศาสตร์สิ่งแวดล้อม,มหาวิทยาลัยธรรมศาสตร์,2551
4. วิทยาศาสตรบัณฑิต สาขาวิชาอนามัยสิ่งแวดล้อม (ปรับปรุง 2566) ศูนย์รังสิต,อาจารย์,ดร.บุษราคัม ฐิตานุวัฒน์,ปร.ด.(โทควบเอก),เทคโนโลยีสิ่งแวดล้อม,มหาวิทยาลัยมหิดล,2559
4. วิทยาศาสตรบัณฑิต สาขาวิชาอนามัยสิ่งแวดล้อม (ปรับปรุง 2566) ศูนย์รังสิต,อาจารย์,ดร.บุษราคัม ฐิตานุวัฒน์,วท.บ.,สาธารณสุขศาสตร์(อนามัยสิ่งแวดล้อม),มหาวิทยาลัยธรรมศาสตร์,2554
4. วิทยาศาสตรบัณฑิต สาขาวิชาอนามัยสิ่งแวดล้อม (ปรับปรุง 2566) ศูนย์รังสิต,อาจารย์,วิยะดา นิลกาญจนกุล,วท.ม.,สุขาภิบาลสิ่งแวดล้อม,มหาวิทยาลัยมหิดล,2559
4. วิทยาศาสตรบัณฑิต สาขาวิชาอนามัยสิ่งแวดล้อม (ปรับปรุง 2566) ศูนย์รังสิต,อาจารย์,วิยะดา นิลกาญจนกุล,วท.บ.,สาธารณสุขศาสตร์(อนามัยสิ่งแวดล้อมและความปลอดภัย),มหาวิทยาลัยธรรมศาสตร์,2556
5. วิทยาศาสตรบัณฑิต สาขาวิชาอนามัยสิ่งแวดล้อม (ปรับปรุง 2566) ศูนย์ลำปาง,ผู้ช่วยศาสตราจารย์,ดร.พรรณทิสชา ธนตระกลศรี,ปร.ด.,เทคโนโลยีสิ่งแวดล้อม,มหาวิทยาลัยมหิดล,2559
5. วิทยาศาสตรบัณฑิต สาขาวิชาอนามัยสิ่งแวดล้อม (ปรับปรุง 2566) ศูนย์ลำปาง,ผู้ช่วยศาสตราจารย์,ดร.พรรณทิสชา ธนตระกลศรี,วท.ม.,วิศวกรรมสิ่งแวดล้อม,มหาวิทยาลัยมหิดล,2555
5. วิทยาศาสตรบัณฑิต สาขาวิชาอนามัยสิ่งแวดล้อม (ปรับปรุง 2566) ศูนย์ลำปาง,ผู้ช่วยศาสตราจารย์,ดร.พรรณทิสชา ธนตระกลศรี,ส.บ.,สาธารณสุขศาสตร์(วิทยาศาสตร์อนามัยสิ่งแวดล้อม),มหาวิทยาลัยสุโขทัยธรรมาธิราช,2553
5. วิทยาศาสตรบัณฑิต สาขาวิชาอนามัยสิ่งแวดล้อม (ปรับปรุง 2566) ศูนย์ลำปาง,ผู้ช่วยศาสตราจารย์,ดร.พรรณทิสชา ธนตระกลศรี,วท.บ.,วิทยาศาสตร์สิ่งแวดล้อม,มหาวิทยาลัยขอนแก่น,2550
5. วิทยาศาสตรบัณฑิต สาขาวิชาอนามัยสิ่งแวดล้อม (ปรับปรุง 2566) ศูนย์ลำปาง,ผู้ช่วยศาสตราจารย์,วีร์ราภัสสร์ ณ ร้อยเอ็ด,วศ.ม.,วิศวกรรมสิ่งแวดล้อม,มหาวิทยาลัยเกษรศาสตร์,2551
5. วิทยาศาสตรบัณฑิต สาขาวิชาอนามัยสิ่งแวดล้อม (ปรับปรุง 2566) ศูนย์ลำปาง,ผู้ช่วยศาสตราจารย์,วีร์ราภัสสร์ ณ ร้อยเอ็ด,วท.บ.,สาธารณสุขศาสตร์(วิทยาศาสตร์อนามัยสิ่งแวดล้อม),มหาวิทยาลัยมหิดล,2548
5. วิทยาศาสตรบัณฑิต สาขาวิชาอนามัยสิ่งแวดล้อม (ปรับปรุง 2566) ศูนย์ลำปาง,ผู้ช่วยศาสตราจารย์,ดร.ญาณสินี สุมา,Ph.D.,Informative Environmental Technology,"Konkuk University in Seoul, Korea",2556
5. วิทยาศาสตรบัณฑิต สาขาวิชาอนามัยสิ่งแวดล้อม (ปรับปรุง 2566) ศูนย์ลำปาง,ผู้ช่วยศาสตราจารย์,ดร.ญาณสินี สุมา,วท.ม.,วิศวกรรมการจัดการสิ่งแวดล้อม,สถาบันเทคโนโลยีแห่งเอเชีย,2552
5. วิทยาศาสตรบัณฑิต สาขาวิชาอนามัยสิ่งแวดล้อม (ปรับปรุง 2566) ศูนย์ลำปาง,ผู้ช่วยศาสตราจารย์,ดร.ญาณสินี สุมา,วท.บ.,สาธารณสุขศาสตร์(วิทยาศาสตร์อนามัยสิ่งแวดล้อม),มหาวิทยาลัยมหิดล,2550
5. วิทยาศาสตรบัณฑิต สาขาวิชาอนามัยสิ่งแวดล้อม (ปรับปรุง 2566) ศูนย์ลำปาง,ผู้ช่วยศาสตราจารย์,ดร.ประดับดวง เกียรติศักดิ์ศิริ,ปร.ด.,การจัดการสิ่งแวดล้อม,จุฬาลงกรณ์มหาวิทยาลัย,2560
5. วิทยาศาสตรบัณฑิต สาขาวิชาอนามัยสิ่งแวดล้อม (ปรับปรุง 2566) ศูนย์ลำปาง,ผู้ช่วยศาสตราจารย์,ดร.ประดับดวง เกียรติศักดิ์ศิริ,วท.ม.,การจัดการสิ่งแวดล้อม,จุฬาลงกรณ์มหาวิทยาลัย,2552
5. วิทยาศาสตรบัณฑิต สาขาวิชาอนามัยสิ่งแวดล้อม (ปรับปรุง 2566) ศูนย์ลำปาง,ผู้ช่วยศาสตราจารย์,ดร.ประดับดวง เกียรติศักดิ์ศิริ,วท.บ.,วิทยาศาสตร์สุขภาพ,มหาวิทยาลัยธรรมศาสตร์,2550
5. วิทยาศาสตรบัณฑิต สาขาวิชาอนามัยสิ่งแวดล้อม (ปรับปรุง 2566) ศูนย์ลำปาง,ผู้ช่วยศาสตราจารย์,ดร.เดือนเพ็ญ ศิริเถียร,ปร.ด.(โทควบเอก),เทคโนโลยีสิ่งแวดล้อม(หลักสูตรนานาชาติ),มหาวิทยาลัยมหิดล,2561
5. วิทยาศาสตรบัณฑิต สาขาวิชาอนามัยสิ่งแวดล้อม (ปรับปรุง 2566) ศูนย์ลำปาง,ผู้ช่วยศาสตราจารย์,ดร.เดือนเพ็ญ ศิริเถียร,วท.บ.,สาธารณสุขศาสตร์,มหาวิทยาลัยธรรมศาสตร์,2556
3. วิทยาศาสตรบัณฑิต สาขาวิชาอาชีวอนามัยและความปลอดภัย (ปรับปรุง 2566) ศูนย์ลำปาง,อาจารย์,ดร.ณัฐกรณ์ ชูช่วย,ปร.ด.,อาชีวอนามัยและความปลอดภัย,มหาวิทยาลัยมหิดล,2562
3. วิทยาศาสตรบัณฑิต สาขาวิชาอาชีวอนามัยและความปลอดภัย (ปรับปรุง 2566) ศูนย์ลำปาง,อาจารย์,ดร.ณัฐกรณ์ ชูช่วย,วท.ม.,อาชีวอนามัยและความปลอดภัย,มหาวิทยาลัยมหิดล,2558
3. วิทยาศาสตรบัณฑิต สาขาวิชาอาชีวอนามัยและความปลอดภัย (ปรับปรุง 2566) ศูนย์ลำปาง,อาจารย์,ดร.ณัฐกรณ์ ชูช่วย,วท.บ.,สาธารณสุขศาสตร์,มหาวิทยาลัยธรรมศาสตร์,2555
3. วิทยาศาสตรบัณฑิต สาขาวิชาอาชีวอนามัยและความปลอดภัย (ปรับปรุง 2566) ศูนย์ลำปาง,ผู้ช่วยศาสตราจารย์,ธนิกา ติงสะ,วท.ม.,สุขศาสตร์อุตสาหกรรมและความปลอดภัย,มหาวิทยาลัยมหิดล,2550
3. วิทยาศาสตรบัณฑิต สาขาวิชาอาชีวอนามัยและความปลอดภัย (ปรับปรุง 2566) ศูนย์ลำปาง,ผู้ช่วยศาสตราจารย์,ธนิกา ติงสะ,วท.บ.,วิทยาศาสตร์สุขภาพ,มหาวิทยาลัยธรรมศาสตร์,2547
3. วิทยาศาสตรบัณฑิต สาขาวิชาอาชีวอนามัยและความปลอดภัย (ปรับปรุง 2566) ศูนย์ลำปาง,ผู้ช่วยศาสตราจารย์,ดร.พัชร์สิริ ศรีเวียง,ปร.ด.,อาชีวอนามัยและอนามัยสิ่งแวดล้อม,มหาวิทยาลัยธรรมศาสตร์,2564
3. วิทยาศาสตรบัณฑิต สาขาวิชาอาชีวอนามัยและความปลอดภัย (ปรับปรุง 2566) ศูนย์ลำปาง,ผู้ช่วยศาสตราจารย์,ดร.พัชร์สิริ ศรีเวียง,วท.ม.,สุขศาสตร์อุตสาหกรรมและความปลอดภัย,มหาวิทยาลัยมหิดล,2551
3. วิทยาศาสตรบัณฑิต สาขาวิชาอาชีวอนามัยและความปลอดภัย (ปรับปรุง 2566) ศูนย์ลำปาง,ผู้ช่วยศาสตราจารย์,ดร.พัชร์สิริ ศรีเวียง,วท.บ.,วิทยาศาสตร์สิ่งแวดล้อม,มหาวิทยาลัยธรรมศาสตร์,2548
3. วิทยาศาสตรบัณฑิต สาขาวิชาอาชีวอนามัยและความปลอดภัย (ปรับปรุง 2566) ศูนย์ลำปาง,อาจารย์,ดร.ชัยวัฒน์ เผดิมรอด,วท.ด.,การใช้ที่ดินและการจัดการทรัพยากรธรรมชาติอย่างยั่งยืน,มหาวิทยาลัยเชียงใหม่,2558
3. วิทยาศาสตรบัณฑิต สาขาวิชาอาชีวอนามัยและความปลอดภัย (ปรับปรุง 2566) ศูนย์ลำปาง,อาจารย์,ดร.ชัยวัฒน์ เผดิมรอด,วท.ม.,การจัดการทรัพยากรธรรมชาติและสิ่งแวดล้อม,มหาวิทยาลัยนเรศวร,2548
3. วิทยาศาสตรบัณฑิต สาขาวิชาอาชีวอนามัยและความปลอดภัย (ปรับปรุง 2566) ศูนย์ลำปาง,อาจารย์,ดร.ชัยวัฒน์ เผดิมรอด,วท.บ.,สาธารณสุขศาสตร์ (อาชีวอนามัยและความปลอดภัย),มหาวิทยาลัยมหิดล,2541
3. วิทยาศาสตรบัณฑิต สาขาวิชาอาชีวอนามัยและความปลอดภัย (ปรับปรุง 2566) ศูนย์ลำปาง,อาจารย์,ดร. ทวีสุข พันธุ์เพ็ง,D.Sc.,Industrial Hygiene,"University of Pittsburgh, USA",2524
3. วิทยาศาสตรบัณฑิต สาขาวิชาอาชีวอนามัยและความปลอดภัย (ปรับปรุง 2566) ศูนย์ลำปาง,อาจารย์,ดร. ทวีสุข พันธุ์เพ็ง,M.Sc.,Industrial Hygiene,"University of Pittsburgh, USA",2519
3. วิทยาศาสตรบัณฑิต สาขาวิชาอาชีวอนามัยและความปลอดภัย (ปรับปรุง 2566) ศูนย์ลำปาง,อาจารย์,ดร. ทวีสุข พันธุ์เพ็ง,วท.บ.,อาชีวอนามัย,มหาวิทยาลัยมหิดล,2515
1. วิทยาศาสตรบัณฑิต สาขาวิชาการสร้างเสริมสุขภาพเชิงนวัตกรรม (ปรับปรุง 2568),อาจารย์,ดร. พีระพล รัตนะ,ปร.ด.,ประชากรและการพัฒนา,สถาบันบัณฑิตพัฒนบริหารศาสตร์,2553
1. วิทยาศาสตรบัณฑิต สาขาวิชาการสร้างเสริมสุขภาพเชิงนวัตกรรม (ปรับปรุง 2568),อาจารย์,ดร. พีระพล รัตนะ,วท.ม.,สาธารณสุขศาสตร์,,
1. วิทยาศาสตรบัณฑิต สาขาวิชาการสร้างเสริมสุขภาพเชิงนวัตกรรม (ปรับปรุง 2568),อาจารย์,ดร. พีระพล รัตนะ,ส.บ.,สาธารณสุขศาสตร์,,
1. วิทยาศาสตรบัณฑิต สาขาวิชาการสร้างเสริมสุขภาพเชิงนวัตกรรม (ปรับปรุง 2568),ผู้ช่วยศาสตราจารย์,ดร. วรรณรัตน์ รัตนวรางค์,ปร.ด.,ประชากรศาสตร์,มหาวิทยาลัยมหิดล,2545
1. วิทยาศาสตรบัณฑิต สาขาวิชาการสร้างเสริมสุขภาพเชิงนวัตกรรม (ปรับปรุง 2568),ผู้ช่วยศาสตราจารย์,ดร. วรรณรัตน์ รัตนวรางค์,นศ.ม.,นิเทศศาสตร์พัฒนาการ,จุฬาลงกรณ์มหาวิทยาลัย,2540
1. วิทยาศาสตรบัณฑิต สาขาวิชาการสร้างเสริมสุขภาพเชิงนวัตกรรม (ปรับปรุง 2568),ผู้ช่วยศาสตราจารย์,ดร. วรรณรัตน์ รัตนวรางค์,นศ.บ.,วาทวิทยาและสื่อสารการแสดง,จุฬาลงกรณ์มหาวิทยาลัย,2534
1. วิทยาศาสตรบัณฑิต สาขาวิชาการสร้างเสริมสุขภาพเชิงนวัตกรรม (ปรับปรุง 2568),ผู้ช่วยศาสตราจารย์,ดร. วรรณรัตน์ รัตนวรางค์,ส.บ.,สาธารณสุขศาสตร์,มหาวิทยาลัยสุโขทัยธรรมมาธิราช,2561
1. วิทยาศาสตรบัณฑิต สาขาวิชาการสร้างเสริมสุขภาพเชิงนวัตกรรม (ปรับปรุง 2568),ผู้ช่วยศาสตราจารย์,ดร.พรทิพย์ จอมพุก,Ph.D.,Epidemiology of Infectious Diseases,"University of London (LSHTM), UK",2547
1. วิทยาศาสตรบัณฑิต สาขาวิชาการสร้างเสริมสุขภาพเชิงนวัตกรรม (ปรับปรุง 2568),ผู้ช่วยศาสตราจารย์,ดร.พรทิพย์ จอมพุก,M.Sc.,Epidemiology,"University of London (LSHTM), UK",2541
1. วิทยาศาสตรบัณฑิต สาขาวิชาการสร้างเสริมสุขภาพเชิงนวัตกรรม (ปรับปรุง 2568),ผู้ช่วยศาสตราจารย์,ดร.พรทิพย์ จอมพุก,วท.บ.,อนามัยชุมชน,มหาวิทยาลัยมหิดล,2530
1. วิทยาศาสตรบัณฑิต สาขาวิชาการสร้างเสริมสุขภาพเชิงนวัตกรรม (ปรับปรุง 2568),ผู้ช่วยศาสตราจารย์,พ.ต.ต. หญิง ดร. คัติยา อีวาโนวิช,ส.ด.,โภชนาการสาธารณสุข,มหาวิทยาลัยมหิดล,2557
1. วิทยาศาสตรบัณฑิต สาขาวิชาการสร้างเสริมสุขภาพเชิงนวัตกรรม (ปรับปรุง 2568),ผู้ช่วยศาสตราจารย์,พ.ต.ต. หญิง ดร. คัติยา อีวาโนวิช,วท.ม.,สาธารณสุขศาสตร์,มหาวิทยาลัยมหิดล,2550
1. วิทยาศาสตรบัณฑิต สาขาวิชาการสร้างเสริมสุขภาพเชิงนวัตกรรม (ปรับปรุง 2568),ผู้ช่วยศาสตราจารย์,พ.ต.ต. หญิง ดร. คัติยา อีวาโนวิช,พย.บ.,พยาบาลและการผดุงครรภ์,จุฬาลงกรณ์มหาวิทยาลัย,2539
1. วิทยาศาสตรบัณฑิต สาขาวิชาการสร้างเสริมสุขภาพเชิงนวัตกรรม (ปรับปรุง 2568),ผู้ช่วยศาสตราจารย์,รณภูมิ สามัคคีคารมย์,ศศ.ม.,สังคมศาสตร์การแพทย์และสาธารณสุข,มหาวิทยาลัยมหิดล,2550
1. วิทยาศาสตรบัณฑิต สาขาวิชาการสร้างเสริมสุขภาพเชิงนวัตกรรม (ปรับปรุง 2568),ผู้ช่วยศาสตราจารย์,รณภูมิ สามัคคีคารมย์,วท.บ.,วิทยาศาสตร์สุขภาพ,มหาวิทยาลัยธรรมศาสตร์,2544
15. วท.บ.เทคโนโลยีการเกษตร,อาจารย์,ดร.แพรว เทียงพิมล,ปร.ด.,สัตวศาสตร์,มหาวิทยาลัยเกษตรศาสตร์,2565
15. วท.บ.เทคโนโลยีการเกษตร,อาจารย์,ดร.แพรว เทียงพิมล,วท.ม.,เกษตรศาสตร์,มหาวิทยาลัยเกษตรศาสตร์,2554
15. วท.บ.เทคโนโลยีการเกษตร,อาจารย์,ดร.แพรว เทียงพิมล,วท.บ.,วิทยาศาสตร์เกษตร,มหาวิทยาลัยเกษตรศาสตร์,2551
15. วท.บ.เทคโนโลยีการเกษตร,ผู้ช่วยศาสตราจารย์,ดร.วรภัทร วชิรยากรณ์,ปร.ด.,พืชสวน,มหาวิทยาลัยเกษตรศาสตร์,2560
15. วท.บ.เทคโนโลยีการเกษตร,ผู้ช่วยศาสตราจารย์,ดร.วรภัทร วชิรยากรณ์,วท.ม.,เกษตรศาสตร์,มหาวิทยาลัยเกษตรศาสตร์,2539
15. วท.บ.เทคโนโลยีการเกษตร,ผู้ช่วยศาสตราจารย์,ดร.วรภัทร วชิรยากรณ์,วท.บ.,เกษตรศาสตร์,มหาวิทยาลัยเกษตรศาสตร์,2536
15. วท.บ.เทคโนโลยีการเกษตร,ผู้ช่วยศาสตราจารย์,ดร.พฤกษ์ ชุติมานุกูล,Ph.D.,Bioresources Science,"Mie University, Japan",2559
15. วท.บ.เทคโนโลยีการเกษตร,ผู้ช่วยศาสตราจารย์,ดร.พฤกษ์ ชุติมานุกูล,M.Sc.,Bioresources Science,"Mie University, Japan",2556
15. วท.บ.เทคโนโลยีการเกษตร,ผู้ช่วยศาสตราจารย์,ดร.พฤกษ์ ชุติมานุกูล,วท.บ.,เทคโนโลยีการเกษตร,มหาวิทยาลัยเกษตรศาสตร์,2550
15. วท.บ.เทคโนโลยีการเกษตร,ผู้ช่วยศาสตราจารย์,ดร.ดรุณี ศรีชนะ,Ph.D.,Animal Science,"University of Missouri, USA",2549
15. วท.บ.เทคโนโลยีการเกษตร,ผู้ช่วยศาสตราจารย์,ดร.ดรุณี ศรีชนะ,วท.ม.,เกษตรศาสตร์,มหาวิทยาลัยเกษตรศาสตร์,2536
15. วท.บ.เทคโนโลยีการเกษตร,ผู้ช่วยศาสตราจารย์,ดร.ดรุณี ศรีชนะ,วท.บ.,เกษตรศาสตร์,มหาวิทยาลัยเกษตรศาสตร์,2531
15. วท.บ.เทคโนโลยีการเกษตร,ผู้ช่วยศาสตราจารย์,ดร.นิภารัตน์ ศรีธเรศ,Ph.D.,Animal Science,"Tokyo University of Agriculture, Japan",2545
15. วท.บ.เทคโนโลยีการเกษตร,ผู้ช่วยศาสตราจารย์,ดร.นิภารัตน์ ศรีธเรศ,M.Sc.,Animal Science,"Tokyo University of Agriculture, Japan",2543
15. วท.บ.เทคโนโลยีการเกษตร,ผู้ช่วยศาสตราจารย์,ดร.นิภารัตน์ ศรีธเรศ,วท.บ.,เทคโนโลยีการเกษตร,มหาวิทยาลัยธรรมศาสตร์,2538
15. วท.บ.เทคโนโลยีการเกษตร,อาจารย์,สพ.ญ.ณัฐา จริยภมรกุร,วท.ม.,เภสัชวิทยาทางสัตวแพทย์,จุฬาลงกรณ์มหาวิทยาลัย,2554
15. วท.บ.เทคโนโลยีการเกษตร,อาจารย์,สพ.ญ.ณัฐา จริยภมรกุร,สพ.บ.,สัตวแพทยศาสตร์,มหาวิทยาลัยเกษตรศาสตร์,2550
15. วท.บ.เทคโนโลยีการเกษตร,ผู้ช่วยศาสตราจารย์,ดร.พักตร์เพ็ญ ภูมิพันธ์,ปร.ด.,ปฐพีวิทยา,มหาวิทยาลัยเกษตรศาสตร์,2554
15. วท.บ.เทคโนโลยีการเกษตร,ผู้ช่วยศาสตราจารย์,ดร.พักตร์เพ็ญ ภูมิพันธ์,วท.ม.,เกษตรศาสตร์,มหาวิทยาลัยเกษตรศาสตร์,2546
15. วท.บ.เทคโนโลยีการเกษตร,ผู้ช่วยศาสตราจารย์,ดร.พักตร์เพ็ญ ภูมิพันธ์,วท.บ.,เกษตรศาสตร์,มหาวิทยาลัยเกษตรศาสตร์,2544
15. วท.บ.เทคโนโลยีการเกษตร,ผู้ช่วยศาสตราจารย์,ดร.อรประภา เทพศิลปวิสุทธิ์,Ph.D.,Bioresources Science,"Mie University, Japan",2555
15. วท.บ.เทคโนโลยีการเกษตร,ผู้ช่วยศาสตราจารย์,ดร.อรประภา เทพศิลปวิสุทธิ์,M.Sc.,Bioresources Science,"Mie University, Japan",2552
15. วท.บ.เทคโนโลยีการเกษตร,ผู้ช่วยศาสตราจารย์,ดร.อรประภา เทพศิลปวิสุทธิ์,วท.บ.,เทคโนโลยีการเกษตร,มหาวิทยาลัยธรรมศาสตร์,2548
15. วท.บ.เทคโนโลยีการเกษตร,ผู้ช่วยศาสตราจารย์,ดร.วิลาวรรณ์ เชือบุญ,วท.ด.,โรคพืช,มหาวิทยาลัยเกษตรศาสตร์,2557
15. วท.บ.เทคโนโลยีการเกษตร,ผู้ช่วยศาสตราจารย์,ดร.วิลาวรรณ์ เชือบุญ,วท.ม.,เกษตรศาสตร์,มหาวิทยาลัยเกษตรศาสตร์,2551
15. วท.บ.เทคโนโลยีการเกษตร,ผู้ช่วยศาสตราจารย์,ดร.วิลาวรรณ์ เชือบุญ,วท.บ.,เกษตรศาสตร์,มหาวิทยาลัยเกษตรศาสตร์,2548
12. วท.บ.เทคโนโลยีชีวภาพ,ผู้ช่วยศาสตราจารย์,ดร.ยงศักดิ์ ขจรผดุงกิตติ,Ph.D.,Agricultural Science,"University of Tsukuba, Japan",2546
12. วท.บ.เทคโนโลยีชีวภาพ,ผู้ช่วยศาสตราจารย์,ดร.ยงศักดิ์ ขจรผดุงกิตติ,M.Sc.,Environmental Science,"University of Tsukuba, Japan",2535
12. วท.บ.เทคโนโลยีชีวภาพ,ผู้ช่วยศาสตราจารย์,ดร.ยงศักดิ์ ขจรผดุงกิตติ,B.Sc.,Biology,"University of Tsukuba, Japan",2533
12. วท.บ.เทคโนโลยีชีวภาพ,ผู้ช่วยศาสตราจารย์,ดร.สุเปญญา จิตตพันธ์,ปร.ด.,ชีววิทยา,มหาวิทยาลัยสงขลานครินทร์,2547
12. วท.บ.เทคโนโลยีชีวภาพ,ผู้ช่วยศาสตราจารย์,ดร.สุเปญญา จิตตพันธ์,วท.บ.,ชีววิทยา,มหาวิทยาลัยสงขลานครินทร์,2540
12. วท.บ.เทคโนโลยีชีวภาพ,อาจารย์,ดร.ธีรวัฒนา ภาระมาตย์,วท.ด.,เทคโนโลยีชีวภาพ,จุฬาลงกรณ์มหาวิทยาลัย,2556
12. วท.บ.เทคโนโลยีชีวภาพ,อาจารย์,ดร.ธีรวัฒนา ภาระมาตย์,วท.ม.,เทคโนโลยีชีวภาพ,จุฬาลงกรณ์มหาวิทยาลัย,2540
12. วท.บ.เทคโนโลยีชีวภาพ,อาจารย์,ดร.ธีรวัฒนา ภาระมาตย์,วท.บ.,ชีววิทยา,มหาวิทยาลัยรามคําแหง,2530
12. วท.บ.เทคโนโลยีชีวภาพ,ผู้ช่วยศาสตราจารย์,ดร.บุปผา เพชรรัตน์,ปร.ด.,ชีววิทยา,มหาวิทยาลัยสงขลานครินทร์,2559
12. วท.บ.เทคโนโลยีชีวภาพ,ผู้ช่วยศาสตราจารย์,ดร.บุปผา เพชรรัตน์,วท.ม.,นิเวศวิทยา (นานาชาติ),มหาวิทยาลัยสงขลานครินทร์,2554
12. วท.บ.เทคโนโลยีชีวภาพ,ผู้ช่วยศาสตราจารย์,ดร.บุปผา เพชรรัตน์,วท.บ.,ชีววิทยา,มหาวิทยาลัยสงขลานครินทร์,2549
12. วท.บ.เทคโนโลยีชีวภาพ,ผู้ช่วยศาสตราจารย์,ดร.ศรีสุดา ปัณณานุสรณ์,Ph.D.,Medical Science,"Karolinska Institutet, Sweden",2556
12. วท.บ.เทคโนโลยีชีวภาพ,ผู้ช่วยศาสตราจารย์,ดร.ศรีสุดา ปัณณานุสรณ์,วท.ม.,จุลชีววิทยา,มหาวิทยาลัยมหิดล,2547
12. วท.บ.เทคโนโลยีชีวภาพ,ผู้ช่วยศาสตราจารย์,ดร.ศรีสุดา ปัณณานุสรณ์,วท.บ.,เทคโนโลยีชีวภาพ,มหาวิทยาลัยธรรมศาสตร์,2544
12. วท.บ.เทคโนโลยีชีวภาพ,ผู้ช่วยศาสตราจารย์,ดร.เทพปัญญา เจริญรัตน์,ปร.ด.,เทคโนโลยีชีวภาพ,มหาวิทยาลัยเทคโนโลยีสุรนารีRoyal,2549
12. วท.บ.เทคโนโลยีชีวภาพ,ผู้ช่วยศาสตราจารย์,ดร.เทพปัญญา เจริญรัตน์,LicentiateofEngineering,Biotechnology,"Institute of Technology (KTH),Kingdom of Sweden",2548
12. วท.บ.เทคโนโลยีชีวภาพ,ผู้ช่วยศาสตราจารย์,ดร.เทพปัญญา เจริญรัตน์,วท.ม.,เทคโนโลยีชีวภาพ,มหาวิทยาลัยเกษตรศาสตร์,2545
12. วท.บ.เทคโนโลยีชีวภาพ,ผู้ช่วยศาสตราจารย์,ดร.เทพปัญญา เจริญรัตน์,วท.บ.,เทคโนโลยีชีวภาพ,สถาบันเทคโนโลยีพระจอมเกล้าเจ้าคุณทหารลาดกระบัง,2542
12. วท.บ.เทคโนโลยีชีวภาพ,อาจารย์,ภูภิภัทร ใจแก้ว,วท.ม.,ชีวสารสนเทศและชีววิทยาระบบ,มหาวิทยาลัยเทคโนโลยีพระจอมเกล้าธนบุรี,2554
12. วท.บ.เทคโนโลยีชีวภาพ,อาจารย์,ภูภิภัทร ใจแก้ว,วท.บ.,จุลชีววิทยา,มหาวิทยาลัยเทคโนโลยีพระจอมเกล้าธนบุรี,2552
2. FIN,อาจารย์,ดร.อธิป บุญศิริวิทย์,Ph.D.,Packaging,"Yonsei University, Korea",2565
2. FIN,อาจารย์,ดร.อธิป บุญศิริวิทย์,วท.ม.,เทคโนโลยีทางอาหาร,จุฬาลงกรณ์มหาวิทยาลัย,2554
2. FIN,อาจารย์,ดร.อธิป บุญศิริวิทย์,วท.บ.,เทคโนโลยีทางอาหาร,จุฬาลงกรณ์มหาวิทยาลัย,2552
2. FIN,อาจารย์,ดร.เบญจรัตน์ เทพสงเคราะห์,วท.ด.,พัฒนาผลิตภัณฑ์อุตสาหกรรมเกษตร,มหาวิทยาลัยเกษตรศาสตร์,2562
2. FIN,อาจารย์,ดร.เบญจรัตน์ เทพสงเคราะห์,วท.ม.,พัฒนาผลิตภัณฑ์อุตสาหกรรมเกษตร,มหาวิทยาลัยเกษตรศาสตร์,2557
2. FIN,อาจารย์,ดร.เบญจรัตน์ เทพสงเคราะห์,วท.บ.,วิทยาศาสตร์และเทคโนโลยีการอาหาร,มหาวิทยาลัยธรรมศาสตร์,2553
2. FIN,ผู้ช่วยศาสตราจารย์,ดร. สุพัตรา สุภาวงค์,วท.ด.,เทคโนโลยีอาหาร,มหาวิทยาลัยขอนแก่น,2561
2. FIN,ผู้ช่วยศาสตราจารย์,ดร. สุพัตรา สุภาวงค์,วท.บ.,เทคโนโลยีอาหาร,มหาวิทยาลัยขอนแก่น,2555
2. FIN,อาจารย์,ดร.ภัทิรา สาขะมุติ,วท.ด.,วิทยาศาสตร์และเทคโนโลยีการอาหาร,มหาวิทยาลัยธรรมศาสตร์,2560
2. FIN,อาจารย์,ดร.ภัทิรา สาขะมุติ,วท.ม.,วิทยาศาสตร์และเทคโนโลยีการอาหาร,มหาวิทยาลัยธรรมศาสตร์,2556
2. FIN,อาจารย์,ดร.ภัทิรา สาขะมุติ,วท.บ.,วิทยาศาสตร์และเทคโนโลยีการอาหาร,มหาวิทยาลัยธรรมศาสตร์,2553
2. FIN,ผู้ช่วยศาสตราจารย์,ดร. จิรดา สิงขรรัตน์,Ph.D.,Organic synthesis chemistry,"Cardiff University, UK",2547
2. FIN,ผู้ช่วยศาสตราจารย์,ดร. จิรดา สิงขรรัตน์,MSc,Advanced Chemical Technology,"UMIST, UK",2543
2. FIN,ผู้ช่วยศาสตราจารย์,ดร. จิรดา สิงขรรัตน์,วท.บ.,เคมี,มหาวิทยาลัยมหิดล,2540
18. วท.บ.คณิตศาสตร์,ผู้ช่วยศาสตราจารย์,ดร.วรวรรณ ดีอัซ การ์บาโย,Ph.D.,Informatics,"University of Edinburgh, UK",2549
18. วท.บ.คณิตศาสตร์,ผู้ช่วยศาสตราจารย์,ดร.วรวรรณ ดีอัซ การ์บาโย,M.Sc.,Computer Science,"University of Edinburgh, UK",2542
18. วท.บ.คณิตศาสตร์,ผู้ช่วยศาสตราจารย์,ดร.วรวรรณ ดีอัซ การ์บาโย,วท.บ.,ศาสตร์คอมพิวเตอร์,มหาวิทยาลัยธรรมศาสตร์,2539
18. วท.บ.คณิตศาสตร์,ผู้ช่วยศาสตราจารย์,ดร.กฤตคม ศรีจิรานนท์,ปร.ด.,วิศวกรรมคอมพิวเตอร์,มหาวิทยาลัยเชียงใหม่,2564
18. วท.บ.คณิตศาสตร์,ผู้ช่วยศาสตราจารย์,ดร.กฤตคม ศรีจิรานนท์,วศ.ม.,วิศวกรรมคอมพิวเตอร์,มหาวิทยาลัยเชียงใหม่,2558
18. วท.บ.คณิตศาสตร์,ผู้ช่วยศาสตราจารย์,ดร.กฤตคม ศรีจิรานนท์,วศ.บ.,วิศวกรรมคอมพิวเตอร์ (เกียรตินิยมอันดับหนึ่ง),มหาวิทยาลัยเชียงใหม่,2557
18. วท.บ.คณิตศาสตร์,อาจารย์,ปกรณ์ แววสว่างวงศ์,M.Sc.,Software Engineering with Distinction,"University of York, UK",2544
18. วท.บ.คณิตศาสตร์,อาจารย์,ปกรณ์ แววสว่างวงศ์,วศ.บ.,วิศวกรรมคอมพิวเตอร์,มหาวิทยาลัยเกษตรศาสตร์,2542
18. วท.บ.คณิตศาสตร์,อาจารย์,ดร.วินัย ทองปาน,ปร.ด.,ฟิสิกส์ประยุกต์,มหาวิทยาลัยเชียงใหม่,2563
18. วท.บ.คณิตศาสตร์,อาจารย์,ดร.วินัย ทองปาน,วท.ม.,ฟิสิกส์ประยุกต์,มหาวิทยาลัยเชียงใหม่,2559
18. วท.บ.คณิตศาสตร์,อาจารย์,ดร.วินัย ทองปาน,วท.บ.,ฟิสิกส์ (เกียรตินิยมอันดับสอง),มหาวิทยาลัยเชียงใหม่,2556
18. วท.บ.คณิตศาสตร์,อาจารย์,ดร.ศศิพร ทองแม้น,วท.ด.,วิทยาการคอมพิวเตอร์,จุฬาลงกรณ์มหาวิทยาลัย,2560
18. วท.บ.คณิตศาสตร์,อาจารย์,ดร.ศศิพร ทองแม้น,วท.บ.,ชีวเคมี (เกียรตินิยมอันดับสอง),จุฬาลงกรณ์มหาวิทยาลัย,2549
3. วท.บ.วิทยาศาสตร์เทคโนโลยีการอาหาร,ผู้ช่วยศาสตราจารย์,ดร.สิรินดา กุสุมภ์,Ph.D.,Food Science and Technology,"University of Alberta, Canada",2549
3. วท.บ.วิทยาศาสตร์เทคโนโลยีการอาหาร,ผู้ช่วยศาสตราจารย์,ดร.สิรินดา กุสุมภ์,วท.ม.,เทคโนโลยีทางอาหาร,จุฬาลงกรณ์มหาวิทยาลัย,2538
3. วท.บ.วิทยาศาสตร์เทคโนโลยีการอาหาร,ผู้ช่วยศาสตราจารย์,ดร.สิรินดา กุสุมภ์,วท.บ.,เทคโนโลยีทางอาหาร,จุฬาลงกรณ์มหาวิทยาลัย,2535
3. วท.บ.วิทยาศาสตร์เทคโนโลยีการอาหาร,ผู้ช่วยศาสตราจารย์,ดร.บุศราภา ลีละวัฒน์,Ph.D.,Agricultural Engineering,"Texas A & M University, U.S.A.",2543
3. วท.บ.วิทยาศาสตร์เทคโนโลยีการอาหาร,ผู้ช่วยศาสตราจารย์,ดร.บุศราภา ลีละวัฒน์,วท.ม.,เทคโนโลยีทางอาหาร,จุฬาลงกรณ์มหาวิทยาลัย,2536
3. วท.บ.วิทยาศาสตร์เทคโนโลยีการอาหาร,ผู้ช่วยศาสตราจารย์,ดร.บุศราภา ลีละวัฒน์,วท.บ.,เทคโนโลยีทางอาหาร,จุฬาลงกรณ์มหาวิทยาลัย,2533
3. วท.บ.วิทยาศาสตร์เทคโนโลยีการอาหาร,ผู้ช่วยศาสตราจารย์,ดร.ภูมินาถ ชื่นชมรัตน์,ปร.ด.,เทคโนโลยีชีวภาพ,มหาวิทยาลัยมหิดล,2551
3. วท.บ.วิทยาศาสตร์เทคโนโลยีการอาหาร,ผู้ช่วยศาสตราจารย์,ดร.ภูมินาถ ชื่นชมรัตน์,วท.ม.,เทคโนโลยีชีวภาพ,มหาวิทยาลัยมหิดล,2542
3. วท.บ.วิทยาศาสตร์เทคโนโลยีการอาหาร,ผู้ช่วยศาสตราจารย์,ดร.ภูมินาถ ชื่นชมรัตน์,วท.บ.,เคมี,มหาวิทยาลัยขอนแก่น,2538
3. วท.บ.วิทยาศาสตร์เทคโนโลยีการอาหาร,อาจารย์,ดร.วิไลลักษณ์ ชัยสิทธิ์,Ph.D.,Food Science,"University of Massachusetts, U.S.A.",2550
3. วท.บ.วิทยาศาสตร์เทคโนโลยีการอาหาร,อาจารย์,ดร.วิไลลักษณ์ ชัยสิทธิ์,M.S.,Food Science,"University of Massachusetts, U.S.A.",2544
3. วท.บ.วิทยาศาสตร์เทคโนโลยีการอาหาร,อาจารย์,ดร.วิไลลักษณ์ ชัยสิทธิ์,วท.ม.,เทคโนโลยีทางอาหาร,จุฬาลงกรณ์มหาวิทยาลัย,2538
3. วท.บ.วิทยาศาสตร์เทคโนโลยีการอาหาร,อาจารย์,ดร.วิไลลักษณ์ ชัยสิทธิ์,วท.บ.,เทคโนโลยีทางอาหาร,จุฬาลงกรณ์มหาวิทยาลัย,2535
3. วท.บ.วิทยาศาสตร์เทคโนโลยีการอาหาร,ผู้ช่วยศาสตราจารย์,ดร.รชา เทพษร,Dr.sc.agr.,Food Safety and Animal Hygiene,"University of Hohenheim, Federal Republic of Germany",2552
3. วท.บ.วิทยาศาสตร์เทคโนโลยีการอาหาร,ผู้ช่วยศาสตราจารย์,ดร.รชา เทพษร,วท.ม.,วิทยาศาสตร์การอาหาร,มหาวิทยาลัยเกษตรศาสตร์,2546
3. วท.บ.วิทยาศาสตร์เทคโนโลยีการอาหาร,ผู้ช่วยศาสตราจารย์,ดร.รชา เทพษร,วท.บ.,วิทยาศาสตร์และเทคโนโลยีการอาหาร,มหาวิทยาลัยเกษตรศาสตร์,2543
6. วท.บ.ฟิสิกส์,ผู้ช่วยศาสตราจารย์,ดร.เบญจมาภรณ์ ตั้งนรวิชญ์,Ph.D.,Physiology (Electrophysiology),"University of Queensland, Australia",2545
6. วท.บ.ฟิสิกส์,ผู้ช่วยศาสตราจารย์,ดร.เบญจมาภรณ์ ตั้งนรวิชญ์,P/gDip,Physiology(Biophysics),"University of Queensland,Australia",2541
6. วท.บ.ฟิสิกส์,ผู้ช่วยศาสตราจารย์,ดร.เบญจมาภรณ์ ตั้งนรวิชญ์,วท.บ.,ฟิสิกส์,มหาวิทยาลัยศิลปากร,2538
6. วท.บ.ฟิสิกส์,ผู้ช่วยศาสตราจารย์,ดร.ยิ่งยศ อินฟ้าแสง,Ph.D.,Chemical Physics,"Lund University, Sweden",2556
6. วท.บ.ฟิสิกส์,ผู้ช่วยศาสตราจารย์,ดร.ยิ่งยศ อินฟ้าแสง,วท.ม.,ฟิสิกส์,มหาวิทยาลัยมหิดล,2548
6. วท.บ.ฟิสิกส์,ผู้ช่วยศาสตราจารย์,ดร.ยิ่งยศ อินฟ้าแสง,วท.บ.,ฟิสิกส์อิเล็กทรอนิกส์,มหาวิทยาลัยธรรมศาสตร์,2544
6. วท.บ.ฟิสิกส์,ผู้ช่วยศาสตราจารย์,ดร.ทศพร อังสาชน,Ph.D.,Physics and Mathematics,"Saint-Petersburg State University, Russia",2556
6. วท.บ.ฟิสิกส์,ผู้ช่วยศาสตราจารย์,ดร.ทศพร อังสาชน,M.Physics,Physics andMathematics,"Saint-Petersburg StateUniversity, Russia",2552
6. วท.บ.ฟิสิกส์,ผู้ช่วยศาสตราจารย์,ดร.ทศพร อังสาชน,วท.บ.,ฟิสิกส์,จุฬาลงกรณ์มหาวิทยาลัย,2546
6. วท.บ.ฟิสิกส์,ผู้ช่วยศาสตราจารย์,ดร.รุจิภาส บวรทวีปัญญา,ปร.ด.,ฟิสิกส์,มหาวิทยาลัยมหิดล,2560
6. วท.บ.ฟิสิกส์,ผู้ช่วยศาสตราจารย์,ดร.รุจิภาส บวรทวีปัญญา,วท.บ.,ฟิสิกส์,มหาวิทยาลัยมหิดล,2553
6. วท.บ.ฟิสิกส์,ผู้ช่วยศาสตราจารย์,ดร.วสันต์ ไมอักรี,ปร.ด.,ฟิสิกส์,มหาวิทยาลัยขอนแก่น,2558
6. วท.บ.ฟิสิกส์,ผู้ช่วยศาสตราจารย์,ดร.วสันต์ ไมอักรี,วท.ม.,ฟิสิกส์,มหาวิทยาลัยขอนแก่น,2554
6. วท.บ.ฟิสิกส์,ผู้ช่วยศาสตราจารย์,ดร.วสันต์ ไมอักรี,วท.ม.,ฟิสิกส์,มหาวิทยาลัยขอนแก่น,2551
10. วท.บ.เทคโนโลยีเพื่อการพัฒนายั่งยืน,ผู้ช่วยศาสตราจารย์,ดร.ธนาพล ตันติสัตยกุล,D.Eng.,Energy Science and Engineering,"Toyama University, Japan",2548
10. วท.บ.เทคโนโลยีเพื่อการพัฒนายั่งยืน,ผู้ช่วยศาสตราจารย์,ดร.ธนาพล ตันติสัตยกุล,M.Eng,Electrical and Computer Science,"Toyama University, Japan",2545
10. วท.บ.เทคโนโลยีเพื่อการพัฒนายั่งยืน,ผู้ช่วยศาสตราจารย์,ดร.ธนาพล ตันติสัตยกุล,วศ.บ.,วิศวกรรมไฟฟ้า,จุฬาลงกรณ์มหาวิทยาลัย,2542
10. วท.บ.เทคโนโลยีเพื่อการพัฒนายั่งยืน,ผู้ช่วยศาสตราจารย์,ณัฐพล จันทร์แก้ว,ร.บ.,รัฐศาสตร์การปกครอง,มหาวิทยาลัยรามคําแหง,2562
10. วท.บ.เทคโนโลยีเพื่อการพัฒนายั่งยืน,ผู้ช่วยศาสตราจารย์,ณัฐพล จันทร์แก้ว,วท.ม.,เทคโนโลยีเพื่อการพัฒนาชนบท,มหาวิทยาลัยธรรมศาสตร์,2549
10. วท.บ.เทคโนโลยีเพื่อการพัฒนายั่งยืน,ผู้ช่วยศาสตราจารย์,ณัฐพล จันทร์แก้ว,วท.บ.,พัฒนาการเกษตร,สถาบันเทคโนโลยีพระจอมเกล้าฯคุณทหารลาดกระบัง,2545
10. วท.บ.เทคโนโลยีเพื่อการพัฒนายั่งยืน,อาจารย์,ดร.อมรเทพ จิรศักดิ์จํารูญศรี,ปร.ด.,วิศวกรรมศาสตร์,มหาวิทยาลัยธรรมศาสตร์,2560
10. วท.บ.เทคโนโลยีเพื่อการพัฒนายั่งยืน,อาจารย์,ดร.อมรเทพ จิรศักดิ์จํารูญศรี,วศ.ม.,วิศวกรรมโยธา,มหาวิทยาลัยธรรมศาสตร์,2555
10. วท.บ.เทคโนโลยีเพื่อการพัฒนายั่งยืน,อาจารย์,ดร.อมรเทพ จิรศักดิ์จํารูญศรี,วศ.บ.,วิศวกรรมโยธา,มหาวิทยาลัยธรรมศาสตร์,2553
10. วท.บ.เทคโนโลยีเพื่อการพัฒนายั่งยืน,ผู้ช่วยศาสตราจารย์,ดร.เยาวทัศน์ บุญกล้า,Ph.D.,Environmental Science,"Kanazawa University, Japan",2561
10. วท.บ.เทคโนโลยีเพื่อการพัฒนายั่งยืน,ผู้ช่วยศาสตราจารย์,ดร.เยาวทัศน์ บุญกล้า,วท.ม.,วิทยาศาสตร์สิ่งแวดล้อม,มหาวิทยาลัยเชียงใหม่,2555
10. วท.บ.เทคโนโลยีเพื่อการพัฒนายั่งยืน,ผู้ช่วยศาสตราจารย์,ดร.เยาวทัศน์ บุญกล้า,วท.บ.,สิ่งแวดล้อม,สถาบันเทคโนโลยีพระจอมเกล้าฯคุณทหารลาดกระบัง,2552
10. วท.บ.เทคโนโลยีเพื่อการพัฒนายั่งยืน,อาจารย์,ณัฐพล ใจสํารวม,ปร.ด.,วิศวกรรมศาสตร์,มหาวิทยาลัยธรรมศาสตร์,2563
10. วท.บ.เทคโนโลยีเพื่อการพัฒนายั่งยืน,อาจารย์,ณัฐพล ใจสํารวม,น.บ.,นิติศาสตร์,มหาวิทยาลัยสุโขทัยธรรมาธิราช,2562
10. วท.บ.เทคโนโลยีเพื่อการพัฒนายั่งยืน,อาจารย์,ณัฐพล ใจสํารวม,วท.บ.,เทคโนโลยีอุตสาหกรรม,มหาวิทยาลัยสุโขทัยธรรมาธิราช,2559
10. วท.บ.เทคโนโลยีเพื่อการพัฒนายั่งยืน,อาจารย์,ณัฐพล ใจสํารวม,ป.บัณฑิต,ภาษาอังกฤษเพื่ออาชีพ,มหาวิทยาลัยธรรมศาสตร์,2555
10. วท.บ.เทคโนโลยีเพื่อการพัฒนายั่งยืน,อาจารย์,ณัฐพล ใจสํารวม,คอ.ม.,วิศวกรรมไฟฟ้า,มหาวิทยาลัยเทคโนโลยีพระจอมเกล้าพระนครเหนือ,2555
10. วท.บ.เทคโนโลยีเพื่อการพัฒนายั่งยืน,อาจารย์,ณัฐพล ใจสํารวม,ศศ.ม.,เศรษฐศาสตร์สหกรณ์,มหาวิทยาลัยเกษตรศาสตร์,2552
10. วท.บ.เทคโนโลยีเพื่อการพัฒนายั่งยืน,อาจารย์,ณัฐพล ใจสํารวม,วศ.บ.,วิศวกรรมไฟฟ้า,มหาวิทยาลัยเทคโนโลยีมหานคร,2544
4. วท.บ.วิทยาการคอมพิวเตอร์,ผู้ช่วยศาสตราจารย์,ดร.วนิดา พฤทธิวิทยา,Ph.D.,Computer Science,"Iowa State University, USA.",2549
4. วท.บ.วิทยาการคอมพิวเตอร์,ผู้ช่วยศาสตราจารย์,ดร.วนิดา พฤทธิวิทยา,M.S.,Computer Science,"University of Southern California, USA.",2543
4. วท.บ.วิทยาการคอมพิวเตอร์,ผู้ช่วยศาสตราจารย์,ดร.วนิดา พฤทธิวิทยา,วท.บ.,ศาสตร์คอมพิวเตอร์ (เกียรตินิยมอันดับหนึ่งเหรียญทอง),มหาวิทยาลัยธรรมศาสตร์,2539
4. วท.บ.วิทยาการคอมพิวเตอร์,อาจารย์,นุชชากร งามเสาวรส,พบ.ม.,สถิติประยุกต์,สถาบันบัณฑิตพัฒนบริหารศาสตร์,2534
4. วท.บ.วิทยาการคอมพิวเตอร์,อาจารย์,นุชชากร งามเสาวรส,วท.บ.,คณิตศาสตร์(เกียรตินิยมอันดับสอง),มหาวิทยาลัยสงขลานครินทร์,2530
4. วท.บ.วิทยาการคอมพิวเตอร์,อาจารย์,สิริกันยา นิลพานิช,M.Sc.,Computer Science,"Syracuse University, USA.",2538
4. วท.บ.วิทยาการคอมพิวเตอร์,อาจารย์,สิริกันยา นิลพานิช,วท.บ.,ศาสตร์คอมพิวเตอร์(เกียรตินิยมอันดับสอง),มหาวิทยาลัยธรรมศาสตร์,2533
4. วท.บ.วิทยาการคอมพิวเตอร์,ผู้ช่วยศาสตราจารย์,ดร.วิลาวรรณ รักผกาวงศ์,Ph.D.,Computer Science,"Loughborough University, UK",2557
4. วท.บ.วิทยาการคอมพิวเตอร์,ผู้ช่วยศาสตราจารย์,ดร.วิลาวรรณ รักผกาวงศ์,M.Sc.,Computer Technology,Asian Institute of Technology,2534
4. วท.บ.วิทยาการคอมพิวเตอร์,ผู้ช่วยศาสตราจารย์,ดร.วิลาวรรณ รักผกาวงศ์,วท.บ.,ศาสตร์คอมพิวเตอร์,มหาวิทยาลัยธรรมศาสตร์,2533
4. วท.บ.วิทยาการคอมพิวเตอร์,ผู้ช่วยศาสตราจารย์,ดร.ปกป้อง ส่องเมือง,Ph.D.,Information Sciences,"The University of Electro-Communications, Japan",2553
4. วท.บ.วิทยาการคอมพิวเตอร์,ผู้ช่วยศาสตราจารย์,ดร.ปกป้อง ส่องเมือง,M.Eng.,Information Sciences,"Nagaoka University of Technologies,Japan",2549
4. วท.บ.วิทยาการคอมพิวเตอร์,ผู้ช่วยศาสตราจารย์,ดร.ปกป้อง ส่องเมือง,วศ.บ.,วิศวกรรมไฟฟ้า,มหาวิทยาลัยธรรมศาสตร์,2546
4. วท.บ.วิทยาการคอมพิวเตอร์,ผู้ช่วยศาสตราจารย์,ดร.ธนาธร ทะนานทอง,ปร.ด.,วิทยาการคอมพิวเตอร์,มหาวิทยาลัยธรรมศาสตร์,2557
4. วท.บ.วิทยาการคอมพิวเตอร์,ผู้ช่วยศาสตราจารย์,ดร.ธนาธร ทะนานทอง,วศ.ม.,วิทยาการคอมพิวเตอร์,มหาวิทยาลัยธรรมศาสตร์,2551
4. วท.บ.วิทยาการคอมพิวเตอร์,ผู้ช่วยศาสตราจารย์,ดร.ธนาธร ทะนานทอง,วศ.บ.,วิทยาการคอมพิวเตอร์,มหาวิทยาลัยเทคโนโลยีสุรนารี,2548
13. วท.บ.ประกันภัย,ผู้ช่วยศาสตราจารย์,ดร.กมล บุษบา,Ph.D.,Statistics,"North Carolina State University, USA.",2544
13. วท.บ.ประกันภัย,ผู้ช่วยศาสตราจารย์,ดร.กมล บุษบา,M.A.,Acturial Science,"Ball State University, USA.",2538
13. วท.บ.ประกันภัย,ผู้ช่วยศาสตราจารย์,ดร.กมล บุษบา,สต.ม,สถิติ,จุฬาลงกรณ์มหาวิทยาลัย,2530
13. วท.บ.ประกันภัย,ผู้ช่วยศาสตราจารย์,ดร.กมล บุษบา,วท.บ.,สถิติ,มหาวิทยาลัยศิลปากร,2526
13. วท.บ.ประกันภัย,ผู้ช่วยศาสตราจารย์,ดร.รัตนา เลิศสุวรรณศรี,Ph.D.,Applied Statistics,"University of Reading, United Kingdom,",2555
13. วท.บ.ประกันภัย,ผู้ช่วยศาสตราจารย์,ดร.รัตนา เลิศสุวรรณศรี,พบ.ม.,สถิติประยุกต์,สถาบันบัณฑิตพัฒนบริหารศาสตร์,2541
13. วท.บ.ประกันภัย,ผู้ช่วยศาสตราจารย์,ดร.รัตนา เลิศสุวรรณศรี,วท.บ.,สถิติ,มหาวิทยาลัยธรรมศาสตร์,2536
13. วท.บ.ประกันภัย,ผู้ช่วยศาสตราจารย์,ดร.บุญฤทธิ์ ชูประดิษฐ์,Ph.D.,Statistics,"สถาบันบัณฑิตพัฒนบริหารศาสตร์,",2555
13. วท.บ.ประกันภัย,ผู้ช่วยศาสตราจารย์,ดร.บุญฤทธิ์ ชูประดิษฐ์,วท.ม.,สถิติประยุกต์,มหาวิทยาลัยขอนแก่น,2548
13. วท.บ.ประกันภัย,ผู้ช่วยศาสตราจารย์,ดร.บุญฤทธิ์ ชูประดิษฐ์,วท.บ.,สถิติประยุกต์,สถาบันราชภัฏสวนดุสิต,2545
13. วท.บ.ประกันภัย,ผู้ช่วยศาสตราจารย์,ดร.ชัยณรงค์ เกษามูล,Ph.D.,Maththematics,"Autonomous University of Barcelona,Spain,",2558
13. วท.บ.ประกันภัย,ผู้ช่วยศาสตราจารย์,ดร.ชัยณรงค์ เกษามูล,M.Sc.,Maththematical Engineering,"University of L'Aquila, Italy",2553
13. วท.บ.ประกันภัย,ผู้ช่วยศาสตราจารย์,ดร.ชัยณรงค์ เกษามูล,วท.บ.,คณิตศาสตร์,มหาวิทยาลัยเชียงใหม่,2550
13. วท.บ.ประกันภัย,ผู้ช่วยศาสตราจารย์,ดร.แสงดาว วงค์สาย,Ph.D.,Applied Statistics,"Macquarie University, NSW,Australia",2553
13. วท.บ.ประกันภัย,ผู้ช่วยศาสตราจารย์,ดร.แสงดาว วงค์สาย,วศ.ม.,วิศวกรรมเคมี,มหาวิทยาลัยเทคโนโลยีพระจอมเกล้าธนบุรี,2546
13. วท.บ.ประกันภัย,ผู้ช่วยศาสตราจารย์,ดร.แสงดาว วงค์สาย,วศ.บ.,วิศวกรรมเคมี,มหาวิทยาลัยเทคโนโลยีพระจอมเกล้าธนบุรี,2544
20. วท.บ.คอมพิวเตอร์เครือข่ายและความปลอดภัยทางไซเบอร์,ผู้ช่วยศาสตราจารย์,ดร.ประภาพร รัตนธำรง,Ph.D.,Electrical and Computer Engineering,"University of Florida, Gainesville FL, USA.",2554
20. วท.บ.คอมพิวเตอร์เครือข่ายและความปลอดภัยทางไซเบอร์,ผู้ช่วยศาสตราจารย์,ดร.ประภาพร รัตนธำรง,M.S.,Computer Sciences,"University of Southern California, Los Angeles CA, USA.",2547
20. วท.บ.คอมพิวเตอร์เครือข่ายและความปลอดภัยทางไซเบอร์,ผู้ช่วยศาสตราจารย์,ดร.ประภาพร รัตนธำรง,B.Eng.,Computer Engineering,มหาวิทยาลัยเกษตรศาสตร์,2544
20. วท.บ.คอมพิวเตอร์เครือข่ายและความปลอดภัยทางไซเบอร์,อาจารย์,ดร.ศาตนาฏ กิจศิรานุวัตร,วท.ด.,ชีวสารสนเทศศาสตร์และชีววิทยาทางคอมพิวเตอร์,จุฬาลงกรณ์มหาวิทยาลัย,2564
20. วท.บ.คอมพิวเตอร์เครือข่ายและความปลอดภัยทางไซเบอร์,อาจารย์,ดร.ศาตนาฏ กิจศิรานุวัตร,วท.ม.,คณิตศาสตร์ประยุกต์และวิทยาการคณนา,จุฬาลงกรณ์มหาวิทยาลัย,2561
20. วท.บ.คอมพิวเตอร์เครือข่ายและความปลอดภัยทางไซเบอร์,อาจารย์,ดร.ศาตนาฏ กิจศิรานุวัตร,วท.บ.,คณิตศาสตร์,มหาวิทยาลัยเกษตรศาสตร์,2558
20. วท.บ.คอมพิวเตอร์เครือข่ายและความปลอดภัยทางไซเบอร์,ผู้ช่วยศาสตราจารย์,ดร.ลัมพาพรรณ พันธ์ชูจิตร์,ปร.ด,วิทยาการคอมพิวเตอร์,มหาวิทยาลัยธรรมศาสตร์,2562
20. วท.บ.คอมพิวเตอร์เครือข่ายและความปลอดภัยทางไซเบอร์,ผู้ช่วยศาสตราจารย์,ดร.ลัมพาพรรณ พันธ์ชูจิตร์,วท.ม.,เทคโนโลยีสารสนเทศ,มหาวิทยาลัยเทคโนโลยีพระจอมเกล้าพระนครเหนือ,2556
20. วท.บ.คอมพิวเตอร์เครือข่ายและความปลอดภัยทางไซเบอร์,ผู้ช่วยศาสตราจารย์,ดร.ลัมพาพรรณ พันธ์ชูจิตร์,วท.บ.,วิทยาการคอมพิวเตอร์,วิทยาลัยนานาชาติมหาวิทยาลัยมหิดล,2552
20. วท.บ.คอมพิวเตอร์เครือข่ายและความปลอดภัยทางไซเบอร์,อาจารย์,ดร.นวฤกษ์ ชลารักษ์,Ph.D.,Knowledge Science,"Japan Advanced Institute of Science and Technology, Japan.",2564
20. วท.บ.คอมพิวเตอร์เครือข่ายและความปลอดภัยทางไซเบอร์,อาจารย์,ดร.นวฤกษ์ ชลารักษ์,M.Sc.,Knowledge Science,"Japan Advanced Institute of Science and Technology, Japan.",2561
20. วท.บ.คอมพิวเตอร์เครือข่ายและความปลอดภัยทางไซเบอร์,อาจารย์,ดร.นวฤกษ์ ชลารักษ์,M.Eng.,Information Management,"Asian Institute of Technology, Thailand.",2552
20. วท.บ.คอมพิวเตอร์เครือข่ายและความปลอดภัยทางไซเบอร์,อาจารย์,ดร.นวฤกษ์ ชลารักษ์,B.Eng,"Computer Engineering (First-class honors, Gold medal)","Suranaree University of Technology, Thailand.",2549
20. วท.บ.คอมพิวเตอร์เครือข่ายและความปลอดภัยทางไซเบอร์,ผู้ช่วยศาสตราจารย์,ดร.อรจิรา สิทธิศักดิ์,Ph.D.,Computer Sciences,"University of Southampton, UK",2552
20. วท.บ.คอมพิวเตอร์เครือข่ายและความปลอดภัยทางไซเบอร์,ผู้ช่วยศาสตราจารย์,ดร.อรจิรา สิทธิศักดิ์,วท.ม.,การจัดการระบบสารสนเทศ,สถาบันบัณฑิตพัฒนบริหารศาสตร์,2545
20. วท.บ.คอมพิวเตอร์เครือข่ายและความปลอดภัยทางไซเบอร์,ผู้ช่วยศาสตราจารย์,ดร.อรจิรา สิทธิศักดิ์,วท.บ.,วิทยาการคอมพิวเตอร์ (เกียรตินิยมอันดับหนึ่ง),มหาวิทยาลัยสงขลานครินทร์,2542
1. BEB,ผู้ช่วยศาสตราจารย์,ดร.ชนาธิป สามารถ,วศ.ด.,วิศวกรรมเคมี,มหาวิทยาลัยเกษตรศาสตร์,2549
1. BEB,ผู้ช่วยศาสตราจารย์,ดร.ชนาธิป สามารถ,วศ.ม.,วิศวกรรมเคมี,มหาวิทยาลัยเกษตรศาสตร์,2546
1. BEB,ผู้ช่วยศาสตราจารย์,ดร.ชนาธิป สามารถ,วท.บ.,เคมีอุตสาหกรรม,สถาบันเทคโนโลยีพระจอมเกล้าเจ้าคุณ ทหารลาดกระบัง,2543
1. BEB,ผู้ช่วยศาสตราจารย์,ดร.สอาด ริยะจันทร,Ph.D.,Polymer Sciecne and Techology,มหาวิทยาลัยมหิดล,2549
1. BEB,ผู้ช่วยศาสตราจารย์,ดร.สอาด ริยะจันทร,วท.ม.,วิทยาศาสตร์และเทคโนโลยี พอลิเมอร์,มหาวิทยาลัยมหิดล,2544
1. BEB,ผู้ช่วยศาสตราจารย์,ดร.สอาด ริยะจันทร,วท.บ.,เคมีอุตสาหกรรม,มหาวิทยาลัยเทคโนโลยีพระจอมเกล้า พระนครเหนือ,2542
1. BEB,ผู้ช่วยศาสตราจารย์,ดร.สุวดี ก้องพารากุล,วท.ด.,เคมีเทคนิค,จุฬาลงกรณ์มหาวิทยาลัย,2551
1. BEB,ผู้ช่วยศาสตราจารย์,ดร.สุวดี ก้องพารากุล,วท.บ.,เคมีเทคนิค(เคมีวิศวกรรม),จุฬาลงกรณ์มหาวิทยาลัย,2546
1. BEB,ผู้ช่วยศาสตราจารย์,ดร.นันทวัฒน์ วรรณฤทธิ์,ปร.ด.,เคมี,มหาวิทยาลัยขอนแก่น,2556
1. BEB,ผู้ช่วยศาสตราจารย์,ดร.นันทวัฒน์ วรรณฤทธิ์,วท.ม.,เคมีอนินทรีย์,มหาวิทยาลัยขอนแก่น,2551
1. BEB,ผู้ช่วยศาสตราจารย์,ดร.นันทวัฒน์ วรรณฤทธิ์,วท.บ.,เคมี,มหาวิทยาลัยขอนแก่น,2547
1. BEB,อาจารย์,ดร.นที ศิริสิทธิ์,Ph.D.,Quantum science and engineering,"Hokkaido University, Japan",2561
1. BEB,อาจารย์,ดร.นที ศิริสิทธิ์,วท.ม.,เคมีเชิงฟิสิกส์,มหาวิทยาลัยมหิดล,2553
1. BEB,อาจารย์,ดร.นที ศิริสิทธิ์,วท.บ.,เคมี,มหาวิทยาลัยมหิดล,2549
5.วท.บ.ฟิสิกส์อิเล็กทรอนิกส์,ผู้ช่วยศาสตราจารย์,ดร.เรวัตร ใจสุทธิ,ปร.ด.,ฟิสิกส์,มหาวิทยาลัยมหิดล,2555
5.วท.บ.ฟิสิกส์อิเล็กทรอนิกส์,ผู้ช่วยศาสตราจารย์,ดร.เรวัตร ใจสุทธิ,วท.ม.,ฟิสิกส์,มหาวิทยาลัยมหิดล,2550
5.วท.บ.ฟิสิกส์อิเล็กทรอนิกส์,ผู้ช่วยศาสตราจารย์,ดร.เรวัตร ใจสุทธิ,วท.บ.,ฟิสิกส์อิเล็กทรอนิกส์,มหาวิทยาลัยธรรมศาสตร์,2547
5.วท.บ.ฟิสิกส์อิเล็กทรอนิกส์,ผู้ช่วยศาสตราจารย์,ดร.อดิศักดิ์ ร่มพุฒตาล,วศ.ด.,วิศวกรรมไฟฟ้า,สถาบันเทคโนโลยีพระจอมเกล้าเจ้าคุณทหารลาดกระบัง,2560
5.วท.บ.ฟิสิกส์อิเล็กทรอนิกส์,ผู้ช่วยศาสตราจารย์,ดร.อดิศักดิ์ ร่มพุฒตาล,วศ.ม.,วิศวกรรมอิเล็กทรอนิกส์,สถาบันเทคโนโลยีพระจอมเกล้าเจ้าคุณทหารลาดกระบัง,2547
5.วท.บ.ฟิสิกส์อิเล็กทรอนิกส์,ผู้ช่วยศาสตราจารย์,ดร.อดิศักดิ์ ร่มพุฒตาล,วศ.บ.,วิศวกรรมอิเล็กทรอนิกส์,สถาบันเทคโนโลยีพระจอมเกล้าเจ้าคุณทหารลาดกระบัง,2545
5.วท.บ.ฟิสิกส์อิเล็กทรอนิกส์,ผู้ช่วยศาสตราจารย์,ดร.ปกรณ์ ปรีชาบูรณะ,Ph.D.,Physics,"Linkoping University, Sweden",2555
5.วท.บ.ฟิสิกส์อิเล็กทรอนิกส์,ผู้ช่วยศาสตราจารย์,ดร.ปกรณ์ ปรีชาบูรณะ,วท.ม.,ฟิสิกส์,จุฬาลงกรณ์มหาวิทยาลัย,2548
5.วท.บ.ฟิสิกส์อิเล็กทรอนิกส์,ผู้ช่วยศาสตราจารย์,ดร.ปกรณ์ ปรีชาบูรณะ,วท.บ.,ฟิสิกส์อิเล็กทรอนิกส์,มหาวิทยาลัยธรรมศาสตร์,2543
5.วท.บ.ฟิสิกส์อิเล็กทรอนิกส์,ผู้ช่วยศาสตราจารย์,ดร.ปรเมศวร์ วงศ์จอม,ปร.ด.,ฟิสิกส์,มหาวิทยาลัยขอนแก่น,2561
5.วท.บ.ฟิสิกส์อิเล็กทรอนิกส์,ผู้ช่วยศาสตราจารย์,ดร.ปรเมศวร์ วงศ์จอม,วท.ม.,ฉายาเวชศาสตร์,จุฬาลงกรณ์มหาวิทยาลัย,2553
5.วท.บ.ฟิสิกส์อิเล็กทรอนิกส์,ผู้ช่วยศาสตราจารย์,ดร.ปรเมศวร์ วงศ์จอม,วท.บ.,ฟิสิกส์,มหาวิทยาลัยขอนแก่น,2551
5.วท.บ.ฟิสิกส์อิเล็กทรอนิกส์,ผู้ช่วยศาสตราจารย์,ดร.เอกรัฐ พงษ์โอภาส,ปร.ด.,ฟิสิกส์,มหาวิทยาลัยมหิดล,2559
5.วท.บ.ฟิสิกส์อิเล็กทรอนิกส์,ผู้ช่วยศาสตราจารย์,ดร.เอกรัฐ พงษ์โอภาส,วท.ม.,ฟิสิกส์,มหาวิทยาลัยมหิดล,2554
5.วท.บ.ฟิสิกส์อิเล็กทรอนิกส์,ผู้ช่วยศาสตราจารย์,ดร.เอกรัฐ พงษ์โอภาส,วท.บ.,ฟิสิกส์,มหาวิทยาลัยมหิดล,2551
14. วท.บ.สถิติ,ผู้ช่วยศาสตราจารย์,นิฉา แก้วหาวงษ์,วท.ม.,สถิติประยุกต์,มหาวิทยาลัยธรรมศาสตร์,2535
14. วท.บ.สถิติ,ผู้ช่วยศาสตราจารย์,นิฉา แก้วหาวงษ์,กศ.บ.,วิทยาศาสตร์คณิตศาสตร์,มหาวิทยาลัยศรีนครินทรวิโรฒ,2531
14. วท.บ.สถิติ,ผู้ช่วยศาสตราจารย์,สุรเมศวร์ ฮาชิม,M.A.,Statistics,"Western Michigan University, USA",2546
14. วท.บ.สถิติ,ผู้ช่วยศาสตราจารย์,สุรเมศวร์ ฮาชิม,M.A.,Economics,"Western Michigan University, USA",2543
14. วท.บ.สถิติ,ผู้ช่วยศาสตราจารย์,สุรเมศวร์ ฮาชิม,วท.บ.,ฟิสิกส์,มหาวิทยาลัยสงขลานครินทร์,2539
14. วท.บ.สถิติ,ผู้ช่วยศาสตราจารย์,รวมพร สิทธิมงคล,วท.ม.,ชีวสถิติ,มหาวิทยาลัยมหิดล,2543
14. วท.บ.สถิติ,ผู้ช่วยศาสตราจารย์,รวมพร สิทธิมงคล,วท.บ.,สถิติ,มหาวิทยาลัยธรรมศาสตร์,2538
14. วท.บ.สถิติ,ผู้ช่วยศาสตราจารย์,เบญจมาศ ตุลยนิติกุล,M.S.,Statistics,"University of Tasmania, Australia",2543
14. วท.บ.สถิติ,ผู้ช่วยศาสตราจารย์,เบญจมาศ ตุลยนิติกุล,วท.ม.,สถิติประยุกต์,มหาวิทยาลัยธรรมศาสตร์,2539
14. วท.บ.สถิติ,ผู้ช่วยศาสตราจารย์,เบญจมาศ ตุลยนิติกุล,วท.บ.,สถิติ,มหาวิทยาลัยศรีนครินทรวิโรฒ,2535
14. วท.บ.สถิติ,ผู้ช่วยศาสตราจารย์,ดร.ปารวัณ ไพจิตรรัตนะ,ปร.ด.,สถิติ,มหาวิทยาลัยธรรมศาสตร์,2562
14. วท.บ.สถิติ,ผู้ช่วยศาสตราจารย์,ดร.ปารวัณ ไพจิตรรัตนะ,วท.ม.,สถิติประยุกต์,มหาวิทยาลัยธรรมศาสตร์,2558
14. วท.บ.สถิติ,ผู้ช่วยศาสตราจารย์,ดร.ปารวัณ ไพจิตรรัตนะ,วท.บ.,คณิตศาสตร์,มหาวิทยาลัยมหิดล,2556
14. วท.บ.สถิติ,ผู้ช่วยศาสตราจารย์,ดร.จุมพฏ อินตระกูล,วท.ด.,คณิตศาสตร์,จุฬาลงกรณ์มหาวิทยาลัย,2560
14. วท.บ.สถิติ,ผู้ช่วยศาสตราจารย์,ดร.จุมพฏ อินตระกูล,วท.ม.,คณิตศาสตร์,จุฬาลงกรณ์มหาวิทยาลัย,2554
14. วท.บ.สถิติ,ผู้ช่วยศาสตราจารย์,ดร.จุมพฏ อินตระกูล,วท.บ.,คณิตศาสตร์,จุฬาลงกรณ์มหาวิทยาลัย,2552
17. วท.บ. คณิตศาสตร์การจัดการ,ผู้ช่วยศาสตราจารย์,ดร.ปรัชญา บุญประเสริฐ,Ph.D.,Technology,สถาบันเทคโนโลยีนานาชาติสิรินธร,2559
17. วท.บ. คณิตศาสตร์การจัดการ,ผู้ช่วยศาสตราจารย์,ดร.ปรัชญา บุญประเสริฐ,M.Eng.,Operations Research and Industrial Engineering,"Cornell University, USA",2541
17. วท.บ. คณิตศาสตร์การจัดการ,ผู้ช่วยศาสตราจารย์,ดร.ปรัชญา บุญประเสริฐ,M.A.,Mathematics,"University of Toledo, USA",2540
17. วท.บ. คณิตศาสตร์การจัดการ,ผู้ช่วยศาสตราจารย์,ดร.ปรัชญา บุญประเสริฐ,วท.บ.,คณิตศาสตร์,มหาวิทยาลัยธรรมศาสตร์,2535
17. วท.บ. คณิตศาสตร์การจัดการ,ผู้ช่วยศาสตราจารย์,ดร.สุพัชระ คงนวน,ปร.ด.,คณิตศาสตร์,มหาวิทยาลัยมหิดล,2549
17. วท.บ. คณิตศาสตร์การจัดการ,ผู้ช่วยศาสตราจารย์,ดร.สุพัชระ คงนวน,วท.ม.,คณิตศาสตร์ประยุกต์,สถาบันเทคโนโลยีพระจอมเกล้าเจ้าคุณทหารลาดกระบัง,2544
17. วท.บ. คณิตศาสตร์การจัดการ,ผู้ช่วยศาสตราจารย์,ดร.สุพัชระ คงนวน,วท.บ.,คณิตศาสตร์ประยุกต์,มหาวิทยาลัยธรรมศาสตร์,2540
17. วท.บ. คณิตศาสตร์การจัดการ,ผู้ช่วยศาสตราจารย์,ดร.นันทพัทธ์ ตระกูลไตรพฤกษ์,Ph.D.,Mathematics,"London School of Economics andPolitical Science, United Kingdom",2556
17. วท.บ. คณิตศาสตร์การจัดการ,ผู้ช่วยศาสตราจารย์,ดร.นันทพัทธ์ ตระกูลไตรพฤกษ์,M.Sc.,Mathematics,"Vanderbilt University, USA",2551
17. วท.บ. คณิตศาสตร์การจัดการ,ผู้ช่วยศาสตราจารย์,ดร.นันทพัทธ์ ตระกูลไตรพฤกษ์,วท.บ.,คณิตศาสตร์,มหาวิทยาลัยขอนแก่น,2547
17. วท.บ. คณิตศาสตร์การจัดการ,ผู้ช่วยศาสตราจารย์,ดร.เอื้ออารี บุญเพิ่ม,วท.ด.,คณิตศาสตร์ประยุกต์และวิทยาการคณนา,จุฬาลงกรณ์มหาวิทยาลัย,2556
17. วท.บ. คณิตศาสตร์การจัดการ,ผู้ช่วยศาสตราจารย์,ดร.เอื้ออารี บุญเพิ่ม,วท.ม.,วิทยาการคณนา,จุฬาลงกรณ์มหาวิทยาลัย,2550
17. วท.บ. คณิตศาสตร์การจัดการ,ผู้ช่วยศาสตราจารย์,ดร.เอื้ออารี บุญเพิ่ม,วท.บ.,คณิตศาสตร์,มหาวิทยาลัยขอนแก่น,2547
17. วท.บ. คณิตศาสตร์การจัดการ,ผู้ช่วยศาสตราจารย์,กานต์ณัฐ ณ บางช้าง,M.Sc.,Actuarial Science,"University of Leicester, United Kingdom",2556
17. วท.บ. คณิตศาสตร์การจัดการ,ผู้ช่วยศาสตราจารย์,กานต์ณัฐ ณ บางช้าง,วท.ม.,สถิติประยุกต์และเทคโนโลยีสารสนเทศ,สถาบันบัณฑิตพัฒนบริหารศาสตร์,2550
17. วท.บ. คณิตศาสตร์การจัดการ,ผู้ช่วยศาสตราจารย์,กานต์ณัฐ ณ บางช้าง,วท.บ.,คณิตศาสตร์,มหาวิทยาลัยธรรมศาสตร์,2547
19. วท.บ.เทคโนโลยีและนวัตกรรมดิจิทัล,ผู้ช่วยศาสตราจารย์,ดร.วรวรรณ ดีอัซ การ์บาโย,Ph.D.,Informatics,"University of Edinburgh, UK",2549
19. วท.บ.เทคโนโลยีและนวัตกรรมดิจิทัล,ผู้ช่วยศาสตราจารย์,ดร.วรวรรณ ดีอัซ การ์บาโย,M.Sc.,Computer Science,"University of Edinburgh, UK",2542
19. วท.บ.เทคโนโลยีและนวัตกรรมดิจิทัล,ผู้ช่วยศาสตราจารย์,ดร.วรวรรณ ดีอัซ การ์บาโย,วท.บ.,ศาสตร์คอมพิวเตอร์,มหาวิทยาลัยธรรมศาสตร์,2539
19. วท.บ.เทคโนโลยีและนวัตกรรมดิจิทัล,ผู้ช่วยศาสตราจารย์,ดร.กฤตคม ศรีจิรานนท์,ปร.ด.,วิศวกรรมคอมพิวเตอร์,มหาวิทยาลัยเชียงใหม่,2564
19. วท.บ.เทคโนโลยีและนวัตกรรมดิจิทัล,ผู้ช่วยศาสตราจารย์,ดร.กฤตคม ศรีจิรานนท์,วศ.ม.,วิศวกรรมคอมพิวเตอร์,มหาวิทยาลัยเชียงใหม่,2558
19. วท.บ.เทคโนโลยีและนวัตกรรมดิจิทัล,ผู้ช่วยศาสตราจารย์,ดร.กฤตคม ศรีจิรานนท์,วศ.บ.,วิศวกรรมคอมพิวเตอร์ (เกียรตินิยมอันดับหนึ่ง),มหาวิทยาลัยเชียงใหม่,2557
19. วท.บ.เทคโนโลยีและนวัตกรรมดิจิทัล,อาจารย์,ปกรณ์ แววสว่างวงศ์,M.Sc.,Software Engineering with Distinction,"University of York, UK",2544
19. วท.บ.เทคโนโลยีและนวัตกรรมดิจิทัล,อาจารย์,ปกรณ์ แววสว่างวงศ์,วศ.บ.,วิศวกรรมคอมพิวเตอร์,มหาวิทยาลัยเกษตรศาสตร์,2542
19. วท.บ.เทคโนโลยีและนวัตกรรมดิจิทัล,อาจารย์,ดร.วินัย ทองปาน,ปร.ด.,ฟิสิกส์ประยุกต์,มหาวิทยาลัยเชียงใหม่,2563
19. วท.บ.เทคโนโลยีและนวัตกรรมดิจิทัล,อาจารย์,ดร.วินัย ทองปาน,วท.ม.,ฟิสิกส์ประยุกต์,มหาวิทยาลัยเชียงใหม่,2559
19. วท.บ.เทคโนโลยีและนวัตกรรมดิจิทัล,อาจารย์,ดร.วินัย ทองปาน,วท.บ.,ฟิสิกส์ (เกียรตินิยมอันดับสอง),มหาวิทยาลัยเชียงใหม่,2556
19. วท.บ.เทคโนโลยีและนวัตกรรมดิจิทัล,อาจารย์,ดร.ศศิพร ทองแม้น,วท.ด.,วิทยาการคอมพิวเตอร์,จุฬาลงกรณ์มหาวิทยาลัย,2560
19. วท.บ.เทคโนโลยีและนวัตกรรมดิจิทัล,อาจารย์,ดร.ศศิพร ทองแม้น,วท.บ.,ชีวเคมี (เกียรตินิยมอันดับสอง),จุฬาลงกรณ์มหาวิทยาลัย,2549
9. วท.บ.เคมี,ผู้ช่วยศาสตราจารย์,ดร.พีระ อัจฉราเสถียร,Ph.D.,Organic Chemistry,"University of Alabama, USA",2547
9. วท.บ.เคมี,ผู้ช่วยศาสตราจารย์,ดร.พีระ อัจฉราเสถียร,M.Sc.,Organic Chemistry,"University of Alabama, USA",2543
9. วท.บ.เคมี,ผู้ช่วยศาสตราจารย์,ดร.พีระ อัจฉราเสถียร,วท.บ.,เคมี,มหาวิทยาลัยมหิดล,2539
9. วท.บ.เคมี,ผู้ช่วยศาสตราจารย์,ดร.สุภกร บุญยืน,Ph.D.,Chemistry,"University of Bristol, UK",2548
9. วท.บ.เคมี,ผู้ช่วยศาสตราจารย์,ดร.สุภกร บุญยืน,วท.ม.,เคมีวิเคราะห์ประยุกต์และเคมีอนินทรีย์,มหาวิทยาลัยมหิดล,2543
9. วท.บ.เคมี,ผู้ช่วยศาสตราจารย์,ดร.สุภกร บุญยืน,วท.บ.,เคมี,มหาวิทยาลัยมหิดล,2541
9. วท.บ.เคมี,อาจารย์,ดร.ภาวิต พุฒประเสริฐ,Ph.D.,Chemistry,"Washington University, USA",2551
9. วท.บ.เคมี,อาจารย์,ดร.ภาวิต พุฒประเสริฐ,B.Sc.,Chemistry,"Wesleyan University, USA",2545
9. วท.บ.เคมี,อาจารย์,ดร.พนิชากรณ์ ใจยงค์,Ph.D.,Pharmacy andPharmaceuticalSciences,"University of Manchester, UK",2559
9. วท.บ.เคมี,อาจารย์,ดร.พนิชากรณ์ ใจยงค์,วท.ม.,เคมีเชิงฟิสิกส์,มหาวิทยาลัยมหิดล,2547
9. วท.บ.เคมี,อาจารย์,ดร.พนิชากรณ์ ใจยงค์,วท.บ.,เคมี,มหาวิทยาลัยเชียงใหม่,2544
9. วท.บ.เคมี,ผู้ช่วยศาสตราจารย์,ดร.พรรณิภา เทพามาตย์,ปร.ด.,เทคโนโลยีพลังงาน,มหาวิทยาลัยเทคโนโลยีพระจอมเกล้าธนบุรี,2560
9. วท.บ.เคมี,ผู้ช่วยศาสตราจารย์,ดร.พรรณิภา เทพามาตย์,วท.ม.,เคมีเชิงฟิสิกส์,มหาวิทยาลัยขอนแก่น,2551
9. วท.บ.เคมี,ผู้ช่วยศาสตราจารย์,ดร.พรรณิภา เทพามาตย์,วท.บ.,เคมี,มหาวิทยาลัยขอนแก่น,2548
8. วท.บ.วิทยาศาสตร์สิ่งแวดล้อม,ผู้ช่วยศาสตราจารย์,ดร.มารุต สุขสมจิตร,Ph.D.,Coastal Oceanography,"Ehime University, Japan",2552
8. วท.บ.วิทยาศาสตร์สิ่งแวดล้อม,ผู้ช่วยศาสตราจารย์,ดร.มารุต สุขสมจิตร,M.Sc.,Agriculture,"Kagawa University, Japan",2549
8. วท.บ.วิทยาศาสตร์สิ่งแวดล้อม,ผู้ช่วยศาสตราจารย์,ดร.มารุต สุขสมจิตร,วทม.,เพาะเลี้ยงสัตว์น้ำ,มหาวิทยาลัยเกษตรศาสตร์,2539
8. วท.บ.วิทยาศาสตร์สิ่งแวดล้อม,ผู้ช่วยศาสตราจารย์,ดร.มารุต สุขสมจิตร,วทบ.,ประมง,มหาวิทยาลัยเกษตรศาสตร์,2534
8. วท.บ.วิทยาศาสตร์สิ่งแวดล้อม,ผู้ช่วยศาสตราจารย์,ดร.วิลาวัณย์ ภมรสุวรรณ,ผ.ด.,การวางแผนภาคและเมือง,จุฬาลงกรณ์มหาวิทยาลัย,2549
8. วท.บ.วิทยาศาสตร์สิ่งแวดล้อม,ผู้ช่วยศาสตราจารย์,ดร.วิลาวัณย์ ภมรสุวรรณ,ผ.ม.,การวางแผนภาคและเมือง,จุฬาลงกรณ์มหาวิทยาลัย,2537
8. วท.บ.วิทยาศาสตร์สิ่งแวดล้อม,ผู้ช่วยศาสตราจารย์,ดร.วิลาวัณย์ ภมรสุวรรณ,วทบ.,วิทยาศาสตร์สิ่งแวดล้อม,มหาวิทยาลัยธรรมศาสตร์,2534
8. วท.บ.วิทยาศาสตร์สิ่งแวดล้อม,ผู้ช่วยศาสตราจารย์,โรจน์ คุณเอนก,วทม.,วิทยาศาสตร์สภาวะแวดล้อม,จุฬาลงกรณ์มหาวิทยาลัย,2541
8. วท.บ.วิทยาศาสตร์สิ่งแวดล้อม,ผู้ช่วยศาสตราจารย์,โรจน์ คุณเอนก,วทบ.,วิทยาศาสตร์สิ่งแวดล้อม,มหาวิทยาลัยธรรมศาสตร์,2537
8. วท.บ.วิทยาศาสตร์สิ่งแวดล้อม,อาจารย์,ดร.ปิยานนทน์ หาพุทธา,Ph.D.,Environmental Technology,มหาวิทยาลัยเทคโนโลยีพระจอมเกล้าธนบุรี,2560
8. วท.บ.วิทยาศาสตร์สิ่งแวดล้อม,อาจารย์,ดร.ปิยานนทน์ หาพุทธา,M.Sc.,Environmental and Natural Resource Economics,จุฬาลงกรณ์มหาวิทยาลัย,2552
8. วท.บ.วิทยาศาสตร์สิ่งแวดล้อม,อาจารย์,ดร.ปิยานนทน์ หาพุทธา,ศ.บ.,เศรษฐศาสตร์ (เกียรตินิยมอันดับ 2),มหาวิทยาลัยขอนแก่น,2550
8. วท.บ.วิทยาศาสตร์สิ่งแวดล้อม,อาจารย์,ดร.ธนาภา นุ่มพิไล,ปร.ด.,วิศวกรรมเคมี,มหาวิทยาลัยเกษตรศาสตร์,2562
8. วท.บ.วิทยาศาสตร์สิ่งแวดล้อม,อาจารย์,ดร.ธนาภา นุ่มพิไล,วศ.ม.,วิศวกรรมเคมี,มหาวิทยาลัยเกษตรศาสตร์,2558
8. วท.บ.วิทยาศาสตร์สิ่งแวดล้อม,อาจารย์,ดร.ธนาภา นุ่มพิไล,วศ.บ.,วิศวกรรมเคมี,มหาวิทยาลัยเกษตรศาสตร์,2555
11. วท.บ.วิทยาศาสตร์และเทคโนโลยีสิ่งทอ,อาจารย์,เสรณี ศรีสุข,วท.ม.,วิทยาศาสตร์พอลิเมอร์ประยุกต์และเทคโนโลยีสิ่งทอ,จุฬาลงกรณ์มหาวิทยาลัย,2551
11. วท.บ.วิทยาศาสตร์และเทคโนโลยีสิ่งทอ,อาจารย์,เสรณี ศรีสุข,อส.บ.,เทคโนโลยีเคมีสิ่งทอ,มหาวิทยาลัยเทคโนโลยีราชมงคลพระนคร,2547
11. วท.บ.วิทยาศาสตร์และเทคโนโลยีสิ่งทอ,ผู้ช่วยศาสตราจารย์,ดร.พิศุทธิ์สรัล ชิติโชติปัญญา,Ph.D.,Information Technology,"Drexel University, U.S.A.",2554
11. วท.บ.วิทยาศาสตร์และเทคโนโลยีสิ่งทอ,ผู้ช่วยศาสตราจารย์,ดร.พิศุทธิ์สรัล ชิติโชติปัญญา,M.Sc.,Printing Technology,"Rochester Institute of Technology,U.S.A.",2543
11. วท.บ.วิทยาศาสตร์และเทคโนโลยีสิ่งทอ,ผู้ช่วยศาสตราจารย์,ดร.พิศุทธิ์สรัล ชิติโชติปัญญา,วท.บ.,วัสดุศาสตร์,จุฬาลงกรณ์มหาวิทยาลัย,2539
11. วท.บ.วิทยาศาสตร์และเทคโนโลยีสิ่งทอ,ผู้ช่วยศาสตราจารย์,ดร.ณัฐยา วุฒิกานนท์,Ph.D.,Fiber and Polymer Science,"North Carolina State University,U.S.A.",2549
11. วท.บ.วิทยาศาสตร์และเทคโนโลยีสิ่งทอ,ผู้ช่วยศาสตราจารย์,ดร.ณัฐยา วุฒิกานนท์,M.Sc.,Polymer Science,วิทยาลัยปิโตรเลียมและปิโตรเคมี,2544
11. วท.บ.วิทยาศาสตร์และเทคโนโลยีสิ่งทอ,ผู้ช่วยศาสตราจารย์,ดร.ณัฐยา วุฒิกานนท์,วท.บ.,วัสดุศาสตร์,จุฬาลงกรณ์มหาวิทยาลัย,2542
11. วท.บ.วิทยาศาสตร์และเทคโนโลยีสิ่งทอ,อาจารย์,ดร.เบญจมาศ คล้ายเครือญาติ,ปร.ด.,วัสดุศาสตร์,จุฬาลงกรณ์มหาวิทยาลัย,2553
11. วท.บ.วิทยาศาสตร์และเทคโนโลยีสิ่งทอ,อาจารย์,ดร.เบญจมาศ คล้ายเครือญาติ,วท.ม.,วิทยาศาสตร์พอลิเมอร์ประยุกต์และเทคโนโลยีสิ่งทอ,จุฬาลงกรณ์มหาวิทยาลัย,2546
11. วท.บ.วิทยาศาสตร์และเทคโนโลยีสิ่งทอ,อาจารย์,ดร.เบญจมาศ คล้ายเครือญาติ,วท.บ.,วัสดุศาสตร์,จุฬาลงกรณ์มหาวิทยาลัย,2544
11. วท.บ.วิทยาศาสตร์และเทคโนโลยีสิ่งทอ,ผู้ช่วยศาสตราจารย์,ดร.ฐิติรัตน์ อินทร์ประสิทธิ์,วท.ด.,วิทยาศาสตร์พอลิเมอร์,จุฬาลงกรณ์มหาวิทยาลัย,2557
11. วท.บ.วิทยาศาสตร์และเทคโนโลยีสิ่งทอ,ผู้ช่วยศาสตราจารย์,ดร.ฐิติรัตน์ อินทร์ประสิทธิ์,วท.ม.,วิทยาศาสตร์พอลิเมอร์,จุฬาลงกรณ์มหาวิทยาลัย,2549
11. วท.บ.วิทยาศาสตร์และเทคโนโลยีสิ่งทอ,ผู้ช่วยศาสตราจารย์,ดร.ฐิติรัตน์ อินทร์ประสิทธิ์,วท.บ.,เคมี,มหาวิทยาลัยเชียงใหม่,2547
16. วท.บ.คณิตศาสตร์ประยุกต์,ผู้ช่วยศาสตราจารย์,ดร.อดุลย์ แป้นสุวรรณ,ปร.ด.,คณิตศาสตร์,มหาวิทยาลัยมหิดล,2548
16. วท.บ.คณิตศาสตร์ประยุกต์,ผู้ช่วยศาสตราจารย์,ดร.อดุลย์ แป้นสุวรรณ,วท.ม.,คณิตศาสตร์ประยุกต์,มหาวิทยาลยัมหิดล,2542
16. วท.บ.คณิตศาสตร์ประยุกต์,ผู้ช่วยศาสตราจารย์,ดร.อดุลย์ แป้นสุวรรณ,วท.บ.,คณิตศาสตร์ประยุกต์,สถาบันเทคโนโลยีพระจอมเกลาพระนครเหนือ,2538
16. วท.บ.คณิตศาสตร์ประยุกต์,ผู้ช่วยศาสตราจารย์,ดร.วันหยก อติเศรษฐพงศ์,ปร.ด.,คณิตศาสตร์,มหาวิทยาลัยมหิดล,2552
16. วท.บ.คณิตศาสตร์ประยุกต์,ผู้ช่วยศาสตราจารย์,ดร.วันหยก อติเศรษฐพงศ์,วท.ม.,วิทยาการคณนา,จุฬาลงกรณ์มหาวิทยาลัย,2548
16. วท.บ.คณิตศาสตร์ประยุกต์,ผู้ช่วยศาสตราจารย์,ดร.วันหยก อติเศรษฐพงศ์,วท.บ.,คณิตศาสตร์ประยุกต์,มหาวิทยาลัยธรรมศาสตร์,2544
16. วท.บ.คณิตศาสตร์ประยุกต์,ผู้ช่วยศาสตราจารย์,ดร.วรรณวรัตม์ อันล้ำเลิศ,ปร.ด.,คณิตศาสตร์,มหาวิทยาลัยมหิดล,2558
16. วท.บ.คณิตศาสตร์ประยุกต์,ผู้ช่วยศาสตราจารย์,ดร.วรรณวรัตม์ อันล้ำเลิศ,วท.ม.,คณิตศาสตร์ประยุกต์,มหาวิทยาลยัมหิดล,2553
16. วท.บ.คณิตศาสตร์ประยุกต์,ผู้ช่วยศาสตราจารย์,ดร.วรรณวรัตม์ อันล้ำเลิศ,วท.บ.,คณิตศาสตร์,มหาวิทยาลัยศิลปากร,2551
16. วท.บ.คณิตศาสตร์ประยุกต์,ผู้ช่วยศาสตราจารย์,ดร.นวลักษณ์ ทองจับ,วท.ด.,คณิตศาสตร์ประยุกต์และวิทยาการคณนา,จุฬาลงกรณ์มหาวิทยาลัย,2557
16. วท.บ.คณิตศาสตร์ประยุกต์,ผู้ช่วยศาสตราจารย์,ดร.นวลักษณ์ ทองจับ,วท.ม.,วิทยาการคณนา,จุฬาลงกรณ์มหาวิทยาลัย,2546
16. วท.บ.คณิตศาสตร์ประยุกต์,ผู้ช่วยศาสตราจารย์,ดร.นวลักษณ์ ทองจับ,วท.บ.,คณิตศาสตร์,มหาวิทยาลัยธรรมศาสตร์,2543
16. วท.บ.คณิตศาสตร์ประยุกต์,ผู้ช่วยศาสตราจารย์,ดร.วรเวทย์ ลีลาอภิรดี,วท.ด.,คณิตศาสตร์ประยุกต์และวิทยาการคณนา,จุฬาลงกรณ์มหาวิทยาลัย,2559
16. วท.บ.คณิตศาสตร์ประยุกต์,ผู้ช่วยศาสตราจารย์,ดร.วรเวทย์ ลีลาอภิรดี,วท.ม.,คณิตศาสตร์,จุฬาลงกรณ์มหาวิทยาลัย,2556
16. วท.บ.คณิตศาสตร์ประยุกต์,ผู้ช่วยศาสตราจารย์,ดร.วรเวทย์ ลีลาอภิรดี,วท.บ.,คณิตศาสตร์,จุฬาลงกรณ์มหาวิทยาลัย,2553
7. วท.บ.วัสดุศาสตร์,ผู้ช่วยศาสตราจารย์,ดร.จิรภา ตั้งศรีตระกูล,Ph.D.,Materials,"University of Manchester, UK",2562
7. วท.บ.วัสดุศาสตร์,ผู้ช่วยศาสตราจารย์,ดร.จิรภา ตั้งศรีตระกูล,วท.ม.,วัสดุศาสตร์,มหาวิทยาลัยเชียงใหม่,2551
7. วท.บ.วัสดุศาสตร์,ผู้ช่วยศาสตราจารย์,ดร.จิรภา ตั้งศรีตระกูล,วท.บ.,ฟิสิกส์,มหาวิทยาลัยธรรมศาสตร์,2549
7. วท.บ.วัสดุศาสตร์,ผู้ช่วยศาสตราจารย์,ดร.เบญญา เชิดหิรัญกร,Ph.D.,Materials Science,"University of Manchester, UK",2547
7. วท.บ.วัสดุศาสตร์,ผู้ช่วยศาสตราจารย์,ดร.เบญญา เชิดหิรัญกร,M.Sc.,Materials Science & Eng.,"University of Manchester, UK",2544
7. วท.บ.วัสดุศาสตร์,ผู้ช่วยศาสตราจารย์,ดร.เบญญา เชิดหิรัญกร,วท.บ.,วัสดุศาสตร์,จุฬาลงกรณ์มหาวิทยาลัย,2538
7. วท.บ.วัสดุศาสตร์,ผู้ช่วยศาสตราจารย์,ดร.สมยศ คงคารัตน์,Ph.D.,Materials Science & Engineering,"University of New South Wales,Australia",2554
7. วท.บ.วัสดุศาสตร์,ผู้ช่วยศาสตราจารย์,ดร.สมยศ คงคารัตน์,วท.บ.,ฟิสิกส์,มหาวิทยาลัยอุบลราชธานี,2543
7. วท.บ.วัสดุศาสตร์,ผู้ช่วยศาสตราจารย์,ดร.นันทพร คงคะจันทร์,Ph.D.,Materials Science,"University of Southern California, U.S.A.",2548
7. วท.บ.วัสดุศาสตร์,ผู้ช่วยศาสตราจารย์,ดร.นันทพร คงคะจันทร์,วท.ม.,วัสดุศาสตร์,จุฬาลงกรณ์มหาวิทยาลัย,2541
7. วท.บ.วัสดุศาสตร์,ผู้ช่วยศาสตราจารย์,ดร.นันทพร คงคะจันทร์,วท.บ.,วัสดุศาสตร์,จุฬาลงกรณ์มหาวิทยาลัย,2539
7. วท.บ.วัสดุศาสตร์,ผู้ช่วยศาสตราจารย์,ดร.ชิราวุฒิ เพชรเย็น,ปร.ด.,วัสดุศาสตร์,จุฬาลงกรณ์มหาวิทยาลัย,2552
7. วท.บ.วัสดุศาสตร์,ผู้ช่วยศาสตราจารย์,ดร.ชิราวุฒิ เพชรเย็น,วท.ม.,วิทยาศาสตร์พอลิเมอร์ประยุกต์และเทคโนโลยีสิ่งทอ,จุฬาลงกรณ์มหาวิทยาลัย,2548
7. วท.บ.วัสดุศาสตร์,ผู้ช่วยศาสตราจารย์,ดร.ชิราวุฒิ เพชรเย็น,วท.บ.,เทคโนโลยีวัสดุ,มหาวิทยาลัยรามคําแหง,2544
ศศ.บ. (ปรัชญา การเมือง และเศรษฐศาสตร์) ท่าพระจันทร์,อาจารย์ ดร.,ปาณิศา วิชุพงษ์,Ph.D,International Development,Nagoya University,2559
ศศ.บ. (ปรัชญา การเมือง และเศรษฐศาสตร์) ท่าพระจันทร์,อาจารย์ ดร.,ปาณิศา วิชุพงษ์,ศ.ม.,เศรษฐศาสตร์,มหาวิทยาลัยธรรมศาสตร์,2550
ศศ.บ. (ปรัชญา การเมือง และเศรษฐศาสตร์) ท่าพระจันทร์,อาจารย์ ดร.,ปาณิศา วิชุพงษ์,ศ.บ.,เศรษฐศาสตร์,มหาวิทยาลัยธรรมศาสตร์,2545
ศศ.บ. (ปรัชญา การเมือง และเศรษฐศาสตร์) ท่าพระจันทร์,อาจารย์ ดร.,อรณิชา เมี่ยงบัว,Ph.D.,"Energy Policy, Planning andEconomics",Asian Institute of Technology,2563
ศศ.บ. (ปรัชญา การเมือง และเศรษฐศาสตร์) ท่าพระจันทร์,อาจารย์ ดร.,อรณิชา เมี่ยงบัว,ศ.ม.,เศรษฐศาสตร์,มหาวิทยาลัยเกษตรศาสตร์,2549
ศศ.บ. (ปรัชญา การเมือง และเศรษฐศาสตร์) ท่าพระจันทร์,อาจารย์ ดร.,อรณิชา เมี่ยงบัว,วท.บ.,เศรษฐศาสตร์เกษตร,มหาวิทยาลัยสงขลานครินทร์,2546
ศศ.บ. (ปรัชญา การเมือง และเศรษฐศาสตร์) ท่าพระจันทร์,ศาสตราจารย์ ดร.,เรืองวิทย์ เกษสุวรรณ,ร.ด.,รัฐศาสตร์,จุฬาลงกรณ์มหาวิทยาลัย,2544
ศศ.บ. (ปรัชญา การเมือง และเศรษฐศาสตร์) ท่าพระจันทร์,ศาสตราจารย์ ดร.,เรืองวิทย์ เกษสุวรรณ,พบ.ม.,รัฐประศาสนศาสตร์,สถาบันบัณฑิตพัฒนบริหารศาสตร์,2526
ศศ.บ. (ปรัชญา การเมือง และเศรษฐศาสตร์) ท่าพระจันทร์,ศาสตราจารย์ ดร.,เรืองวิทย์ เกษสุวรรณ,น.บ.,นิติศาสตร์,มหาวิทยาลัยรามค าแหง,2559
ศศ.บ. (ปรัชญา การเมือง และเศรษฐศาสตร์) ท่าพระจันทร์,ศาสตราจารย์ ดร.,เรืองวิทย์ เกษสุวรรณ,ศศ.บ.,รัฐศาสตร์,มหาวิทยาลัยรามค าแหง,2521
ศศ.บ. (ปรัชญา การเมือง และเศรษฐศาสตร์) ท่าพระจันทร์,รองศาสตราจารย์ ดร.,จุฬณี ตันติกุลานันท์,Ph.D.,Political Science,Queensland University,2555
ศศ.บ. (ปรัชญา การเมือง และเศรษฐศาสตร์) ท่าพระจันทร์,รองศาสตราจารย์ ดร.,จุฬณี ตันติกุลานันท์,M.A.,International Study,Sydney University,2547
ศศ.บ. (ปรัชญา การเมือง และเศรษฐศาสตร์) ท่าพระจันทร์,รองศาสตราจารย์ ดร.,จุฬณี ตันติกุลานันท์,M.A.,International Relations,Macquarie University,2546
ศศ.บ. (ปรัชญา การเมือง และเศรษฐศาสตร์) ท่าพระจันทร์,รองศาสตราจารย์ ดร.,จุฬณี ตันติกุลานันท์,ศ.บ.,รัฐศาสตร์,มหาวิทยาลัยเกษตรศาสตร์,2541
ศศ.บ. (ปรัชญา การเมือง และเศรษฐศาสตร์) ท่าพระจันทร์,ผู้ช่วยศาสตราจารย์ ดร.,ณัฐพล แสงอรุณ,ปร.ด,สหวิทยาการ,มหาวิทยาลัยธรรมศาสตร์,2556
ศศ.บ. (ปรัชญา การเมือง และเศรษฐศาสตร์) ท่าพระจันทร์,ผู้ช่วยศาสตราจารย์ ดร.,ณัฐพล แสงอรุณ,ผ.ม.,การวางแผนภาคและเมือง,จุฬาลงกรณ์มหาวิทยาลัย,2548
ศศ.บ. (ปรัชญา การเมือง และเศรษฐศาสตร์) ท่าพระจันทร์,ผู้ช่วยศาสตราจารย์ ดร.,ณัฐพล แสงอรุณ,ศ.บ.,การพัฒนาชุมชนเมือง,มหาวิทยาลัยศรีนครินทรวิโรฒ,2545
ศศ.บ. (สหวิทยาการ) ศูนย์รังสิต,ผู้ช่วยศาสตราจารย์,ดร.สายฝน สุเอียนทรเมธี,Ph.D.,Bioresources Science,"Mie University, Japan",2560
ศศ.บ. (สหวิทยาการ) ศูนย์รังสิต,ผู้ช่วยศาสตราจารย์,ดร.สายฝน สุเอียนทรเมธี,สม.ม.,สังคมวิทยา,มหาวิทยาลัยธรรมศาสตร์,2540
ศศ.บ. (สหวิทยาการ) ศูนย์รังสิต,ผู้ช่วยศาสตราจารย์,ดร.สายฝน สุเอียนทรเมธี,ศศ.บ.,ศึกษาศาสตร์,มหาวิทยาลัย สงขลานครินทร์,2536
ศศ.บ. (สหวิทยาการ) ศูนย์รังสิต,อาจารย์,ดร.ปาณิศา วิชุพงษ์,Ph.D,International Development,"Nagoya University, Japan",2559
ศศ.บ. (สหวิทยาการ) ศูนย์รังสิต,อาจารย์,ดร.ปาณิศา วิชุพงษ์,ศ.ม.,เศรษฐศาสตร์,มหาวิทยาลัยธรรมศาสตร์,2550
ศศ.บ. (สหวิทยาการ) ศูนย์รังสิต,อาจารย์,ดร.ปาณิศา วิชุพงษ์,ศ.บ.,เศรษฐศาสตร์,มหาวิทยาลัยธรรมศาสตร์,2545
ศศ.บ. (สหวิทยาการ) ศูนย์รังสิต,ผู้ช่วยศาสตราจารย์,สิทธิกร นิภพยะ,ศ.ม.,เศรษฐศาสตร์,มหาวิทยาลัยธรรมศาสตร์,2546
ศศ.บ. (สหวิทยาการ) ศูนย์รังสิต,ผู้ช่วยศาสตราจารย์,สิทธิกร นิภพยะ,ศ.บ.,เศรษฐศาสตร์,มหาวิทยาลัยธรรมศาสตร์,2539
ศศ.บ. (สหวิทยาการ) ศูนย์รังสิต,ผู้ช่วยศาสตราจารย์,ดร.ณัฏฐดา ศรีมุข,ปร.ด.,การจัดการการท่องเที่ยวแบบบูรณาการ,สถาบัณบัณฑิตพัฒนบริหารศาสตร์,2562
ศศ.บ. (สหวิทยาการ) ศูนย์รังสิต,ผู้ช่วยศาสตราจารย์,ดร.ณัฏฐดา ศรีมุข,ร.ม.,บริหารรัฐกิจ,มหาวิทยาลัยธรรมศาสตร์,2544
ศศ.บ. (สหวิทยาการ) ศูนย์รังสิต,ผู้ช่วยศาสตราจารย์,ดร.ณัฏฐดา ศรีมุข,บธ.ม.,บริหารธุรกิจ,มหาวิทยาลัยธรรมศาสตร์,2537
ศศ.บ. (สหวิทยาการ) ศูนย์รังสิต,ผู้ช่วยศาสตราจารย์,ดร.ณัฏฐดา ศรีมุข,น.บ.,นิติศาสตร์,มหาวิทยาลัยธรรมศาสตร์,2551
ศศ.บ. (สหวิทยาการ) ศูนย์รังสิต,ผู้ช่วยศาสตราจารย์,ดร.ณัฏฐดา ศรีมุข,บธ.บ.,บริหารการเงิน,มหาวิทยาลัยหอการค้าไทย,2529
ศศ.บ. (สหวิทยาการ) ศูนย์รังสิต,อาจารย์,ดร.วสิศ ลิ มประเสริฐ,Ph.D.,Computer Science,Heriot-Watt University,2555
ศศ.บ. (สหวิทยาการ) ศูนย์รังสิต,อาจารย์,ดร.วสิศ ลิ มประเสริฐ,M.Sc.,ไมโครอิเล็กทรอนิกส์,สถาบันเทคโนโลยีแห่งเอเชีย,2550
ศศ.บ. (สหวิทยาการ) ศูนย์รังสิต,อาจารย์,ดร.วสิศ ลิ มประเสริฐ,วท.บ.,ฟิสิกส์,มหาวิทยาลัยมหิดล,2547
ศศ.บ. (สหวิทยาการ) ศูนย์รังสิต,อาจารย์,ดร.ธนัชพรรณ เพ็ชรรัตน์,วศ.ด.,การจัดการเทคโนโลยีสารสนเทศ,มหาวิทยาลัยมหิดล,2563
ศศ.บ. (สหวิทยาการ) ศูนย์รังสิต,อาจารย์,ดร.ธนัชพรรณ เพ็ชรรัตน์,วท.ม.,การจัดการเทคโนโลยีสารสนเทศ,มหาวิทยาลัยวลัยลักษณ์,2551
ศศ.บ. (สหวิทยาการ) ศูนย์รังสิต,อาจารย์,ดร.ธนัชพรรณ เพ็ชรรัตน์,วท.บ.,ระบบสารสนเทศเพื่อการจัดการ,มหาวิทยาลัยวลัยลักษณ์,2546
ศศ.บ. (สหวิทยาการ) ศูนย์รังสิต,ผู้ช่วยศาสตราจารย์,ดร.รุ่งนภา เทพภาพ,Ph.D.,Social Welfare,"Japan College of Social Work,Japan",2560
ศศ.บ. (สหวิทยาการ) ศูนย์รังสิต,ผู้ช่วยศาสตราจารย์,ดร.รุ่งนภา เทพภาพ,สม.ม,สังคมวิทยา,มหาวิทยาลัยธรรมศาสตร์,2549
ศศ.บ. (สหวิทยาการ) ศูนย์รังสิต,ผู้ช่วยศาสตราจารย์,ดร.รุ่งนภา เทพภาพ,สส.บ.,สังคมสงเคราะห์,มหาวิทยาลัยธรรมศาสตร์,2545
ศศ.บ. (สหวิทยาการ) ศูนย์รังสิต,ผู้ช่วยศาสตราจารย์,อารีรัตน์ อดิศัยเดชรินทร์,ศษ.ม.,วิชาจิตวิทยาการศึกษาและการแนะแนว,มหาวิทยาลัยเชียงใหม่,2554
ศศ.บ. (สหวิทยาการ) ศูนย์รังสิต,ผู้ช่วยศาสตราจารย์,อารีรัตน์ อดิศัยเดชรินทร์,สส.บ.,สังคมสงเคราะห์,มหาวิทยาลัยธรรมศาสตร์,2544
ศศ.บ. (สหวิทยาการ) ศูนย์รังสิต,อาจารย์,เทียนชัย สุริมาศ,ศศ.ม.,สหสาขาวิชาพัฒนามนุษย์และสังคม,จุฬาลงกรณ์มหาวิทยาลัย,2558
ศศ.บ. (สหวิทยาการ) ศูนย์รังสิต,อาจารย์,เทียนชัย สุริมาศ,สส.บ.,สังคมสงเคราะห์,มหาวิทยาลัยธรรมศาสตร์,2551
วท.บ. (วิทยาศาสตร์และนวัตกรรมข้อมูล),ผู้ช่วยศาสตราจารย์,ศรัณย์ กุลยานนท์,Ph.D.,Computer Science,"Purdue University, IN, USA",2561
วท.บ. (วิทยาศาสตร์และนวัตกรรมข้อมูล),ผู้ช่วยศาสตราจารย์,ศรัณย์ กุลยานนท์,M.Sc.,Computer Science,"Purdue University, IN, USA",2559
วท.บ. (วิทยาศาสตร์และนวัตกรรมข้อมูล),ผู้ช่วยศาสตราจารย์,ศรัณย์ กุลยานนท์,B.Sc.,Computer Science,"University of Edinburgh, UK",2556
วท.บ. (วิทยาศาสตร์และนวัตกรรมข้อมูล),อาจารย์,ทวีวัฒน์ เหลืองวิริยะ,ปร.ด.,วิทยาการคอมพิวเตอร์,มหาวิทยาลัยธรรมศาสตร์,2565
วท.บ. (วิทยาศาสตร์และนวัตกรรมข้อมูล),อาจารย์,ทวีวัฒน์ เหลืองวิริยะ,วท.ม.,วิทยาการคอมพิวเตอร์,มหาวิทยาลัยธรรมศาสตร์,2548
วท.บ. (วิทยาศาสตร์และนวัตกรรมข้อมูล),อาจารย์,ทวีวัฒน์ เหลืองวิริยะ,วท.บ.,ศาสตร์คอมพิวเตอร์,มหาวิทยาลัยธรรมศาสตร์,2542
วท.บ. (วิทยาศาสตร์และนวัตกรรมข้อมูล),อาจารย์,สมเกียรติ โกศลสมบัติ,วท.ม.,วิทยาการคอมพิวเตอร์,มหาวิทยาลัยธรรมศาสตร์,2554
วท.บ. (วิทยาศาสตร์และนวัตกรรมข้อมูล),อาจารย์,สมเกียรติ โกศลสมบัติ,บธ.ม.,การจัดการ,สถาบันเทคโนโลยีอโยธยา,2554
วท.บ. (วิทยาศาสตร์และนวัตกรรมข้อมูล),อาจารย์,สมเกียรติ โกศลสมบัติ,วท.บ.,วิทยาการคอมพิวเตอร์,มหาวิทยาลัยมหิดล,2539
วท.บ. (วิทยาศาสตร์และนวัตกรรมข้อมูล),ผู้ทรงคุณวุฒิจากภาคอุตสาหกรรม,ไชยณัฐ จามรมาน,M.Sc.,Computer Science,"Northeastern University, USA.",2541
วท.บ. (วิทยาศาสตร์และนวัตกรรมข้อมูล),ผู้ทรงคุณวุฒิจากภาคอุตสาหกรรม,ไชยณัฐ จามรมาน,M.Sc.,Actuarial Science,"Boston University, USA.",2539
วท.บ. (วิทยาศาสตร์และนวัตกรรมข้อมูล),ผู้ทรงคุณวุฒิจากภาคอุตสาหกรรม,ไชยณัฐ จามรมาน,วศ.บ.,วิศวกรรมโทรคมนาคม,สถาบันเทคโนโลยีพระจอมเกล้าเจ้าคุณทหารลาดกระบัง,2534
วท.บ. (วิทยาศาสตร์และนวัตกรรมข้อมูล),ผู้ทรงคุณวุฒิจากภาคอุตสาหกรรม,ทัดพงศ์ พงศ์ถาวรกมล,Ph.D.,Computer Science,"University of Illinois at Urbana-Champaign, USA.",2553
วท.บ. (วิทยาศาสตร์และนวัตกรรมข้อมูล),ผู้ทรงคุณวุฒิจากภาคอุตสาหกรรม,ทัดพงศ์ พงศ์ถาวรกมล,M.S.,Computer Science,"University of Illinois at Urbana-Champaign, USA.",2549
วท.บ. (วิทยาศาสตร์และนวัตกรรมข้อมูล),ผู้ทรงคุณวุฒิจากภาคอุตสาหกรรม,ทัดพงศ์ พงศ์ถาวรกมล,วศ.บ.,วิศวกรรมคอมพิวเตอร์,มหาวิทยาลัยเกษตรศาสตร์,2546
ศศ.บ. (ปรัชญา การเมือง และเศรษฐศาสตร์) นานาชาติ,ผู้ช่วยศาสตราจารย์,ธัชเฉลิม สุทธิพงษ์ประชา,Ph.D.,Political Science and Public Administration,"Northern Illinois University, USA",2554
ศศ.บ. (ปรัชญา การเมือง และเศรษฐศาสตร์) นานาชาติ,ผู้ช่วยศาสตราจารย์,ธัชเฉลิม สุทธิพงษ์ประชา,M.P.A,Advanced Policy Analysis and Applied Economics,"Columbia University, USA",2550
ศศ.บ. (ปรัชญา การเมือง และเศรษฐศาสตร์) นานาชาติ,ผู้ช่วยศาสตราจารย์,ธัชเฉลิม สุทธิพงษ์ประชา,B.A.,Political Science and Organic Chemistry,"Northern Michigan University, USA",2546
ศศ.บ. (ปรัชญา การเมือง และเศรษฐศาสตร์) นานาชาติ,อาจารย์ ดร.,0Ing-Wei Huang,Ph.D.,International Development,"Nagoya University, Japan",2547
ศศ.บ. (ปรัชญา การเมือง และเศรษฐศาสตร์) นานาชาติ,อาจารย์ ดร.,0Ing-Wei Huang,ศศ.ม.,เศรษฐศาสตร์ธุรกิจและการจัดการ(หลักสูตรนานาชาติ),จุฬาลงกรณ์มหาวิทยาลัย,2541
ศศ.บ. (ปรัชญา การเมือง และเศรษฐศาสตร์) นานาชาติ,อาจารย์ ดร.,0Ing-Wei Huang,ศ.บ.,เศรษฐศาสตร์ (หลักสูตรนานาชาติ),มหาวิทยาลัยธรรมศาสตร,2539
ศศ.บ. (ปรัชญา การเมือง และเศรษฐศาสตร์) นานาชาติ,อาจารย์ พ.ต.ต. ดร.,ชวนัสถ์ เจนการ,Ph.D.,Criminology,"University of Kent, UK",2556
ศศ.บ. (ปรัชญา การเมือง และเศรษฐศาสตร์) นานาชาติ,อาจารย์ พ.ต.ต. ดร.,ชวนัสถ์ เจนการ,ศศ.ม.,การบริหารงานยุติธรรม,มหาวิทยาลัยธรรมศาสตร,2545
ศศ.บ. (ปรัชญา การเมือง และเศรษฐศาสตร์) นานาชาติ,อาจารย์ พ.ต.ต. ดร.,ชวนัสถ์ เจนการ,รป.บ.,รัฐประศาสนศาสตร์ (ตํารวจ),โรงเรียนนายร้อยตํารวจ,2539
ศศ.บ. (ปรัชญา การเมือง และเศรษฐศาสตร์) นานาชาติ,ผู้ช่วยศาสตราจารย์ ดร.,ภูรี สิรสุนทร,Ph.D.,Economics,"School of Economics,Australian National University,Australia",2548
ศศ.บ. (ปรัชญา การเมือง และเศรษฐศาสตร์) นานาชาติ,ผู้ช่วยศาสตราจารย์ ดร.,ภูรี สิรสุนทร,M.Ec.,Economics of Development,"Australian National University,Australia",2544
ศศ.บ. (ปรัชญา การเมือง และเศรษฐศาสตร์) นานาชาติ,ผู้ช่วยศาสตราจารย์ ดร.,ภูรี สิรสุนทร,M.A.,Economics (English Language Program),มหาวิทยาลัยธรรมศาสตร,2540
ศศ.บ. (ปรัชญา การเมือง และเศรษฐศาสตร์) นานาชาติ,ผู้ช่วยศาสตราจารย์ ดร.,ภูรี สิรสุนทร,B.B.A,Business Administration (Cum Laude Honor),มหาวิทยาลัยอัสสัมชัญ,2536
ศศ.บ. (ปรัชญา การเมือง และเศรษฐศาสตร์) นานาชาติ,อาจารย์,พนมกร โยทะสอน,M.A.,History of Political Thought and Intellectual History,"University of London, UK",2556
ศศ.บ. (ปรัชญา การเมือง และเศรษฐศาสตร์) นานาชาติ,อาจารย์,พนมกร โยทะสอน,B.A.,Philosophy,"Peking University, China",2554
ศศ.บ. (ปรัชญา การเมือง และเศรษฐศาสตร์) ศูนย์ลำปาง,ผู้ช่วยศาสตราจารย์ ดร.,สุมิตา สุภากรณ์,Ph.D,Educational and Applied Linguistics,University of Newcastle,2560
ศศ.บ. (ปรัชญา การเมือง และเศรษฐศาสตร์) ศูนย์ลำปาง,ผู้ช่วยศาสตราจารย์ ดร.,สุมิตา สุภากรณ์,ศษ.ม.,การสอนภาษาอังกฤษในฐานะภาษาต่างประเทศ,มหาวิทยาลัยเชียงใหม่,2546
ศศ.บ. (ปรัชญา การเมือง และเศรษฐศาสตร์) ศูนย์ลำปาง,ผู้ช่วยศาสตราจารย์ ดร.,สุมิตา สุภากรณ์,ศศ.บ.,ภาษาอังกฤษ,มหาวิทยาลัยเชียงใหม่,2538
ศศ.บ. (ปรัชญา การเมือง และเศรษฐศาสตร์) ศูนย์ลำปาง,อาจารย์,กฤตภาศ ศักดิษฐานนท์,อ.ม.,ปรัชญา,จุฬาลงกรณ์มหาวิทยาลัย,2557
ศศ.บ. (ปรัชญา การเมือง และเศรษฐศาสตร์) ศูนย์ลำปาง,อาจารย์,กฤตภาศ ศักดิษฐานนท์,ร.บ.,ปกครอง,มหาวิทยาลัยรามค าแหง,2562
ศศ.บ. (ปรัชญา การเมือง และเศรษฐศาสตร์) ศูนย์ลำปาง,อาจารย์,กฤตภาศ ศักดิษฐานนท์,ศศ.บ.,บรรณารักษศาสตร์และสารนิเทศศาสตร์,มหาวิทยาลัยขอนแก่น,2544
ศศ.บ. (ปรัชญา การเมือง และเศรษฐศาสตร์) ศูนย์ลำปาง,รองศาสตราจารย์ ดร.,รุ่งนภา เทพภาพ,Ph.D,Social Welfare,Japan College of Social Work,2560
ศศ.บ. (ปรัชญา การเมือง และเศรษฐศาสตร์) ศูนย์ลำปาง,รองศาสตราจารย์ ดร.,รุ่งนภา เทพภาพ,สส.ม.,สังคมวิทยา,มหาวิทยาลัยธรรมศาสตร์,2549
ศศ.บ. (ปรัชญา การเมือง และเศรษฐศาสตร์) ศูนย์ลำปาง,รองศาสตราจารย์ ดร.,รุ่งนภา เทพภาพ,สส.บ,สังคมวิทยา,มหาวิทยาลัยธรรมศาสตร์,2545
ศศ.บ. (ปรัชญา การเมือง และเศรษฐศาสตร์) ศูนย์ลำปาง,ผู้ช่วยศาสตราจารย์,ชวนนท์ กาญจนสุวรรณ,ศศ.ม.,ปรัชญา,มหาวิทยาลัยเชียงใหม่,2558
ศศ.บ. (ปรัชญา การเมือง และเศรษฐศาสตร์) ศูนย์ลำปาง,ผู้ช่วยศาสตราจารย์,ชวนนท์ กาญจนสุวรรณ,ศศ.บ,ปรัชญา,มหาวิทยาลัยเชียงใหม่,2553
ศศ.บ. (ปรัชญา การเมือง และเศรษฐศาสตร์) ศูนย์ลำปาง,อาจารย์,พงศยา ภูมิพัฒน์โยธิน,รส.ม.,พัฒนาแรงงานและสวัสดิการ,มหาวิทยาลัยธรรมศาสตร์,2552
ศศ.บ. (ปรัชญา การเมือง และเศรษฐศาสตร์) ศูนย์ลำปาง,อาจารย์,พงศยา ภูมิพัฒน์โยธิน,สส.บ.,สังคมสงเคราะห์,มหาวิทยาลัยธรรมศาสตร์,2549
ศศ.บ. (สหวิทยาการ) ศูนย์ลำปาง,ผู้ช่วยศาสตราจารย์,ดร.พิทยา สุวคันธ์,ปร.ด.,สหวิทยาการ,มหาวิทยาลัยธรรมศาสตร์,2550
ศศ.บ. (สหวิทยาการ) ศูนย์ลำปาง,ผู้ช่วยศาสตราจารย์,ดร.พิทยา สุวคันธ์,ศศ.ม,การจัดการมนุษย์กับสิ่งแวดล้อม,มหาวิทยาลัยเชียงใหม่,2540
ศศ.บ. (สหวิทยาการ) ศูนย์ลำปาง,ผู้ช่วยศาสตราจารย์,ดร.พิทยา สุวคันธ์,วท.บ,สัตวศาสตร์,สถาบันเทคโนโลยีราชมงคลภาคตะวันออก,2536
ศศ.บ. (สหวิทยาการ) ศูนย์ลำปาง,ผู้ช่วยศาสตราจารย์,ดร.ธีรภัท ชัยพิพัฒน์,ปร.ด.,การใช้ที่ดินและการจัดการทรัพยากรธรรมชาติอย่างยั่งยืน,มหาวิทยาลัยเชียงใหม่,2562
ศศ.บ. (สหวิทยาการ) ศูนย์ลำปาง,ผู้ช่วยศาสตราจารย์,ชิตวร วราศิริพงศ์,Master,International Trade,Yunnan University,2554
ศศ.บ. (สหวิทยาการ) ศูนย์ลำปาง,ผู้ช่วยศาสตราจารย์,ชิตวร วราศิริพงศ์,อ.บ.,ภาษาจีน,มหาวิทยาลัยศิลปากร,2551
ศศ.บ. (สหวิทยาการ) ศูนย์ลำปาง,ผู้ช่วยศาสตราจารย์,ชิตวร วราศิริพงศ์,ศศ.บ.,รัฐศาสตร์,มหาวิทยาลัยรามค้าแหง,2551
ศศ.บ. (สหวิทยาการ) ศูนย์ลำปาง,ผู้ช่วยศาสตราจารย์,ดร.วาสนา ละอองปลิว,Ph.D.,Human Geography,University of Durham,2556
ศศ.บ. (สหวิทยาการ) ศูนย์ลำปาง,ผู้ช่วยศาสตราจารย์,ดร.วาสนา ละอองปลิว,ศศ.ม.,การพัฒนาสังคม,มหาวิทยาลัยเชียงใหม่,2546
ศศ.บ. (สหวิทยาการ) ศูนย์ลำปาง,ผู้ช่วยศาสตราจารย์,ดร.วาสนา ละอองปลิว,ร.บ.,การเมืองการปกครอง,มหาวิทยาลัยธรรมศาสตร์,2542
ศศ.บ. (สหวิทยาการ) ศูนย์ลำปาง,ผู้ช่วยศาสตราจารย์,ดร.ธีรภัท ชัยพิพัฒน์,ปร.ด.,การใช้ที่ดินและการจัดการทรัพยากรธรรมชาติอย่างยั่งยืน,มหาวิทยาลัยเชียงใหม่,2562
ศศ.บ. (สหวิทยาการ) ศูนย์ลำปาง,ผู้ช่วยศาสตราจารย์,ดร.ธีรภัท ชัยพิพัฒน์,ศศ.ม,ภูมิภาคศึกษา,มหาวิทยาลัยเชียงใหม่,2545
ศศ.บ. (สหวิทยาการ) ศูนย์ลำปาง,ผู้ช่วยศาสตราจารย์,ดร.ธีรภัท ชัยพิพัฒน์,ร.บ.,ความสัมพันธ์ระหว่างประเทศและระบบการเมืองเปรียบเทียบ,มหาวิทยาลัยสุโขทัยธรรมาธิราช,2551
ศศ.บ. (สหวิทยาการ) ศูนย์ลำปาง,ผู้ช่วยศาสตราจารย์,ดร.ธีรภัท ชัยพิพัฒน์,ศษ.บ.,การส่งเสริมสุขภาพและสุขศึกษา,มหาวิทยาลัยเชียงใหม่,2541
ศศ.บ. (สหวิทยาการ) ศูนย์ลำปาง,ผู้ช่วยศาสตราจารย์,ดร.กนกวรรณ อู่ทองทรัพย์,Ph.D.,"International Study, Graduate School of Asia Pacific",Waseda University,2555
ศศ.บ. (สหวิทยาการ) ศูนย์ลำปาง,ผู้ช่วยศาสตราจารย์,ดร.กนกวรรณ อู่ทองทรัพย์,ป.โท,Business Administration,Campbell University,2542
ศศ.บ. (สหวิทยาการ) ศูนย์ลำปาง,ผู้ช่วยศาสตราจารย์,ดร.กนกวรรณ อู่ทองทรัพย์,สม.ม.,สังคมวิทยาและมนุษยวิทยา,มหาวิทยาลัย ธรรมศาสตร์,2538
ศศ.บ. (สหวิทยาการ) ศูนย์ลำปาง,ผู้ช่วยศาสตราจารย์,ดร.ศิวริน เลิศภูษิต,Ph.D.,"International Study, Graduate School of Asia Pacific",Waseda University,2562
ศศ.บ. (สหวิทยาการ) ศูนย์ลำปาง,ผู้ช่วยศาสตราจารย์,ดร.ศิวริน เลิศภูษิต,ศศ.ม.,ภูมิภาคศึกษา,มหาวิทยาลัยเชียงใหม่,2549
ศศ.บ. (สหวิทยาการ) ศูนย์ลำปาง,ผู้ช่วยศาสตราจารย์,ดร.ศิวริน เลิศภูษิต,ร.บ.,การระหว่างประเทศ,มหาวิทยาลัยธรรมศาสตร์,2542
ศศ.บ. (สหวิทยาการ) ศูนย์ลำปาง,ผู้ช่วยศาสตราจารย์,ถิรวัฒน์ ตันทนิส,ค.ม.,การสอนภาษาอังกฤษเป็นภาษาต่างประเทศ,จุฬาลงกรณ์ มหาวิทยาลัย,2545
ศศ.บ. (สหวิทยาการ) ศูนย์ลำปาง,ผู้ช่วยศาสตราจารย์,ถิรวัฒน์ ตันทนิส,ศศ.บ.,ภาษาศาสตร์,มหาวิทยาลัยธรรมศาสตร์,2541
ศศ.บ. (สหวิทยาการ) ศูนย์ลำปาง,ผู้ช่วยศาสตราจารย์,ชัยยุทธ ถาวรานุรักษ์,นศ.ม.,วาทวิทยา,มหาวิทยาลัยธรรมศาสตร์,2552
ศศ.บ. (สหวิทยาการ) ศูนย์ลำปาง,ผู้ช่วยศาสตราจารย์,ชัยยุทธ ถาวรานุรักษ์,น.บ,นิติศาสตร์,มหาวิทยาลัยธรรมศาสตร์,2547
ศศ.บ. (สหวิทยาการ) ศูนย์ลำปาง,อาจารย์,ดร.วรดาภา พันธุ์เพ็ง,ปร.ด.,การใช้ที่ดินและการจัดการทรัพยากรธรรมชาติอย่างยั่งยืน,มหาวิทยาลัยเชียงใหม่,2561
ศศ.บ. (สหวิทยาการ) ศูนย์ลำปาง,อาจารย์,ดร.วรดาภา พันธุ์เพ็ง,ศศ.ม.,การจัดการมนุษย์กับสิ่งแวดล้อม,มหาวิทยาลัยเชียงใหม่,2550
ศศ.บ. (สหวิทยาการ) ศูนย์ลำปาง,อาจารย์,ดร.วรดาภา พันธุ์เพ็ง,ศศ.บ,สังคมวิทยาและมานุษยวิทยา,มหาวิทยาลัยเชียงใหม่,2546
ศศ.บ. (สหวิทยาการ) ศูนย์ลำปาง,ผู้ช่วยศาสตราจารย์,โอฬาร รัตนภักดี,อ.ม.,ภาษาไทย,มหาวิทยาลัยศิลปากร,2548
ศศ.บ. (สหวิทยาการ) ศูนย์ลำปาง,ผู้ช่วยศาสตราจารย์,โอฬาร รัตนภักดี,อ.บ.,ภาษาไทย,มหาวิทยาลัยศิลปากร,2543
ศศ.บ. (สหวิทยาการ) ศูนย์ลำปาง,ผู้ช่วยศาสตราจารย์,โขมสี มีภักดี,ปร.ด.,โบราณคดีสมัยประวัติศาสตร์,มหาวิทยาลัยศิลปากร,2553
ศศ.บ. (สหวิทยาการ) ศูนย์ลำปาง,ผู้ช่วยศาสตราจารย์,โขมสี มีภักดี,ศศ.ม.,ภาษาและวรรณกรรมล้านนา,มหาวิทยาลัยเชียงใหม่,2539
ศศ.บ. (สหวิทยาการ) ศูนย์ลำปาง,ผู้ช่วยศาสตราจารย์,โขมสี มีภักดี,ศศ.บ.,ภาษาไทย,มหาวิทยาลัยธรรมศาสตร์,2533
ศศ.บ. (สหวิทยาการ) ศูนย์ลำปาง,ผู้ช่วยศาสตราจารย์,เพ็ญศิริ พันพา,พช.ม,การพัฒนาชุมชน,มหาวิทยาลัยธรรมศาสตร์,2545
ศศ.บ. (สหวิทยาการ) ศูนย์ลำปาง,ผู้ช่วยศาสตราจารย์,เพ็ญศิริ พันพา,ศศ.บ.,การพัฒนาชุมชน,มหาวิทยาลัยขอนแก่น,2536
ศศ.บ. (สหวิทยาการ) ศูนย์ลำปาง,ผู้ช่วยศาสตราจารย์,ยิ่งลักษณ์ กาญจนฤกษ์,Ph.D.,In ecological economics,"School of Earth and Environment, Uni versity of Leeds",2557
ศศ.บ. (สหวิทยาการ) ศูนย์ลำปาง,ผู้ช่วยศาสตราจารย์,ยิ่งลักษณ์ กาญจนฤกษ์,วท.ม.,การจัดการทรัพยากร,มหาวิทยาลัยเกษตรศาสตร์,2545
ศศ.บ. (สหวิทยาการ) ศูนย์ลำปาง,ผู้ช่วยศาสตราจารย์,ยิ่งลักษณ์ กาญจนฤกษ์,วท.บ.,วิทยาศาสตร์สิ่งแวดล้อม,มหาวิทยาลัยธรรมศาสตร์,2542
ศศ.บ. (สหวิทยาการ) ศูนย์ลำปาง,ผู้ช่วยศาสตราจารย์,วัลลภ ทองอ่อน,นิติศาสตร์,ภูมิศาสตร์,มหาวิทยาลัย เชียงใหม่,2535
ศศ.บ. (สหวิทยาการ) ศูนย์ลำปาง,ผู้ช่วยศาสตราจารย์,วัลลภ ทองอ่อน,กศ.บ.,สังคมศึกษา,มหาวิทยาลัยศรีนครินทร วิโรฒ,2528
ศศ.บ. (สหวิทยาการ) ศูนย์ลำปาง,อาจารย์,วรรณวนัช อรุณฤกษ์,ศศ.ม.,ภาษาไทย,มหาวิทยาลัยธรรมศาสตร์,2559
ศศ.บ. (สหวิทยาการ) ศูนย์ลำปาง,อาจารย์,วรรณวนัช อรุณฤกษ์,น.บ.,นิติศาสตร์,มหาวิทยาลัยรามค้าแหง,2558
ศศ.บ. (สหวิทยาการ) ศูนย์ลำปาง,อาจารย์,วรรณวนัช อรุณฤกษ์,ศศ.บ.,ภาษาไทย,มหาวิทยาลัยธรรมศาสตร์,2555
ศศ.บ. (สหวิทยาการ) ศูนย์ลำปาง,ผู้ช่วยศาสตราจารย์,ดร.รัชภูมิ ปัญส่งเสริม,Ph.D.,Human Science International Course,"Kyushu University, Japan",2562
ศศ.บ. (สหวิทยาการ) ศูนย์ลำปาง,ผู้ช่วยศาสตราจารย์,ดร.รัชภูมิ ปัญส่งเสริม,ค.อ.ม.,เทคโนโลยีผลิตภัณฑ์อุตสาหกรรม,สถาบันเทคโนโลยีพระจอมเกล้าเจ้าคุณทหารลาดกระบัง,2549
ศศ.บ. (สหวิทยาการ) ศูนย์ลำปาง,ผู้ช่วยศาสตราจารย์,ดร.รัชภูมิ ปัญส่งเสริม,ค.อ.บ.,ครุศาสตร์เทคโนโลยี,มหาวิทยาลัยเทคโนโลยีพระจอมเกล้าธนบุรี,2543
ศศ.บ. (สหวิทยาการ) ศูนย์ลำปาง,อาจารย์,ดร.ธีรศักดิ์ สะกล,ค.อ.ด.,ครุศาสตร์อุตสาหกรรม,สถาบันเทคโนโลยีพระจอมเกล้าเจ้าคุณทหารลาดกระบัง,2563
ศศ.บ. (สหวิทยาการ) ศูนย์ลำปาง,อาจารย์,ดร.ธีรศักดิ์ สะกล,ศษ.ม.,เทคโนโลยีทางการศึกษา,มหาวิทยาลัยเชียงใหม่,2549
ศศ.บ. (สหวิทยาการ) ศูนย์ลำปาง,อาจารย์,ดร.ธีรศักดิ์ สะกล,ค.อ.บ.,ครุศาสตร์เทคโนโลยี,มหาวิทยาลัยเทคโนโลยีพระจอมเกล้าธนบุรี,2544
ศศ.บ. (สหวิทยาการ) ศูนย์ลำปาง,หัวหน้างานปฏิบัติการชุมชนสถาบันพัฒนาองค์กรชุมชน(องค์การมหาชน)ส้านักงานภาคเหนือ,พิรุญ กองแปง,ศษ.บ.,บริหารการศึกษา,มหาวิทยาลัยเซนต์จอห์น,2553
ศศ.บ. (สหวิทยาการ) ศูนย์ลำปาง,หัวหน้างานปฏิบัติการชุมชนสถาบันพัฒนาองค์กรชุมชน(องค์การมหาชน)ส้านักงานภาคเหนือ,พิรุญ กองแปง,ศศ.บ.,พัฒนาชุมชน,สหวิทยาลัยล้านนาเชียงใหม่,2553
ศศ.บ. (สหวิทยาการ) ศูนย์ลำปาง,ผู้ช่วยศาสตราจารย์,วีระจักร์ สุเอียนทรเมธี,ศศ.ม.,วัฒนธรรมศึกษา : พิพิธภัณฑ์และการอนุรักษ์วัตถุทางวัฒนธรรม,มหาวิทยาลัยมหิดล,2541
ศศ.บ. (สหวิทยาการ) ศูนย์ลำปาง,ผู้ช่วยศาสตราจารย์,วีระจักร์ สุเอียนทรเมธี,ศล.บ.,เครื่องเคลือบดินเผา,มหาวิทยาลัยศิลปากร,2536
ศศ.บ. (สหวิทยาการ) ศูนย์ลำปาง,ผู้ช่วยศาสตราจารย์,ศรีชนา เจริญเนตร,ค.อ.ม.,เทคโนโลยีผลิตภัณฑ์ อุตสาหกรรม,สถาบันเทคโนโลยีพระจอมเกล้าเจ้าคุณทหารลาดกระบัง,2548
ศศ.บ. (สหวิทยาการ) ศูนย์ลำปาง,ผู้ช่วยศาสตราจารย์,ศรีชนา เจริญเนตร,ศล.บ.,ออกแบบพาณิชย์ศิลป์,สถาบันเทคโนโลยีราชมงคล วิทยาเขตเพาะช่าง,2539
ศศ.บ. (สหวิทยาการ) ศูนย์ลำปาง,ผู้ช่วยศาสตราจารย์,จำลอง สุวรรณชาติ,ศล.ม.,เครื่องเคลือบดินเผา,มหาวิทยาลัยศิลปากร,2552
ศศ.บ. (สหวิทยาการ) ศูนย์ลำปาง,ผู้ช่วยศาสตราจารย์,จำลอง สุวรรณชาติ,ศล.บ.,เครื่องเคลือบดินเผา,มหาวิทยาลัยศิลปากร,2539
วทบ-นวัตกรรมบริการ66,ผู้ช่วยศาสตราจารย์,กาญจน์นภา พงศ์พนรัตน์ เชี่ยวชาญ,Ph.D.,Regional and Rural Development Planning,"Asian Institute of Technology, Thailand",2550
วทบ-นวัตกรรมบริการ66,ผู้ช่วยศาสตราจารย์,กาญจน์นภา พงศ์พนรัตน์ เชี่ยวชาญ,M.A.,Development Administration,"Western Michigan University, USA",2544
วทบ-นวัตกรรมบริการ66,ผู้ช่วยศาสตราจารย์,กาญจน์นภา พงศ์พนรัตน์ เชี่ยวชาญ,ร.บ.,การระหว่างประเทศ,มหาวิทยาลัยธรรมศาสตร์,2540
วทบ-นวัตกรรมบริการ66,ผู้ช่วยศาสตราจารย์,คม คัมภิรานนท์,Ph.D,Tourism Management,"University of Queensland,Australia",2550
วทบ-นวัตกรรมบริการ66,ผู้ช่วยศาสตราจารย์,คม คัมภิรานนท์,M.S.,Hospitality & Tourism,"University of Wisconsin-Stout, USA",2545
วทบ-นวัตกรรมบริการ66,ผู้ช่วยศาสตราจารย์,คม คัมภิรานนท์,ศศ.บ.,สังคมวิทยาและมานุษยวิทยา,มหาวิทยาลัยเกษตรศาสตร,2542
วทบ-นวัตกรรมบริการ66,อาจารย์ ดร.,ปุริมปรัชญ์ แสงแก้ว,Ph.D,Hospitality and Tourism Management,"University of Surrey, UK",2562
วทบ-นวัตกรรมบริการ66,อาจารย์ ดร.,ปุริมปรัชญ์ แสงแก้ว,MS.c.,International Event Management,"University of Surrey, UK",2557
วทบ-นวัตกรรมบริการ66,อาจารย์ ดร.,ปุริมปรัชญ์ แสงแก้ว,B.B.A.,Hospitality and Tourism Management,Mahidol University International College,2550
วทบ-นวัตกรรมบริการ66,ผู้ช่วยศาสตราจารย์,เวฬุรีย์ เมธาวีวินิจ,Ph.D.,Film Studies,"University of London, UK",2558
วทบ-นวัตกรรมบริการ66,ผู้ช่วยศาสตราจารย์,เวฬุรีย์ เมธาวีวินิจ,ศศ.ม.,การบริหารงานวัฒนธรรม,มหาวิทยาลัยธรรมศาสตร,2545
วทบ-นวัตกรรมบริการ66,ผู้ช่วยศาสตราจารย์,เวฬุรีย์ เมธาวีวินิจ,B.S.,Accounting,Thammasat University,2542
วทบ-นวัตกรรมบริการ66,อาจารย์,ปรีชญา ชวลิตธํารง,M.P.S,Real Estate,"Cornell University, USA",2552
วทบ-นวัตกรรมบริการ66,อาจารย์,ปรีชญา ชวลิตธํารง,สถ.บ.,สถาปัตยกรรม,จุฬาลงกรณ์มหาวิทยาลัย,2549
ศศบ-การจัดการมรดกวัฒนธรรม-66,อาจารย์,กาญจนา เหล่าโชคชัยกุล,สม.ม.,มานุษยวิทยา,มหาวิทยาลัยธรรมศาสตร์,2552
ศศบ-การจัดการมรดกวัฒนธรรม-66,อาจารย์,กาญจนา เหล่าโชคชัยกุล,ศศ.บ.,การพัฒนาชุมชน,มหาวิทยาลัยทักษิณ,2548
ศศบ-การจัดการมรดกวัฒนธรรม-66,ผู้ช่วยศาสตราจารย์,เวฬุรีย์ เมธาวีวินิจ,Ph.D.,Film Studies,"University of London, UK",2558
ศศบ-การจัดการมรดกวัฒนธรรม-66,ผู้ช่วยศาสตราจารย์,เวฬุรีย์ เมธาวีวินิจ,ศศ.ม.,การบริหารงานวัฒนธรรม,มหาวิทยาลัยธรรมศาสตร์,2545
ศศบ-การจัดการมรดกวัฒนธรรม-66,ผู้ช่วยศาสตราจารย์,เวฬุรีย์ เมธาวีวินิจ,B.S.,Accounting,Thammasat University,2542
ศศบ-การจัดการมรดกวัฒนธรรม-66,อาจารย์,พิชชากานต์ ช่วงชัย,Ph.D.,Creative Industries,"University of Warwick, UK",2563
ศศบ-การจัดการมรดกวัฒนธรรม-66,อาจารย์,พิชชากานต์ ช่วงชัย,M.A.,Cultural and Creative Industries,"King’s College London, UK",2559
ศศบ-การจัดการมรดกวัฒนธรรม-66,อาจารย์,พิชชากานต์ ช่วงชัย,ศศ.บ.,ภาษาอังกฤษ,มหาวิทยาลัยเชียงใหม่,2556
ศศบ-การจัดการมรดกวัฒนธรรม-66,ผู้ช่วยศาสตราจารย์,ระวีวรรณ ทรัพย์อินทร์,M.A.,Multimedia Communication,"Academy of Art University, USA",2554
ศศบ-การจัดการมรดกวัฒนธรรม-66,ผู้ช่วยศาสตราจารย์,ระวีวรรณ ทรัพย์อินทร์,รปม.,รัฐประศาสนศาสตร์,จุฬาลงกรณ์มหาวิทยาลัย,2549
ศศบ-การจัดการมรดกวัฒนธรรม-66,ผู้ช่วยศาสตราจารย์,ระวีวรรณ ทรัพย์อินทร์,วส.บ.,วิทยุ-โทรทัศน์,มหาวิทยาลัยธรรมศาสตร์,2545
ศศบ-การจัดการมรดกวัฒนธรรม-66,อาจารย์,รัฐศาสตร์ กรสูต,ปร.ด,Curriculum and Instruction,มหาวิทยาลัยเกษตรศาสตร์,2554
ศศบ-การจัดการมรดกวัฒนธรรม-66,อาจารย์,รัฐศาสตร์ กรสูต,M.S.,Information Systems,"University of Wisconsin-Stout, USA",2545
ศศบ-การจัดการมรดกวัฒนธรรม-66,อาจารย์,รัฐศาสตร์ กรสูต,ศศ.บ.,บริหารรัฐกิจ,มหาวิทยาลัยธรรมศาสตร์,2540
วทบ-นวัตกรรมการแปรรูปดิจิทัล66,ผู้ช่วยศาสตราจารย์,นพพล ตั้งจิตพรหม,ปร.ด.,การเงิน,สถาบันบัณฑิตพัฒนบริหารศาสตร์,2556
วทบ-นวัตกรรมการแปรรูปดิจิทัล66,ผู้ช่วยศาสตราจารย์,นพพล ตั้งจิตพรหม,วท.ม.,เทคโนโลยีสารสนเทศ,สถาบันเทคโนโลยีพระจอมเกล้าธนบุรี,2549
วทบ-นวัตกรรมการแปรรูปดิจิทัล66,ผู้ช่วยศาสตราจารย์,นพพล ตั้งจิตพรหม,B.B.A.,Finance & Banking International Business Management,"Assumpition University,Thailand",2546
วทบ-นวัตกรรมการแปรรูปดิจิทัล66,อาจารย์,อำพล ตังคนาวนิชย์,Ph.D.,Electrical Engineering,"Osaka University, Japan,",2545
วทบ-นวัตกรรมการแปรรูปดิจิทัล66,อาจารย์,อำพล ตังคนาวนิชย์,M.Eng,Electrical Engineering,"Osaka University, Japan",2542
วทบ-นวัตกรรมการแปรรูปดิจิทัล66,อาจารย์,อำพล ตังคนาวนิชย์,วศ.บ.,วิศวกรรมไฟฟ้า,จุฬาลงกรณ์มหาวิทยาลัย,2538
วทบ-นวัตกรรมการแปรรูปดิจิทัล66,อาจารย์,ปรีชญา ชวลิตธ ารง,M.P.S.,Real Estate,"Cornell University, USA",2552
วทบ-นวัตกรรมการแปรรูปดิจิทัล66,อาจารย์,ปรีชญา ชวลิตธ ารง,สถ.บ.,สาขาวิชาสถาปัตยกรรม,จุฬาลงกรณ์มหาวิทยาลัย,2549
วทบ-นวัตกรรมการแปรรูปดิจิทัล66,อาจารย์,จิรพล ทับทิมหิน,M.Eng,Construction Management,Asian Institute of Technology,2527
วทบ-นวัตกรรมการแปรรูปดิจิทัล66,อาจารย์,จิรพล ทับทิมหิน,วศ.บ.,วิศวกรรมโยธา,มหาวิทยาลัยขอนแก่น,2519
วทบ-นวัตกรรมการแปรรูปดิจิทัล66,อาจารย์,พชรพร พิจารณากุล,M.B.A.,Global Business Management (ASEAN),มหาวิทยาลัยบูรพา,2558
วทบ-นวัตกรรมการแปรรูปดิจิทัล66,อาจารย์,พชรพร พิจารณากุล,B.B.A.,Tourism & Hotel Management,มหาวิทยาลัยบูรพา,2555
เศรษฐศาสตรบัณฑิต (นานาชาติ-ปรับปรุง 2566),ผู้ช่วยศาสตราจารย์,พงษ์ธร วราศัย,Ph.D.,Economics,"Erasmus University,The Netherlands",2548
เศรษฐศาสตรบัณฑิต (นานาชาติ-ปรับปรุง 2566),ผู้ช่วยศาสตราจารย์,พงษ์ธร วราศัย,M.Phil.,Economics,"Erasmus University,The Netherlands",2545
เศรษฐศาสตรบัณฑิต (นานาชาติ-ปรับปรุง 2566),ผู้ช่วยศาสตราจารย์,พงษ์ธร วราศัย,ศ.ม.,เศรษฐศาสตร,มหาวิทยาลัยธรรมศาสตร,2538
เศรษฐศาสตรบัณฑิต (นานาชาติ-ปรับปรุง 2566),ผู้ช่วยศาสตราจารย์,พงษ์ธร วราศัย,ศ.บ.,เศรษฐศาสตร,มหาวิทยาลัยธรรมศาสตร,2538
เศรษฐศาสตรบัณฑิต (นานาชาติ-ปรับปรุง 2566),ผู้ช่วยศาสตราจารย์,กิตติชัย แซ่ลี้,Ph.D.,Economics,"University of Wisconsin-Madison, USA",2559
เศรษฐศาสตรบัณฑิต (นานาชาติ-ปรับปรุง 2566),ผู้ช่วยศาสตราจารย์,กิตติชัย แซ่ลี้,ศ.ม.,เศรษฐศาสตร์,มหาวิทยาลัยธรรมศาสตร,2548
เศรษฐศาสตรบัณฑิต (นานาชาติ-ปรับปรุง 2566),ผู้ช่วยศาสตราจารย์,กิตติชัย แซ่ลี้,ศ.บ.,เศรษฐศาสตร์,จุฬาลงกรณ์มหาวิทยาลัย,2545
เศรษฐศาสตรบัณฑิต (นานาชาติ-ปรับปรุง 2566),ผู้ช่วยศาสตราจารย์,มณเฑียร สติมานนท์,Ph.D.,Economics,"Michigan State University, USA",2556
เศรษฐศาสตรบัณฑิต (นานาชาติ-ปรับปรุง 2566),ผู้ช่วยศาสตราจารย์,มณเฑียร สติมานนท์,ศ.ม.,เศรษฐศาสตร์,มหาวิทยาลัยธรรมศาสตร,2543
เศรษฐศาสตรบัณฑิต (นานาชาติ-ปรับปรุง 2566),ผู้ช่วยศาสตราจารย์,มณเฑียร สติมานนท์,ศ.บ.,เศรษฐศาสตร์,มหาวิทยาลัยธรรมศาสตร,2542
เศรษฐศาสตรบัณฑิต (นานาชาติ-ปรับปรุง 2566),ผู้ช่วยศาสตราจารย์,วรรณวิภางค์ มานะโชติพงษ์,Ph.D.,Economics,"University of Oxford, UK",2552
เศรษฐศาสตรบัณฑิต (นานาชาติ-ปรับปรุง 2566),ผู้ช่วยศาสตราจารย์,วรรณวิภางค์ มานะโชติพงษ์,M.Phil.,Economics,"University of Oxford, UK",2548
เศรษฐศาสตรบัณฑิต (นานาชาติ-ปรับปรุง 2566),ผู้ช่วยศาสตราจารย์,วรรณวิภางค์ มานะโชติพงษ์,B.Sc.,Economics,"Duke University, USA",2545
เศรษฐศาสตรบัณฑิต (นานาชาติ-ปรับปรุง 2566),ผู้ช่วยศาสตราจารย์,พนิต วัฒนกูล,Ph.D.,Economics,"University of North Carolina at Chapel Hill, USA",2563
เศรษฐศาสตรบัณฑิต (นานาชาติ-ปรับปรุง 2566),ผู้ช่วยศาสตราจารย์,พนิต วัฒนกูล,M.Sc.,Economics,"University of North Carolina at Chapel Hill, USA",2562
เศรษฐศาสตรบัณฑิต (นานาชาติ-ปรับปรุง 2566),ผู้ช่วยศาสตราจารย์,พนิต วัฒนกูล,น.บ.,นิติศาสตร์,มหาวิทยาลัยธรรมศาสตร,2558
เศรษฐศาสตรบัณฑิต (นานาชาติ-ปรับปรุง 2566),ผู้ช่วยศาสตราจารย์,พนิต วัฒนกูล,ศ.บ.,เศรษฐศาสตร์,มหาวิทยาลัยธรรมศาสตร,2558
เศรษฐศาสตรบัณฑิต (ปรับปรุง 2566),ผู้ช่วยศาสตราจารย์ ดร.,เฉลิมพงษ์ คงเจริญ,Ph.D.,Economics,"Michigan State University, U.S.A",2554
เศรษฐศาสตรบัณฑิต (ปรับปรุง 2566),ผู้ช่วยศาสตราจารย์ ดร.,เฉลิมพงษ์ คงเจริญ,ศ.ม.,เศรษฐศาสตร์,มหาวิทยาลัยธรรมศาสตร์,2546
เศรษฐศาสตรบัณฑิต (ปรับปรุง 2566),ผู้ช่วยศาสตราจารย์ ดร.,เฉลิมพงษ์ คงเจริญ,ศ.บ.,เศรษฐศาสตร์,มหาวิทยาลัยธรรมศาสตร์,2543
เศรษฐศาสตรบัณฑิต (ปรับปรุง 2566),ผู้ช่วยศาสตราจารย์ ดร.,ดวงมณี เลาวกุล,Ph.D.,Economics,"George Mason University, U.S.A",2547
เศรษฐศาสตรบัณฑิต (ปรับปรุง 2566),ผู้ช่วยศาสตราจารย์ ดร.,ดวงมณี เลาวกุล,ศ.ม.,เศรษฐศาสตร์,มหาวิทยาลัยธรรมศาสตร์,2536
เศรษฐศาสตรบัณฑิต (ปรับปรุง 2566),ผู้ช่วยศาสตราจารย์ ดร.,ดวงมณี เลาวกุล,ศ.ม.,เศรษฐศาสตร์,จุฬาลงกรณ์มหาวิทยาลัย,2533
เศรษฐศาสตรบัณฑิต (ปรับปรุง 2566),ผู้ช่วยศาสตราจารย์ ดร.,ชญานี ชวะโนทย์,Ph.D.,Economics,"Cornell University, U.S.A",2557
เศรษฐศาสตรบัณฑิต (ปรับปรุง 2566),ผู้ช่วยศาสตราจารย์ ดร.,ชญานี ชวะโนทย์,ศ.ม.,เศรษฐศาสตร์,มหาวิทยาลัยธรรมศาสตร์,2551
เศรษฐศาสตรบัณฑิต (ปรับปรุง 2566),ผู้ช่วยศาสตราจารย์ ดร.,ชญานี ชวะโนทย์,ศ.บ.,เศรษฐศาสตร์,มหาวิทยาลัยธรรมศาสตร์,2548
เศรษฐศาสตรบัณฑิต (ปรับปรุง 2566),รองศาสตราจารย์ ดร.,ศศิวิมล วรุณศิริ ปวีณวัฒน์,Ph.D.,Economics,"University of Colorado, Boulder, U.S.A",2553
เศรษฐศาสตรบัณฑิต (ปรับปรุง 2566),รองศาสตราจารย์ ดร.,ศศิวิมล วรุณศิริ ปวีณวัฒน์,M.A.,Economics,"University of Colorado, Boulder, U.S.A",2550
เศรษฐศาสตรบัณฑิต (ปรับปรุง 2566),รองศาสตราจารย์ ดร.,ศศิวิมล วรุณศิริ ปวีณวัฒน์,M.AppEc,Economics,"Monash University, Australia",2545
เศรษฐศาสตรบัณฑิต (ปรับปรุง 2566),รองศาสตราจารย์ ดร.,ศศิวิมล วรุณศิริ ปวีณวัฒน์,ศ.บ.,เศรษฐศาสตร์,มหาวิทยาลัยธรรมศาสตร์,2543
เศรษฐศาสตรบัณฑิต (ปรับปรุง 2566),อาจารย์ ดร.,ทีปกร จิร์ฐิติกุลชัย,Ph.D.,Agricultural Economics,"Texas A&M University, U.S.A",2557
เศรษฐศาสตรบัณฑิต (ปรับปรุง 2566),อาจารย์ ดร.,ทีปกร จิร์ฐิติกุลชัย,ศ.ม.,เศรษฐศาสตร์,มหาวิทยาลัยธรรมศาสตร์,2548
เศรษฐศาสตรบัณฑิต (ปรับปรุง 2566),อาจารย์ ดร.,ทีปกร จิร์ฐิติกุลชัย,ศ.บ.,เศรษฐศาสตร์,มหาวิทยาลัยขอนแก่น,2542
ศป.บ.ศิลปะการออกแบบพัสตราภรณ์(ปรับปรุง2566),อาจารย์ ดร.,นลินี เนติธรรมากร,PhD,Textile Technology and Design,"De Montfort University, UK",2564
ศป.บ.ศิลปะการออกแบบพัสตราภรณ์(ปรับปรุง2566),อาจารย์ ดร.,นลินี เนติธรรมากร,ศป.ม.,การออกแบบแฟชั่น,จุฬาลงกรณ์มหาวิทยาลัย,2556
ศป.บ.ศิลปะการออกแบบพัสตราภรณ์(ปรับปรุง2566),อาจารย์ ดร.,นลินี เนติธรรมากร,ศป.บ.,ศิลปะการออกแบบพัสตราภรณ์,มหาวิทยาลัยธรรมศาสตร์,2551
ศป.บ.ศิลปะการออกแบบพัสตราภรณ์(ปรับปรุง2566),ผู้ช่วยศาสตราจารย์,เกษหทัย สิงห์อินทร์,ปร.ด.,ออกแบบผลิตภัณฑ์ (ดีเยี่ยม),มหาวิทยาลัยอุบลราชธานี,2555
ศป.บ.ศิลปะการออกแบบพัสตราภรณ์(ปรับปรุง2566),ผู้ช่วยศาสตราจารย์,เกษหทัย สิงห์อินทร์,ศ.ม.,จิตรกรรม,มหาวิทยาลัยศิลปากร,2548
ศป.บ.ศิลปะการออกแบบพัสตราภรณ์(ปรับปรุง2566),ผู้ช่วยศาสตราจารย์,เกษหทัย สิงห์อินทร์,ศบ.,จิตรกรรม (เกียรตินิยม อันดับ 2),มหาวิทยาลัยศิลปากร,2543
ศป.บ.ศิลปะการออกแบบพัสตราภรณ์(ปรับปรุง2566),อาจารย์,วุฒิไกร ศิริผล,PhD,Textiles,"Royal College of Art, UK",2562
ศป.บ.ศิลปะการออกแบบพัสตราภรณ์(ปรับปรุง2566),อาจารย์,วุฒิไกร ศิริผล,M.A,Textiles,"Royal College of Art, UK",2518
ศป.บ.ศิลปะการออกแบบพัสตราภรณ์(ปรับปรุง2566),อาจารย์,วุฒิไกร ศิริผล,ศป.บ.,ศิลปะการออกแบบพัสตราภรณ์,มหาวิทยาลัยธรรมศาสตร์,2552
ศป.บ.ศิลปะการออกแบบพัสตราภรณ์(ปรับปรุง2566),ผู้ช่วยศาสตราจารย์,จิรัชญา วันจันทร์,ศ.ม.,นฤมิตศิลป์,จุฬาลงกรณ์มหาวิทยาลัย,2548
ศป.บ.ศิลปะการออกแบบพัสตราภรณ์(ปรับปรุง2566),ผู้ช่วยศาสตราจารย์,จิรัชญา วันจันทร์,ศ.บ.,ศิลปกรรมศาสตร์,วิทยาลัยครูสวนดุสิต,2537
ศป.บ.ศิลปะการออกแบบพัสตราภรณ์(ปรับปรุง2566),ผู้ช่วยศาสตราจารย์,บุญช่วย เกิดรี,ศ.ม.,จิตรกรรม,มหาวิทยาลัยศิลปากร,2549
ศป.บ.ศิลปะการออกแบบพัสตราภรณ์(ปรับปรุง2566),ผู้ช่วยศาสตราจารย์,บุญช่วย เกิดรี,ศ.บ.,จิตรกรรม,สถาบันเทคโนโลยีพระจอมเกล้าเจ้าคุณทหารลาดกระบัง,2543
ศป.บ.ศิลปะการออกแบบพัสตราภรณ์(ปรับปรุง2566),อาจารย์,ปรุฬห์ลภย์ พฤกษ์โสภี,ศ.ม.,นฤมิตศิลป์,จุฬาลงกรณ์มหาวิทยาลัย,2553
ศป.บ.ศิลปะการออกแบบพัสตราภรณ์(ปรับปรุง2566),อาจารย์,ปรุฬห์ลภย์ พฤกษ์โสภี,คศ.บ.,ผ้าและเครื่องแต่งกาย-อุตสาหกรรมเครื่องแต่งกาย,มหาวิทยาลัยเทคโนโลยีราชมงคลธัญบุรี,2543
ศป.บ.ออกแบบหัตถอุตสาหกรรมสร้างสรรค์(ใหม่2569),ผู้ช่วยศาสตราจารย์ ดร.,กิตติพงษ์ เกียรติวิภาค,ค.อ.ด.,ครุศาสตรอุตสาหกรรม (การศึกษาสถาปัตยกรรมและการออกแบบ),สถาบันเทคโนโลยีพระจอมเกล้าเจ้าคุณทหารลาดกระบัง,2564
ศป.บ.ออกแบบหัตถอุตสาหกรรมสร้างสรรค์(ใหม่2569),ผู้ช่วยศาสตราจารย์ ดร.,กิตติพงษ์ เกียรติวิภาค,ค.อ.ม.,เทคโนโลยีผลิตภัณฑ์อุตสาหกรรม,สถาบันเทคโนโลยีพระจอมเกล้าเจ้าคุณทหารลาดกระบัง,2548
ศป.บ.ออกแบบหัตถอุตสาหกรรมสร้างสรรค์(ใหม่2569),ผู้ช่วยศาสตราจารย์ ดร.,กิตติพงษ์ เกียรติวิภาค,ค.อ.บ,ศิลปะอุตสาหกรรม,สถาบันเทคโนโลยีพระจอมเกล้าเจ้าคุณทหารลาดกระบัง,2544
ศป.บ.ออกแบบหัตถอุตสาหกรรมสร้างสรรค์(ใหม่2569),ผู้ช่วยศาสตราจารย์,ศรีชนา เจริญเนตร,ค.อ.ม.,เทคโนโลยีผลิตภัณฑ์อุตสาหกรรม,สถาบันเทคโนโลยีพระจอมเกล้าเจ้าคุณทหารลาดกระบัง,2548
ศป.บ.ออกแบบหัตถอุตสาหกรรมสร้างสรรค์(ใหม่2569),ผู้ช่วยศาสตราจารย์,ศรีชนา เจริญเนตร,ศ.บ.,ออกแบบพาณิชย์ศิลป์,สถาบันเทคโนโลยีราชมงคลวิทยาเขตเพาะช่าง,2539
ศป.บ.ออกแบบหัตถอุตสาหกรรมสร้างสรรค์(ใหม่2569),ผู้ช่วยศาสตราจารย์,บุญช่วย เกิดรี,ศ.ม.,จิตรกรรม,มหาวิทยาลัยศิลปากร,2549
ศป.บ.ออกแบบหัตถอุตสาหกรรมสร้างสรรค์(ใหม่2569),ผู้ช่วยศาสตราจารย์,บุญช่วย เกิดรี,ศ.บ.,จิตรกรรม,สถาบันเทคโนโลยีพระจอมเกล้าเจ้าคุณทหารลาดกระบัง,2543
ศป.บ.ออกแบบหัตถอุตสาหกรรมสร้างสรรค์(ใหม่2569),อาจารย์ ดร.,บุษกร ฮวบแซ่ม,ปร.ด.,ศิลปะการออกแบบเชิงวัฒนธรรม,มหาวิทยาลัยศิลปากร,2567
ศป.บ.ออกแบบหัตถอุตสาหกรรมสร้างสรรค์(ใหม่2569),อาจารย์ ดร.,บุษกร ฮวบแซ่ม,ศ.ม.,ประยุกต์ศิลปศึกษา,มหาวิทยาลัยศิลปากร,2554
ศป.บ.ออกแบบหัตถอุตสาหกรรมสร้างสรรค์(ใหม่2569),อาจารย์ ดร.,บุษกร ฮวบแซ่ม,ศ.บ.,ประยุกต์ศิลปศึกษา,มหาวิทยาลัยศิลปากร,2547
ศป.บ.ออกแบบหัตถอุตสาหกรรมสร้างสรรค์(ใหม่2569),อาจารย์ ดร.,ธีรศักดิ์ สะกล,ค.อ.ด.,ครุศาสตร์อุตสาหกรรม,สถาบันเทคโนโลยีพระจอมเกล้าเจ้าคุณทหารลาดกระบัง,2564
ศป.บ.ออกแบบหัตถอุตสาหกรรมสร้างสรรค์(ใหม่2569),อาจารย์ ดร.,ธีรศักดิ์ สะกล,ศ.ษ.ม.,เทคโนโลยีทางการศึกษา,มหาวิทยาลัยเชียงใหม่,2548
ศิลปะการออกแบบเชิงวัฒนธรรม,อาจารย์ ดร.,ธีรศักดิ์ สะกล,ค.อ.บ.,ครุศาสตร์เทคโนโลยี เกียรตินิยมอันดับ 2,มหาวิทยาลัยเทคโนโลยีพระจอมเกล้าธนบุรี,2544
ศป.บ.ออกแบบหัตถอุตสาหกรรมสร้างสรรค์(ใหม่2569),ผู้ช่วยศาสตราจารย์,วีระจักร สุเอียนทรเมธี,ศศ.ม.,วัฒนธรรมศึกษา : พิพิธภัณฑ์และการอนุรักษ์วัตถุทางวัฒนธรรม,มหาวิทยาลัยมหิดล,2541
ศป.บ.ออกแบบหัตถอุตสาหกรรมสร้างสรรค์(ใหม่2569),ผู้ช่วยศาสตราจารย์,วีระจักร สุเอียนทรเมธี,ศ.บ.,เครื่องเคลือบดินเผา เกียรตินิยมอันดับ 2,มหาวิทยาลัยศิลปากร,2536
ศป.บ.ออกแบบหัตถอุตสาหกรรมสร้างสรรค์(ใหม่2569),ผู้ช่วยศาสตราจารย์,จำลอง สุวรรณชาติ,ศ.ม.,เครื่องเคลือบดินเผา,มหาวิทยาลัยศิลปากร,2552
ศป.บ.ออกแบบหัตถอุตสาหกรรมสร้างสรรค์(ใหม่2569),ผู้ช่วยศาสตราจารย์,จำลอง สุวรรณชาติ,ศ.บ.,เครื่องเคลือบดินเผา,มหาวิทยาลัยศิลปากร,2539
ศป.บ.ออกแบบหัตถอุตสาหกรรมสร้างสรรค์(ใหม่2569),ผู้ช่วยศาสตราจารย์ ดร.,รัชภูมิ ปัญส่งเสริม,Ph.D.,Design (Human Science International Course),"Kyushu University, Japan",2562
ศป.บ.ออกแบบหัตถอุตสาหกรรมสร้างสรรค์(ใหม่2569),ผู้ช่วยศาสตราจารย์ ดร.,รัชภูมิ ปัญส่งเสริม,ค.อ.ม.,เทคโนโลยีผลิตภัณฑ์อุตสาหกรรม,สถาบันเทคโนโลยีพระจอมเกล้าเจ้าคุณทหารลาดกระบัง,2549
ศป.บ.ออกแบบหัตถอุตสาหกรรมสร้างสรรค์(ใหม่2569),ผู้ช่วยศาสตราจารย์ ดร.,รัชภูมิ ปัญส่งเสริม,ค.อ.บ.,ครุศาสตร์เทคโนโลยี (เกียรตินิยมอันดับ2),มหาวิทยาลัยเทคโนโลยีพระจอมเกล้าธนบุรี,2543
ศป.บ.การละคอน(ปรับปรุง2566),รองศาสตราจารย์ ดร.,ปาริชาติ จึงวิวัฒนาภรณ์,Ph.D,Asian Theatre&Western Theatre,"University of Hawai'l at Manoa, USA",2553
ศป.บ.การละคอน(ปรับปรุง2566),รองศาสตราจารย์ ดร.,ปาริชาติ จึงวิวัฒนาภรณ์,M.F.A,Directing/Theatre for Youth,"Arizona state University, USA",2534
ศป.บ.การละคอน(ปรับปรุง2566),รองศาสตราจารย์ ดร.,ปาริชาติ จึงวิวัฒนาภรณ์,B.A.,Theatre&Film,"Hunter College of the CityUniversity of New York, USA",2530
ศป.บ.การละคอน(ปรับปรุง2566),ผู้ช่วยศาสตราจารย์,ณัฐคม แช่มเย็น,M.F.A.,Theatre Design,"Brooklyn College of The City University of New York, USA",2539
ศป.บ.การละคอน(ปรับปรุง2566),ผู้ช่วยศาสตราจารย์,ณัฐคม แช่มเย็น,นศ.บ.,ศิลปะการแสดง,มหาวิทยาลัยกรุงเทพ,2534
ศป.บ.การละคอน(ปรับปรุง2566),ผู้ช่วยศาสตราจารย์ ดร.,ภาวิณี บุญเสริม,Ph.D.,Drama,"University of Exeter, UK",2560
ศป.บ.การละคอน(ปรับปรุง2566),ผู้ช่วยศาสตราจารย์ ดร.,ภาวิณี บุญเสริม,ค.ม.,วิจัยการศึกษา,จุฬาลงกรณ์มหาวิทยาลัย,2546
ศป.บ.การละคอน(ปรับปรุง2566),ผู้ช่วยศาสตราจารย์ ดร.,ภาวิณี บุญเสริม,ศศ.บ,นาฏศิลป์ไทย,สถาบันเทคโนโลยีราชมงคล,2541
ศป.บ.การละคอน(ปรับปรุง2566),รองศาสตราจารย์ ดร.,อัศนีย์ เปลี่ยนศรี,ศป.ด.,ดุริยางค์ไทย,จุฬาลงกรณ์มหาวิทยาลัย,2558
ศป.บ.การละคอน(ปรับปรุง2566),รองศาสตราจารย์ ดร.,อัศนีย์ เปลี่ยนศรี,ศศ.ม.,ดุริยางค์ไทย,จุฬาลงกรณ์มหาวิทยาลัย,2549
ศป.บ.การละคอน(ปรับปรุง2566),รองศาสตราจารย์ ดร.,อัศนีย์ เปลี่ยนศรี,ค.บ.,ดนตรีศีกษา,จุฬาลงกรณ์มหาวิทยาลัย,2545
ศป.บ.การละคอน(ปรับปรุง2566),อาจารย์ ดร.,นรีรัตน์ พินิจธนสาร,ศป.ด.,ศิลปกรรม,จุฬาลงกรณ์มหาวิทยาลัย,2562
ศป.บ.การละคอน(ปรับปรุง2566),อาจารย์ ดร.,นรีรัตน์ พินิจธนสาร,ศศ.ม.,การบริหารงานวัฒนธรรม,มหาวิทยาลัยธรรมศาสตร์,2552
ศป.บ.การละคอน(ปรับปรุง2566),อาจารย์ ดร.,นรีรัตน์ พินิจธนสาร,ศป.บ.,นาฏยศิลป์ไทย,จุฬาลงกรณ์มหาวิทยาลัย,2542
ศป.บ.การบริหารจัดการศิลปะ(ใหม่2568),ผู้ช่วยศาสตราจารย์ ดร.,กฤษณะ พันธ์เพ็ง,Ph.D.,Drama,"University of Exeter, England.",2555
ศป.บ.การบริหารจัดการศิลปะ(ใหม่2568),ผู้ช่วยศาสตราจารย์ ดร.,กฤษณะ พันธ์เพ็ง,ศศ.ม.,การจัดการทางวัฒธรรม,จุฬาลงกรณมหาวิทยาลัย,2549
ศป.บ.การบริหารจัดการศิลปะ(ใหม่2568),ผู้ช่วยศาสตราจารย์ ดร.,กฤษณะ พันธ์เพ็ง,B.A.,Drama and Theatre Studies,"Royal Holloway and Bedford New College to the University of London, England.",2547
ศป.บ.การบริหารจัดการศิลปะ(ใหม่2568),อาจารย์ ดร.,ณวดี เศรษฐเมธีกุล,Ph.D.,Drama,"University of Exeter, England.",2565
ศป.บ.การบริหารจัดการศิลปะ(ใหม่2568),อาจารย์ ดร.,ณวดี เศรษฐเมธีกุล,M.A.,Theatre Practice,"University of Exeter, England.",2545
ศป.บ.การบริหารจัดการศิลปะ(ใหม่2568),อาจารย์ ดร.,ณวดี เศรษฐเมธีกุล,ศป.บ.,การละคอน,มหาวิทยาลัยธรรมศาสตร์,2543
ศป.บ.การบริหารจัดการศิลปะ(ใหม่2568),ผู้ช่วยศาสตราจารย์,ศรุพงษ์ สุดประเสริฐ,ศศ.ม.,ดนตรี,มหาวิทยาลัยมหิดล,2553
ศป.บ.การบริหารจัดการศิลปะ(ใหม่2568),ผู้ช่วยศาสตราจารย์,ศรุพงษ์ สุดประเสริฐ,ว.บ.,บริหารการสื่อสาร,มหาวิทยาลัยธรรมศาสตร์,2547
ศป.บ.การบริหารจัดการศิลปะ(ใหม่2568),ผู้ช่วยศาสตราจารย์,สรรพจน์ มาพบสุข,ศป.ม.,ประยุกตศิลปศึกษา,มหาวิทยาลัยศิลปากร,2546
ศป.บ.การบริหารจัดการศิลปะ(ใหม่2568),ผู้ช่วยศาสตราจารย์,สรรพจน์ มาพบสุข,ศป.บ.,ประยุกตศิลปศึกษา,มหาวิทยาลัยศิลปากร,2541
ศป.บ.การบริหารจัดการศิลปะ(ใหม่2568),ผู้ช่วยศาสตราจารย์,ศิรินทร์ ใจเที่ยง,สม.ม.,มานุษยวิทยา,มหาวิทยาลัยธรรมศาสตร์,2544
ศป.บ.การบริหารจัดการศิลปะ(ใหม่2568),ผู้ช่วยศาสตราจารย์,ศิรินทร์ ใจเที่ยง,ศศ.บ.,การละคอน,มหาวิทยาลัยธรรมศาสตร์,2532
270868 มคอ.2 ศศ.บ. โลกคดีศึกษาและการประกอบการสังคม(นานาชาติ ปป. 2566),ผู้ช่วยศาสตราจารย์,พิทักษ์ศักดิ์ ทิศาภาคย์,Ph.D.,Media Studies,"School of Oriental and African Studies, UK",2558
270868 มคอ.2 ศศ.บ. โลกคดีศึกษาและการประกอบการสังคม(นานาชาติ ปป. 2566),ผู้ช่วยศาสตราจารย์,พิทักษ์ศักดิ์ ทิศาภาคย์,M.A.withMerit,New Media andSociety,"University of Leicester, UK",2554
270868 มคอ.2 ศศ.บ. โลกคดีศึกษาและการประกอบการสังคม(นานาชาติ ปป. 2566),ผู้ช่วยศาสตราจารย์,พิทักษ์ศักดิ์ ทิศาภาคย์,M.A.,MassCommunication,"Thammasat University,Thailand",2546
270868 มคอ.2 ศศ.บ. โลกคดีศึกษาและการประกอบการสังคม(นานาชาติ ปป. 2566),ผู้ช่วยศาสตราจารย์,พิทักษ์ศักดิ์ ทิศาภาคย์,B.A.,AdministrationRadio andTelevision,"Thammasat University,Thailand",2542
270868 มคอ.2 ศศ.บ. โลกคดีศึกษาและการประกอบการสังคม(นานาชาติ ปป. 2566),ผู้ช่วยศาสตราจารย์,อีสวาน ราโด,Ph.D.,Political Science,"University of Vienna, Austria",2558
270868 มคอ.2 ศศ.บ. โลกคดีศึกษาและการประกอบการสังคม(นานาชาติ ปป. 2566),ผู้ช่วยศาสตราจารย์,อีสวาน ราโด,Mag.rer.soc.oec(Master’sdegreeequivalent),Socio-Politics,"University of Linz, Austria",2549
270868 มคอ.2 ศศ.บ. โลกคดีศึกษาและการประกอบการสังคม(นานาชาติ ปป. 2566),ผู้ช่วยศาสตราจารย์,เช็ค โมหมัด อัลตาเฟอร์ รามัน,Ph.D.,Human Rights and Peace Studies,"Mahidol University, Thailand",2552
270868 มคอ.2 ศศ.บ. โลกคดีศึกษาและการประกอบการสังคม(นานาชาติ ปป. 2566),ผู้ช่วยศาสตราจารย์,เช็ค โมหมัด อัลตาเฟอร์ รามัน,M.A.,Human Rightsand SocialDevelopment,"Mahidol University, Thailand",2547
270868 มคอ.2 ศศ.บ. โลกคดีศึกษาและการประกอบการสังคม(นานาชาติ ปป. 2566),ผู้ช่วยศาสตราจารย์,เช็ค โมหมัด อัลตาเฟอร์ รามัน,LL.M.,Law,"Chittagong University,Bangladesh",2543
270868 มคอ.2 ศศ.บ. โลกคดีศึกษาและการประกอบการสังคม(นานาชาติ ปป. 2566),ผู้ช่วยศาสตราจารย์,ปิยะสุดา เพ่งสภา,Ph.D.,Sociology,"Binghamton University, State University of New York Harpur College of Art & Sciences, U.S.A.",2544
270868 มคอ.2 ศศ.บ. โลกคดีศึกษาและการประกอบการสังคม(นานาชาติ ปป. 2566),ผู้ช่วยศาสตราจารย์,ปิยะสุดา เพ่งสภา,M.A.,Sociology,"Brandeis University,Waltham, MassachusettsGraduate School of Arts &Sciences, U.S.A.",2537
270868 มคอ.2 ศศ.บ. โลกคดีศึกษาและการประกอบการสังคม(นานาชาติ ปป. 2566),ผู้ช่วยศาสตราจารย์,ปิยะสุดา เพ่งสภา,B.A.,Sociology,"University at Albany, StateUniversity of New York,College of Art & Sciences,U.S.A.",2535
270868 มคอ.2 ศศ.บ. โลกคดีศึกษาและการประกอบการสังคม(นานาชาติ ปป. 2566),ศาสตราจารย์,นันทวรณ วิจิตรวาทการ,Dr.P.H.,Public Health,"School of Public Health, University of California at Los Angeles, USA.",2530
270868 มคอ.2 ศศ.บ. โลกคดีศึกษาและการประกอบการสังคม(นานาชาติ ปป. 2566),ศาสตราจารย์,นันทวรณ วิจิตรวาทการ,M.P.H,Public Health,"School of Public Health,University of California atLos Angeles, USA,",2537
270868 มคอ.2 ศศ.บ. โลกคดีศึกษาและการประกอบการสังคม(นานาชาติ ปป. 2566),ศาสตราจารย์,นันทวรณ วิจิตรวาทการ,M.Sc.,Bio-statistics &Epidemiology,"California State University,Northridge, California, USA",2521
270868 มคอ.2 ศศ.บ. โลกคดีศึกษาและการประกอบการสังคม(นานาชาติ ปป. 2566),ศาสตราจารย์,นันทวรณ วิจิตรวาทการ,B.Sc.,Biology,"University of California atLos Angeles, USA",2518
4-BUP66-26-การผังเมืองบัณฑิต66-กมอ.10-1-67,รองศาสตราจารย์ ดร.,กฤตพร ห้าวเจริญ,ผ.ด.,การวางแผนภาคและเมือง,จุฬาลงกรณ์มหาวิทยาลัย,2555
4-BUP66-26-การผังเมืองบัณฑิต66-กมอ.10-1-67,รองศาสตราจารย์ ดร.,กฤตพร ห้าวเจริญ,ผ.ม.,การวางผังเมือง,จุฬาลงกรณ์มหาวิทยาลัย,2546
4-BUP66-26-การผังเมืองบัณฑิต66-กมอ.10-1-67,รองศาสตราจารย์ ดร.,กฤตพร ห้าวเจริญ,ศล.บ.,ประยุกตศิลปศึกษา (เกียรตินิยมอันดับ 1),มหาวิทยาลัยศิลปากร,2544
4-BUP66-26-การผังเมืองบัณฑิต66-กมอ.10-1-67,ผู้ช่วยศาสตราจารย์ ดร.,มานัส ศรีวณิช,Ph.D.,Science and Advanced Technology (City Planning),"Saga University, Japan",2556
4-BUP66-26-การผังเมืองบัณฑิต66-กมอ.10-1-67,ผู้ช่วยศาสตราจารย์ ดร.,มานัส ศรีวณิช,ผ.ม.,การวางผังเมือง,จุฬาลงกรณ์มหาวิทยาลัย,2548
4-BUP66-26-การผังเมืองบัณฑิต66-กมอ.10-1-67,ผู้ช่วยศาสตราจารย์ ดร.,มานัส ศรีวณิช,วท.บ.,ภูมิศาสตร์ (เกียรตินิยมอันดับ 2),มหาวิทยาลัยเชียงใหม่,2545
4-BUP66-26-การผังเมืองบัณฑิต66-กมอ.10-1-67,รองศาสตราจารย์ ดร.,นิจ ตันติศิรินทร์,Ph.D.,Regional Science,"Cornell University, USA",2556
4-BUP66-26-การผังเมืองบัณฑิต66-กมอ.10-1-67,รองศาสตราจารย์ ดร.,นิจ ตันติศิรินทร์,M.Sc.,Regional Science,"Cornell University, USA",2554
4-BUP66-26-การผังเมืองบัณฑิต66-กมอ.10-1-67,รองศาสตราจารย์ ดร.,นิจ ตันติศิรินทร์,M.U.P.,Urban Planning,"Harvard University, USA  ",2549
4-BUP66-26-การผังเมืองบัณฑิต66-กมอ.10-1-67,รองศาสตราจารย์ ดร.,นิจ ตันติศิรินทร์,สถ.บ.,สถาปัตยกรรม (เกียรตินิยมอันดับ 1),จุฬาลงกรณ์มหาวิทยาลัย,2546
4-BUP66-26-การผังเมืองบัณฑิต66-กมอ.10-1-67,ผู้ช่วยศาสตราจารย์,พุฒพัณณิน คำวชิระพิทักษ์,ผ.ม.,การวางแผนชุมชนเมืองและสภาพแวดล้อม,สถาบันเทคโนโลยีพระจอมเกล้าเจ้าคุณทหารลาดกระบัง,2547
4-BUP66-26-การผังเมืองบัณฑิต66-กมอ.10-1-67,ผู้ช่วยศาสตราจารย์,พุฒพัณณิน คำวชิระพิทักษ์,วท.บ.,ภูมิศาสตร์,มหาวิทยาลัยศรีนครินทรวิโรฒ,2540
4-BUP66-26-การผังเมืองบัณฑิต66-กมอ.10-1-67,ผู้ช่วยศาสตราจารย์,วราลักษณ์ คงอ้วน,ผ.ม.,การวางแผนภาค,จุฬาลงกรณ์มหาวิทยาลัย,2547
4-BUP66-26-การผังเมืองบัณฑิต66-กมอ.10-1-67,ผู้ช่วยศาสตราจารย์,วราลักษณ์ คงอ้วน,วท.บ.,วิทยาศาสตร์สิ่งแวดล้อม,มหาวิทยาลัยธรรมศาสตร์,2544
5-BRD66-วทบ-สถาปัตยกรรม เพื่อการพัฒนาอสังหาริมทรัพย์66-กมอ.10-1-67,ผู้ช่วยศาสตราจารย์,มณิพร สัมพันธารักษ์,สถ.ม.,สถาปัตยกรรม,มหาวิทยาลัยธรรมศาสตร์,2551
5-BRD66-วทบ-สถาปัตยกรรม เพื่อการพัฒนาอสังหาริมทรัพย์66-กมอ.10-1-67,ผู้ช่วยศาสตราจารย์,มณิพร สัมพันธารักษ์,วท.บ.,สถาปัตยกรรม,มหาวิทยาลัยธรรมศาสตร์,2549
5-BRD66-วทบ-สถาปัตยกรรม เพื่อการพัฒนาอสังหาริมทรัพย์66-กมอ.10-1-67,ผู้ช่วยศาสตราจารย์,วิรุจน์ สมโสภณ,สถ.ม.,สถาปัตยกรรม,จุฬาลงกรณ์มหาวิทยาลัย,2550
5-BRD66-วทบ-สถาปัตยกรรม เพื่อการพัฒนาอสังหาริมทรัพย์66-กมอ.10-1-67,ผู้ช่วยศาสตราจารย์,วิรุจน์ สมโสภณ,สถ.บ.,สถาปัตยกรรม,มหาวิทยาลัยขอนแก่น,2546
5-BRD66-วทบ-สถาปัตยกรรม เพื่อการพัฒนาอสังหาริมทรัพย์66-กมอ.10-1-67,ผู้ช่วยศาสตราจารย์,เอนก สุวรรณชัยสกุล,สถ.ม.,สถาปัตยกรรม,มหาวิทยาลัยธรรมศาสตร์,2549
5-BRD66-วทบ-สถาปัตยกรรม เพื่อการพัฒนาอสังหาริมทรัพย์66-กมอ.10-1-67,ผู้ช่วยศาสตราจารย์,เอนก สุวรรณชัยสกุล,วท.บ.,สถาปัตยกรรม,มหาวิทยาลัยธรรมศาสตร์,2547
5-BRD66-วทบ-สถาปัตยกรรม เพื่อการพัฒนาอสังหาริมทรัพย์66-กมอ.10-1-67,อาจารย์ ดร.,อาลิตา ฉลาดดี,Ph.D.,Urban Environmental management,Asian Institute of Technology,2565
5-BRD66-วทบ-สถาปัตยกรรม เพื่อการพัฒนาอสังหาริมทรัพย์66-กมอ.10-1-67,อาจารย์ ดร.,อาลิตา ฉลาดดี,สถ.ม.,สถาปัตยกรรม,มหาวิทยาลัยเชียงใหม่,2557
5-BRD66-วทบ-สถาปัตยกรรม เพื่อการพัฒนาอสังหาริมทรัพย์66-กมอ.10-1-67,อาจารย์ ดร.,อาลิตา ฉลาดดี,สถ.บ.,สถาปัตยกรรม,มหาวิทยาลัยเชียงใหม่,2555
5-BRD66-วทบ-สถาปัตยกรรม เพื่อการพัฒนาอสังหาริมทรัพย์66-กมอ.10-1-67,ผู้ช่วยศาสตราจารย์ ดร.,ชมพูนุท คงพุนพิน,ปร.ด.,สหวิทยาการสภาพแวดล้อมสรรค์สร้าง,มหาวิทยาลัยธรรมศาสตร์,2562
5-BRD66-วทบ-สถาปัตยกรรม เพื่อการพัฒนาอสังหาริมทรัพย์66-กมอ.10-1-67,ผู้ช่วยศาสตราจารย์ ดร.,ชมพูนุท คงพุนพิน,สถ.ม.,สถาปัตยกรรม,มหาวิทยาลัยเชียงใหม่,2557
5-BRD66-วทบ-สถาปัตยกรรม เพื่อการพัฒนาอสังหาริมทรัพย์66-กมอ.10-1-67,ผู้ช่วยศาสตราจารย์ ดร.,ชมพูนุท คงพุนพิน,สถ.บ.,สถาปัตยกรรม,มหาวิทยาลัยเชียงใหม่,2555
3-BLN66-ภูมิสถาปัตยกรรมบัณฑิต66-10-1-67,รองศาสตราจารย์ ดร.,พัทมน เสลานนท์,Ph.D.,Landscape Architecture (History and Theory),"University of Newcastle upon Tyne, UK",2560
3-BLN66-ภูมิสถาปัตยกรรมบัณฑิต66-10-1-67,รองศาสตราจารย์ ดร.,พัทมน เสลานนท์,M.L.A.,Landscape Architecture,"University of Oklahoma, USA",2545
3-BLN66-ภูมิสถาปัตยกรรมบัณฑิต66-10-1-67,รองศาสตราจารย์ ดร.,พัทมน เสลานนท์,สถ.บ.,สถาปัตยกรรม,สถาบันเทคโนโลยีพระจอมเกล้าเจ้าคุณทหารลาดกระบัง,2539
3-BLN66-ภูมิสถาปัตยกรรมบัณฑิต66-10-1-67,ผู้ช่วยศาสตราจารย์,ภวินท์ สิริสาลี,ภ.สถ.ม.,ภูมิสถาปัตยกรรม,จุฬาลงกรณ์มหาวิทยาลัย,2551
3-BLN66-ภูมิสถาปัตยกรรมบัณฑิต66-10-1-67,ผู้ช่วยศาสตราจารย์,ภวินท์ สิริสาลี,ภ.สถ.ม.,ภูมิสถาปัตยกรรม,มหาวิทยาลัยเกษตรศาสตร,2549
3-BLN66-ภูมิสถาปัตยกรรมบัณฑิต66-10-1-67,ผู้ช่วยศาสตราจารย์ ดร.,ปราณิศา บุญค้ำ,M.LA.,Landscape Architecture,"Harvard University, USA",2544
3-BLN66-ภูมิสถาปัตยกรรมบัณฑิต66-10-1-67,ผู้ช่วยศาสตราจารย์ ดร.,ปราณิศา บุญค้ำ,ภ.สถ.บ.,ภูมิสถาปัตยกรรม (เกียรตินิยม),จุฬาลงกรณ์มหาวิทยาลัย,2539
3-BLN66-ภูมิสถาปัตยกรรมบัณฑิต66-10-1-67,รองศาสตราจารย์ ดร.,ชุมเขต แสวงเจริญ,ปร.ด.,การใช้ที่ดินและการจัดการทรัพยากรธรรมชาติอย่างยั่งยืน,มหาวิทยาลัยเกษตรศาสตร,2560
3-BLN66-ภูมิสถาปัตยกรรมบัณฑิต66-10-1-67,รองศาสตราจารย์ ดร.,ชุมเขต แสวงเจริญ,ภ.สถ.ม.,ภูมิสถาปัตยกรรม,จุฬาลงกรณ์มหาวิทยาลัย,2549
3-BLN66-ภูมิสถาปัตยกรรมบัณฑิต66-10-1-67,รองศาสตราจารย์ ดร.,ชุมเขต แสวงเจริญ,สถ.บ.,สถาปัตยกรรม,มหาวิทยาลัยขอนแก่น,2546
3-BLN66-ภูมิสถาปัตยกรรมบัณฑิต66-10-1-67,ผู้ช่วยศาสตราจารย์,ศุภวัจน์ แก้วขาว,วท.บ.,พืชสวน,มหาวิทยาลัยเกษตรศาสตร,2535
6-B-DBTM66-วท.บ.การจัดการออกแบบ ธุรกิจฯ66-กมอ.10-68(P20-10-68),อาจารย์,ดร. สุรพิชย์ พรหมสิทธิ์,Ph.D.,Education,"University of Western Sydney, Australia",2547
6-B-DBTM66-วท.บ.การจัดการออกแบบ ธุรกิจฯ66-กมอ.10-68(P20-10-68),อาจารย์,ดร. สุรพิชย์ พรหมสิทธิ์,M.B.A.,Tourism,"Universitiy of Technology, Australia",2542
6-B-DBTM66-วท.บ.การจัดการออกแบบ ธุรกิจฯ66-กมอ.10-68(P20-10-68),อาจารย์,ดร. สุรพิชย์ พรหมสิทธิ์,ศศ.บ.,ภาษาอังกฤษธุรกิจ (เกียรตินิยม),มหาวิทยาลัยอัสสัมชัญ,2541
6-B-DBTM66-วท.บ.การจัดการออกแบบ ธุรกิจฯ66-กมอ.10-68(P20-10-68),อาจารย์,"Hyun Wook Hwangbo, Ph.D.",Ph.D.,Design,"Lancaster Institutes for theContemporary Arts, LancasterUniversity, United Kingdom",2559
6-B-DBTM66-วท.บ.การจัดการออกแบบ ธุรกิจฯ66-กมอ.10-68(P20-10-68),อาจารย์,"Hyun Wook Hwangbo, Ph.D.",M.A.,Design & Branding Strategy,"Department of Design, BrunelUniversity, London, UnitedKingdom",2552
6-B-DBTM66-วท.บ.การจัดการออกแบบ ธุรกิจฯ66-กมอ.10-68(P20-10-68),อาจารย์,"Hyun Wook Hwangbo, Ph.D.",M.A.,Design,"Gradeate School of Design,SungKyunKwan University,Seoul, South Korea",2548
6-B-DBTM66-วท.บ.การจัดการออกแบบ ธุรกิจฯ66-กมอ.10-68(P20-10-68),อาจารย์,"Hyun Wook Hwangbo, Ph.D.",B.A.,"Business Management and EnglishLanguage,","Linguistics & Literature (DoubleMajor), SungKyunKwanUniversity, Seoul, South Korea",2546
6-B-DBTM66-วท.บ.การจัดการออกแบบ ธุรกิจฯ66-กมอ.10-68(P20-10-68),ผู้ช่วยศาสตราจารย์,ดร.อรรฆพันธ์ เธียรถาวร,Ph.D.,Design & Creative Industries Management,"University for the Creative Arts, UK",2561
6-B-DBTM66-วท.บ.การจัดการออกแบบ ธุรกิจฯ66-กมอ.10-68(P20-10-68),ผู้ช่วยศาสตราจารย์,ดร.อรรฆพันธ์ เธียรถาวร,ศป.ม.,นฤมิตศิลป์ (เรขศิลป์),จุฬาลงกรณ์มหาวิทยาลัย,2549
6-B-DBTM66-วท.บ.การจัดการออกแบบ ธุรกิจฯ66-กมอ.10-68(P20-10-68),ผู้ช่วยศาสตราจารย์,ดร.อรรฆพันธ์ เธียรถาวร,วท.บ.,ออกแบบผลิตภัณฑ์อุตสาหกรรม,มหาวิทยาลัยสวนดุสิต,2545
6-B-DBTM66-วท.บ.การจัดการออกแบบ ธุรกิจฯ66-กมอ.10-68(P20-10-68),อาจารย์,Massimo Ingegno,M.Sc.,International Planning,"University Collage London, UK",2558
6-B-DBTM66-วท.บ.การจัดการออกแบบ ธุรกิจฯ66-กมอ.10-68(P20-10-68),อาจารย์,Massimo Ingegno,M.Sc.,International Development (UrbanDevelopment),"University of Birmingham, UK",2556
6-B-DBTM66-วท.บ.การจัดการออกแบบ ธุรกิจฯ66-กมอ.10-68(P20-10-68),อาจารย์,Massimo Ingegno,B.Sc.,Economic Development & InternationalCooperation,"University of Florance, Italy",2555
6-B-DBTM66-วท.บ.การจัดการออกแบบ ธุรกิจฯ66-กมอ.10-68(P20-10-68),ผู้ช่วยศาสตราจารย์,"Kim Neil Irvine, Ph.D.",Ph.D.,Geography,McMaster University,2532
6-B-DBTM66-วท.บ.การจัดการออกแบบ ธุรกิจฯ66-กมอ.10-68(P20-10-68),ผู้ช่วยศาสตราจารย์,"Kim Neil Irvine, Ph.D.",M.Sc.,Geography,McMaster University,2528
6-B-DBTM66-วท.บ.การจัดการออกแบบ ธุรกิจฯ66-กมอ.10-68(P20-10-68),ผู้ช่วยศาสตราจารย์,"Kim Neil Irvine, Ph.D.",B.Sc.,Geography,University of Toronto,2526
1-BAR66-วทบ-สถาปัตยกรรม66-กมอ.10-1-67,ผู้ช่วยศาสตราจารย์,สมรรถพล ตาณพันธุ์,สถ.ม.,สถาปัตยกรรม,มหาวิทยาลัยธรรมศาสตร์,2545
1-BAR66-วทบ-สถาปัตยกรรม66-กมอ.10-1-67,ผู้ช่วยศาสตราจารย์,สมรรถพล ตาณพันธุ์,วท.บ.,สถาปตยกรรม (เกียรตินิยม),มหาวิทยาลัยธรรมศาสตร์,2547
1-BAR66-วทบ-สถาปัตยกรรม66-กมอ.10-1-67,ผู้ช่วยศาสตราจารย์,พฤฒิพร ลพเกิด,สถ.ม.,สถาปัตยกรรม,จุฬาลงกรณ์มหาวิทยาลัย,2550
1-BAR66-วทบ-สถาปัตยกรรม66-กมอ.10-1-67,ผู้ช่วยศาสตราจารย์,พฤฒิพร ลพเกิด,สถ.บ.,สถาปัตยกรรม,มหาวิทยาลัยเกษตรศาสตร,2543
1-BAR66-วทบ-สถาปัตยกรรม66-กมอ.10-1-67,อาจารย์ ดร.,กนกวรรณ ตระกูลยิ่งเจริญ,Ph.D.,Building Engineering,"Universita degli studi di Roma, Italy",2555
1-BAR66-วทบ-สถาปัตยกรรม66-กมอ.10-1-67,อาจารย์ ดร.,กนกวรรณ ตระกูลยิ่งเจริญ,M.Arch.,History of Architecture,"University of Rome III, Italy",2552
1-BAR66-วทบ-สถาปัตยกรรม66-กมอ.10-1-67,อาจารย์ ดร.,กนกวรรณ ตระกูลยิ่งเจริญ,สถ.บ.,สถาปัตยกรรม,สถาบันเทคโนโลยีพระจอมเกลาเจาคุณทหารลาดกระบัง,2544
1-BAR66-วทบ-สถาปัตยกรรม66-กมอ.10-1-67,ผู้ช่วยศาสตราจารย์,นิรันดร ทองอรุณ,M.Arch.,Architecture with Distinction,"University of Michigan, Ann Arbor, USA",2549
1-BAR66-วทบ-สถาปัตยกรรม66-กมอ.10-1-67,ผู้ช่วยศาสตราจารย์,นิรันดร ทองอรุณ,สถ.บ.,สถาปัตยกรรม (เกียรตินิยม),มหาวิทยาลัยรังสิต,2537
1-BAR66-วทบ-สถาปัตยกรรม66-กมอ.10-1-67,ผู้ช่วยศาสตราจารย์ ดร.,ชาวี บุษยรัตน์,Ph.D.,Science of Engineering Profession,"Graduate School of Arts et Metiers Paris Tech, France",2553
1-BAR66-วทบ-สถาปัตยกรรม66-กมอ.10-1-67,ผู้ช่วยศาสตราจารย์ ดร.,ชาวี บุษยรัตน์,M.Sc.,Science of Information and System,"University of Provence, of Mediterranee,France",2549
1-BAR66-วทบ-สถาปัตยกรรม66-กมอ.10-1-67,ผู้ช่วยศาสตราจารย์ ดร.,ชาวี บุษยรัตน์,M.Sc.,Careers of Digital Design andApplications,"University of Provence, of Mediterranee,France",2548
1-BAR66-วทบ-สถาปัตยกรรม66-กมอ.10-1-67,ผู้ช่วยศาสตราจารย์ ดร.,ชาวี บุษยรัตน์,สถ.บ.,สถาปัตยกรรม,มหาวิทยาลัยเกษตรศาสตร์,2545
2-BIA66-สถาปัตยกรรมภายในบัณฑิต66-กมอ.10-1-67,ผู้ช่วยศาสตราจารย์,บุษกร รมยานนท์,M.A.,Environmental Factors: Interiors,"California State University, Long Beach, USA",2536
2-BIA66-สถาปัตยกรรมภายในบัณฑิต66-กมอ.10-1-67,ผู้ช่วยศาสตราจารย์,บุษกร รมยานนท์,สถ.บ.,สถาปัตยกรรมภายใน,สถาบันเทคโนโลยีพระจอมเกล้าเจ้าคุณทหารลาดกระบัง,2530
2-BIA66-สถาปัตยกรรมภายในบัณฑิต66-กมอ.10-1-67,ผู้ช่วยศาสตราจารย์ ดร.,บุญอนันต์ นทกุล,Ph.D.,Community planning and design,"The University of Melbourne, Australia",2556
2-BIA66-สถาปัตยกรรมภายในบัณฑิต66-กมอ.10-1-67,ผู้ช่วยศาสตราจารย์ ดร.,บุญอนันต์ นทกุล,M.P.D.,Energy Conservation inArchitecture,"The University of Melbourne, Australia",2551
2-BIA66-สถาปัตยกรรมภายในบัณฑิต66-กมอ.10-1-67,ผู้ช่วยศาสตราจารย์ ดร.,บุญอนันต์ นทกุล,สถ.บ.,สถาปัตยกรรมภายใน (เกียรตินิยมอันดับ 1),สถาบันเทคโนโลยีพระจอมเกลาเจาคุณทหารลาดกระบัง,2545
2-BIA66-สถาปัตยกรรมภายในบัณฑิต66-กมอ.10-1-67,ผู้ช่วยศาสตราจารย์ ดร.,กัลยา ตันติยาสวัสดิกุล,Ph.D.,Policy Science,"Ritsumeikan University, Japan",2557
2-BIA66-สถาปัตยกรรมภายในบัณฑิต66-กมอ.10-1-67,ผู้ช่วยศาสตราจารย์ ดร.,กัลยา ตันติยาสวัสดิกุล,M.A.,Interior & Spatial Design,"University of the Arts London, UK",2548
2-BIA66-สถาปัตยกรรมภายในบัณฑิต66-กมอ.10-1-67,ผู้ช่วยศาสตราจารย์ ดร.,กัลยา ตันติยาสวัสดิกุล,สถ.บ.,สถาปัตยกรรม,สถาบันเทคโนโลยีพระจอมเกลาเจาคุณทหารลาดกระบัง,2543
2-BIA66-สถาปัตยกรรมภายในบัณฑิต66-กมอ.10-1-67,อาจารย์,นภมณี ทรัพย์สุนทรกุล,M.F.A.,Furniture Design,"Savannah College of Art and Design, USA",2546
2-BIA66-สถาปัตยกรรมภายในบัณฑิต66-กมอ.10-1-67,อาจารย์,นภมณี ทรัพย์สุนทรกุล,สถ.บ.,สถาปัตยกรรมภายใน,สถาบันเทคโนโลยีพระจอมเกลาเจาคุณทหารลาดกระบัง,2539
2-BIA66-สถาปัตยกรรมภายในบัณฑิต66-กมอ.10-1-67,อาจารย์,เพชร จิตต์สุวรรณ,M.F.A,Interior Architecture,"Konstfack University, Sweden",2542
2-BIA66-สถาปัตยกรรมภายในบัณฑิต66-กมอ.10-1-67,อาจารย์,เพชร จิตต์สุวรรณ,B.A.,Interior Architecture,"Trier University of Applied Sciences, Germany",2540
ศศ.บ.นโยบายสังคมและการพัฒนา  (ใหม่ 2568),อาจารย์ ดร.,วิไลลักษณ์ อยู่สำราญ,รป.ด,นโยบายสาธารณะและการจัดการภาครัฐ,มหาวิทยาลัยมหิดล,2561
ศศ.บ.นโยบายสังคมและการพัฒนา  (ใหม่ 2568),อาจารย์ ดร.,วิไลลักษณ์ อยู่สำราญ,สม.ม.,สังคมวิทยา,มหาวิทยาลัยธรรมศาสตร์,2546
ศศ.บ.นโยบายสังคมและการพัฒนา  (ใหม่ 2568),อาจารย์ ดร.,วิไลลักษณ์ อยู่สำราญ,วท.บ.,สังคมวิทยาและมานุษยวิทยา,มหาวิทยาลัยเชียงใหม่,2542
ศศ.บ.นโยบายสังคมและการพัฒนา  (ใหม่ 2568),ผู้ช่วยศาสตราจารย์ ดร.,ธันยา รุจิเสถียรทรัพย์,กศ.ด,พัฒนศึกษาศาสตร์,มหาวิทยาลัยศรีนครินทรวิโรฒ,2552
ศศ.บ.นโยบายสังคมและการพัฒนา  (ใหม่ 2568),ผู้ช่วยศาสตราจารย์ ดร.,ธันยา รุจิเสถียรทรัพย์,สส.ม.,สังคมสงเคราะห์ศาสตร์,มหาวิทยาลัยธรรมศาสตร์,2546
ศศ.บ.นโยบายสังคมและการพัฒนา  (ใหม่ 2568),ผู้ช่วยศาสตราจารย์ ดร.,ธันยา รุจิเสถียรทรัพย์,สส.บ.,สังคมสงเคราะห์ศาสตร์,มหาวิทยาลัยธรรมศาสตร์,2542
ศศ.บ.นโยบายสังคมและการพัฒนา  (ใหม่ 2568),ผู้ช่วยศาสตราจารย์,พิมพ์ฉัตร รสสุธรรม,สส.ม.,สังคมสงเคราะห์ศาสตร์,มหาวิทยาลัยธรรมศาสตร์,2545
ศศ.บ.นโยบายสังคมและการพัฒนา  (ใหม่ 2568),ผู้ช่วยศาสตราจารย์,พิมพ์ฉัตร รสสุธรรม,สส.บ.,สังคมสงเคราะห์ศาสตร์,มหาวิทยาลัยธรรมศาสตร์,2541
ศศ.บ.นโยบายสังคมและการพัฒนา  (ใหม่ 2568),ผู้ช่วยศาสตราจารย์ ดร.,ธัญญาภรณ์ จันทรเวช,ศศ.ด.,สังคมวิทยาและมานุษยวิทยา,จุฬาลงกรณ์มหาวิทยาลัย,2567
ศศ.บ.นโยบายสังคมและการพัฒนา  (ใหม่ 2568),ผู้ช่วยศาสตราจารย์ ดร.,ธัญญาภรณ์ จันทรเวช,สค.ม.,สังคมวิทยา,จุฬาลงกรณ์มหาวิทยาลัย,2549
ศศ.บ.นโยบายสังคมและการพัฒนา  (ใหม่ 2568),ผู้ช่วยศาสตราจารย์ ดร.,ธัญญาภรณ์ จันทรเวช,สส.บ.,สังคมสงเคราะห์ศาสตร์,มหาวิทยาลัยธรรมศาสตร์,2544
ศศ.บ.นโยบายสังคมและการพัฒนา  (ใหม่ 2568),ผู้ช่วยศาสตราจารย์ ดร.,สุกัญญา มีสกุลทอง,ศศ.ด.,ประชากรศาสตร์,จุฬาลงกรณ์มหาวิทยาลัย,2564
ศศ.บ.นโยบายสังคมและการพัฒนา  (ใหม่ 2568),ผู้ช่วยศาสตราจารย์ ดร.,สุกัญญา มีสกุลทอง,รส.ม.,พัฒนาแรงงานและสวัสดิการ,มหาวิทยาลัยธรรมศาสตร์,2556
ศศ.บ.นโยบายสังคมและการพัฒนา  (ใหม่ 2568),ผู้ช่วยศาสตราจารย์ ดร.,สุกัญญา มีสกุลทอง,สส.บ.,สังคมสงเคราะห์ศาสตร์,มหาวิทยาลัยธรรมศาสตร์,2553
สังคมสงเคราะห์ศาสตรบัณฑิต (ปรับปรุง 2566) ศูนย์ลำปาง,ผู้ช่วยศาสตราจารย์,พิมพ์ฉัตร รสสุธรรม,สส.ม.,สังคมสงเคราะห์ศาสตร์,มหาวิทยาลัยธรรมศาสตร์,2545
สังคมสงเคราะห์ศาสตรบัณฑิต (ปรับปรุง 2566) ศูนย์ลำปาง,ผู้ช่วยศาสตราจารย์,พิมพ์ฉัตร รสสุธรรม,สส.บ.,สังคมสงเคราะห์ศาสตร์,มหาวิทยาลัยธรรมศาสตร์,2541
สังคมสงเคราะห์ศาสตรบัณฑิต (ปรับปรุง 2566) ศูนย์ลำปาง,ผู้ช่วยศาสตราจารย์,กรุณา ใจใส,ศศ.ม.,สตรีศึกษา,มหาวิทยาลัยธรรมศาสตร์,2545
สังคมสงเคราะห์ศาสตรบัณฑิต (ปรับปรุง 2566) ศูนย์ลำปาง,ผู้ช่วยศาสตราจารย์,กรุณา ใจใส,สส.บ.,สังคมสงเคราะห์ศาสตร์,มหาวิทยาลัยธรรมศาสตร์,2553
สังคมสงเคราะห์ศาสตรบัณฑิต (ปรับปรุง 2566) ศูนย์ลำปาง,ผู้ช่วยศาสตราจารย์,ปรินดา ตาสี,ปร.ด.,การวิจัยและพัฒนาศักยภาพมนุษย์,มหาวิทยาลัยศรีนครินทรวิโรฒ,2560
สังคมสงเคราะห์ศาสตรบัณฑิต (ปรับปรุง 2566) ศูนย์ลำปาง,ผู้ช่วยศาสตราจารย์,ปรินดา ตาสี,วท.ม.,การวิจัยพฤติกรรมศาสตร์,มหาวิทยาลัยศรีนครินทรวิโรฒ,2551
สังคมสงเคราะห์ศาสตรบัณฑิต (ปรับปรุง 2566) ศูนย์ลำปาง,ผู้ช่วยศาสตราจารย์,ปรินดา ตาสี,สส.บ.,สังคมสงเคราะห์ศาสตร์,มหาวิทยาลัยธรรมศาสตร์,2546
สังคมสงเคราะห์ศาสตรบัณฑิต (ปรับปรุง 2566) ศูนย์ลำปาง,ผู้ช่วยศาสตราจารย์,สุขุมา อรุณจิต,สส.ด.,การบริหารสังคม,มหาวิทยาลัยธรรมศาสตร์,2557
สังคมสงเคราะห์ศาสตรบัณฑิต (ปรับปรุง 2566) ศูนย์ลำปาง,ผู้ช่วยศาสตราจารย์,สุขุมา อรุณจิต,ศศ.ม.,พัฒนามนุษย์และสังคม,จุฬาลงกรณ์มหาวิทยาลัย,2549
สังคมสงเคราะห์ศาสตรบัณฑิต (ปรับปรุง 2566) ศูนย์ลำปาง,ผู้ช่วยศาสตราจารย์,สุขุมา อรุณจิต,ศศ.ม.,สื่อสารมวลชน,มหาวิทยาลัยรามคําแหง,2547
สังคมสงเคราะห์ศาสตรบัณฑิต (ปรับปรุง 2566) ศูนย์ลำปาง,ผู้ช่วยศาสตราจารย์,สุขุมา อรุณจิต,สส.บ.,สังคมสงเคราะห์ศาสตร์,มหาวิทยาลัยธรรมศาสตร์,2545
สังคมสงเคราะห์ศาสตรบัณฑิต (ปรับปรุง 2566) ศูนย์ลำปาง,ผู้ช่วยศาสตราจารย์,ปุณิกา อภิรักษ์ไกรศรี,สส.ม.,สังคมสงเคราะห์ศาสตร์,มหาวิทยาลัยธรรมศาสตร์,2550
สังคมสงเคราะห์ศาสตรบัณฑิต (ปรับปรุง 2566) ศูนย์ลำปาง,ผู้ช่วยศาสตราจารย์,ปุณิกา อภิรักษ์ไกรศรี,สส.บ.,สังคมสงเคราะห์ศาสตร์,มหาวิทยาลัยธรรมศาสตร์,2546
ศศ.บ.นโยบายสังคมและการพัฒนา (นานาชาติ) (ปรับปรุง 2566),รองศาสตราจารย์ ดร.,ภุชงค์ เสนานุช,Ph.D.,Social Work and Policy,"The University of Sydney, Australia",2548
ศศ.บ.นโยบายสังคมและการพัฒนา (นานาชาติ) (ปรับปรุง 2566),รองศาสตราจารย์ ดร.,ภุชงค์ เสนานุช,สส.ม.,พัฒนาชุมชน,มหาวิทยาลัยธรรมศาสตร์,2535
ศศ.บ.นโยบายสังคมและการพัฒนา (นานาชาติ) (ปรับปรุง 2566),รองศาสตราจารย์ ดร.,ภุชงค์ เสนานุช,ศ.บ.,เศรษศาสตร์,มหาวิทยาลัยเชียงใหม่,2528
ศศ.บ.นโยบายสังคมและการพัฒนา (นานาชาติ) (ปรับปรุง 2566),อาจารย์ ดร.,สรสิช สว่างศิลป์,Ph.D.,Southeast Asian Studies,"National University of Singapore, Singapore",2562
ศศ.บ.นโยบายสังคมและการพัฒนา (นานาชาติ) (ปรับปรุง 2566),อาจารย์ ดร.,สรสิช สว่างศิลป์,M.A.,International Cooperation and Deverlopment,Sciences Po Bordeaux,2551
ศศ.บ.นโยบายสังคมและการพัฒนา (นานาชาติ) (ปรับปรุง 2566),อาจารย์ ดร.,สรสิช สว่างศิลป์,M.A.,Governance and Europeaan Administration,Sciences Po Bordeaux,2550
ศศ.บ.นโยบายสังคมและการพัฒนา (นานาชาติ) (ปรับปรุง 2566),อาจารย์ ดร.,สรสิช สว่างศิลป์,ร.บ.,ความสัมพันธ์ระหว่างประเทศ,จุฬาลงกรณ์มหาวิทยาลัย,2547
ศศ.บ.นโยบายสังคมและการพัฒนา (นานาชาติ) (ปรับปรุง 2566),อาจารย์ ดร.,Mahesh Pandurang Chougule,Ph.D.,Social Work: Social Work Education,"Shivaji University, Kolhapur, India",2559
ศศ.บ.นโยบายสังคมและการพัฒนา (นานาชาติ) (ปรับปรุง 2566),อาจารย์ ดร.,Mahesh Pandurang Chougule,M.S.W.,Social Work,"Shivaji University, Kolhapur, India",2550
ศศ.บ.นโยบายสังคมและการพัฒนา (นานาชาติ) (ปรับปรุง 2566),อาจารย์ ดร.,Mahesh Pandurang Chougule,B.Sc.,Zoology,"Shivaji University, Kolhapur, India",2548
ศศ.บ.นโยบายสังคมและการพัฒนา (นานาชาติ) (ปรับปรุง 2566),อาจารย์,Gwyn Peredur Evans,M.A.,Education (Applied Linguistics/TESOL),"Open University, UK",2551
ศศ.บ.นโยบายสังคมและการพัฒนา (นานาชาติ) (ปรับปรุง 2566),อาจารย์,Gwyn Peredur Evans,M.A.,French Language and Literature,"Oxford University, UK",2540
ศศ.บ.นโยบายสังคมและการพัฒนา (นานาชาติ) (ปรับปรุง 2566),อาจารย์,Gwyn Peredur Evans,B.A.,Modern Languages (French),"Oxford University, UK",2540
ศศ.บ.นโยบายสังคมและการพัฒนา (นานาชาติ) (ปรับปรุง 2566),อาจารย์ ดร.,Victor Prasad Karunan,Ph.D.,Social Sciences,"Third World Studies Center, University ofNijmegen, The Netherlands",2535
ศศ.บ.นโยบายสังคมและการพัฒนา (นานาชาติ) (ปรับปรุง 2566),อาจารย์ ดร.,Victor Prasad Karunan,M.A.,Sociology,"Jawaharlal Nehru University, India",2522
ศศ.บ.นโยบายสังคมและการพัฒนา (นานาชาติ) (ปรับปรุง 2566),อาจารย์ ดร.,Victor Prasad Karunan,B.A.,"Economics, Political Science & Sociology","St.Joseph's College, India",2520
สังคมสงเคราะห์ศาสตรบัณฑิต (ปรับปรุง 2566) ศูนย์รังสิต,ผู้ช่วยศาสตราจารย์,เสาวธาร โพธิ์กลัด,Ph.D.,Social Work,"Widener University, U.S.A.",2562
สังคมสงเคราะห์ศาสตรบัณฑิต (ปรับปรุง 2566) ศูนย์รังสิต,ผู้ช่วยศาสตราจารย์,เสาวธาร โพธิ์กลัด,ศศ.ม.,อาชญาวิทยาและงานยุติธรรม,มหาวิทยาลัยมหิดล,2553
สังคมสงเคราะห์ศาสตรบัณฑิต (ปรับปรุง 2566) ศูนย์รังสิต,ผู้ช่วยศาสตราจารย์,เสาวธาร โพธิ์กลัด,วท.บ.,เทคนิคการแพทย์,มหาวิทยาลัยมหิดล,2551
สังคมสงเคราะห์ศาสตรบัณฑิต (ปรับปรุง 2566) ศูนย์รังสิต,ผู้ช่วยศาสตราจารย์,รณรงค์ จันใด,พช.ม.,การพัฒนาชุมชน,มหาวิทยาลัยธรรมศาสตร์,2555
สังคมสงเคราะห์ศาสตรบัณฑิต (ปรับปรุง 2566) ศูนย์รังสิต,ผู้ช่วยศาสตราจารย์,รณรงค์ จันใด,สส.บ.,สังคมสงเคราะห์ศาสตร์,มหาวิทยาลัยธรรมศาสตร์,2549
สังคมสงเคราะห์ศาสตรบัณฑิต (ปรับปรุง 2566) ศูนย์รังสิต,อาจารย์,พัชชา เจิงกลิ่นจันทร์,ปร.ด.,นโยบายสังคม,มหาวิทยาลัยธรรมศาสตร์,2564
สังคมสงเคราะห์ศาสตรบัณฑิต (ปรับปรุง 2566) ศูนย์รังสิต,อาจารย์,พัชชา เจิงกลิ่นจันทร์,วท.ม.,วิจัยพฤติกรรมศาสตร์ประยุกต์,มหาวิทยาลัยศรีนครินทรวิโรฒ,2557
สังคมสงเคราะห์ศาสตรบัณฑิต (ปรับปรุง 2566) ศูนย์รังสิต,อาจารย์,พัชชา เจิงกลิ่นจันทร์,สส.บ.,สังคมสงเคราะห์ศาสตร์,มหาวิทยาลัยธรรมศาสตร์,2551
สังคมสงเคราะห์ศาสตรบัณฑิต (ปรับปรุง 2566) ศูนย์รังสิต,อาจารย์,ชัยพร อุโฆษจันทร์,ปร.ด.,นโยบายสังคม,มหาวิทยาลัยธรรมศาสตร์,2566
สังคมสงเคราะห์ศาสตรบัณฑิต (ปรับปรุง 2566) ศูนย์รังสิต,อาจารย์,ชัยพร อุโฆษจันทร์,สส.ม.,สังคมสงเคราะห์ศาสตร์,มหาวิทยาลัยธรรมศาสตร์,2559
สังคมสงเคราะห์ศาสตรบัณฑิต (ปรับปรุง 2566) ศูนย์รังสิต,อาจารย์,ชัยพร อุโฆษจันทร์,วท.บ.,สังคมวิทยาและมานุษยวิทยา,มหาวิทยาลัยเชียงใหม่,2553
สังคมสงเคราะห์ศาสตรบัณฑิต (ปรับปรุง 2566) ศูนย์รังสิต,อาจารย์,ปฐมพร สันติเมธี,สส.ม.,สังคมสงเคราะห์ศาสตร์,มหาวิทยาลัยธรรมศาสตร์,2558
สังคมสงเคราะห์ศาสตรบัณฑิต (ปรับปรุง 2566) ศูนย์รังสิต,อาจารย์,ปฐมพร สันติเมธี,อ.บ.,เอเชียศึกษา,มหาวิทยาลัยศิลปากร,2553
พยาบาลศาสตรบัณฑิต (ปรับปรุง 66),ผู้ช่วยศาสตราจารย์,ดร.อังคณา จิรโรจน์,ปร.ด,การพยาบาล,มหาวิทยาลัยขอนแก่น,2559
พยาบาลศาสตรบัณฑิต (ปรับปรุง 66),ผู้ช่วยศาสตราจารย์,ดร.อังคณา จิรโรจน์,พย.ม.,การพยาบาลสุขภาพจิตและจิตเวช,จุฬาลงกรณมหาวิทยาลัย,2548
พยาบาลศาสตรบัณฑิต (ปรับปรุง 66),ผู้ช่วยศาสตราจารย์,ดร.อังคณา จิรโรจน์,พย.บ.,การพยาบาลและการผดุงครรภ,มหาวิทยาลัยมหิดล,2544
พยาบาลศาสตรบัณฑิต (ปรับปรุง 66),ผู้ช่วยศาสตราจารย์,ดร.วิภาดา แสงนิมิตรชัยกุล,ปร.ด,พยาบาลศาสตร์,มหาวิทยาลัยธรรมศาสตร์,2563
พยาบาลศาสตรบัณฑิต (ปรับปรุง 66),ผู้ช่วยศาสตราจารย์,ดร.วิภาดา แสงนิมิตรชัยกุล,พย.ม.,การพยาบาลเด็ก,จุฬาลงกรณมหาวิทยาลัย,2546
พยาบาลศาสตรบัณฑิต (ปรับปรุง 66),ผู้ช่วยศาสตราจารย์,ดร.วิภาดา แสงนิมิตรชัยกุล,พย.บ.,การพยาบาลและการผดุงครรภ,มหาวิทยาลัยมหิดล,2542
พยาบาลศาสตรบัณฑิต (ปรับปรุง 66),ผู้ช่วยศาสตราจารย์,ทัศนีย์ ภู่สำอางค์,พย.ม.,การพยาบาลผู้ใหญ่,จุฬาลงกรณ์มหาวิทยาลัย,2546
พยาบาลศาสตรบัณฑิต (ปรับปรุง 66),ผู้ช่วยศาสตราจารย์,ทัศนีย์ ภู่สำอางค์,พย.บ.,การพยาบาลและการผดุงครรภ,มหาวิทยาลัยมหิดล,2541
พยาบาลศาสตรบัณฑิต (ปรับปรุง 66),อาจารย์,สุกัญญา พูลโพธิ์กลาง,วท.ม.,สาธารณสุขศาสตร์,มหาวิทยาลัยมหิดล,2549
พยาบาลศาสตรบัณฑิต (ปรับปรุง 66),อาจารย์,สุกัญญา พูลโพธิ์กลาง,พย.บ.,การพยาบาลและการผดุงครรภ,มหาวิทยาลัยมหิดล,2543
พยาบาลศาสตรบัณฑิต (ปรับปรุง 66),อาจารย์,ดร.กรรณิการ์ ชัยสิทธิ์สงวน,ปร.ด.,พยาบาลศาสตร์,มหาวิทยาลัยธรรมศาสตร์,2566
พยาบาลศาสตรบัณฑิต (ปรับปรุง 66),อาจารย์,ดร.กรรณิการ์ ชัยสิทธิ์สงวน,วท.ม,การเจริญพันธุและวางแผนประชากร,มหาวิทยาลัยมหิดล,2546
พยาบาลศาสตรบัณฑิต (ปรับปรุง 66),อาจารย์,ดร.กรรณิการ์ ชัยสิทธิ์สงวน,พย.บ.,การพยาบาลและการผดุงครรภ,มหาวิทยาลัยมหิดล,2540
TEP วศ.บ.เครื่องกล 66,ผู้ช่วยศาสตราจารย์,สัปปินันทน์ เอกอำพน,Ph.D.,Mechanical Engineering,"Massachusetts Institute of Technology, USA.",2551
TEP วศ.บ.เครื่องกล 66,ผู้ช่วยศาสตราจารย์,สัปปินันทน์ เอกอำพน,M.S.,Mechanical Engineering,"Massachusetts Institute of Technology, USA.",2547
TEP วศ.บ.เครื่องกล 66,ผู้ช่วยศาสตราจารย์,สัปปินันทน์ เอกอำพน,B.Sc.,Mechanical Engineering,"Massachusetts Institute of Technology, USA.",2545
TEP วศ.บ.เครื่องกล 66,ผู้ช่วยศาสตราจารย์,วาทิต ภักดี,Ph.D.,Mechanical Engineering,"University of Colorado, USA.",2546
TEP วศ.บ.เครื่องกล 66,ผู้ช่วยศาสตราจารย์,วาทิต ภักดี,M.S.,Mechanical Engineering,"University of Colorado, USA.",2541
TEP วศ.บ.เครื่องกล 66,ผู้ช่วยศาสตราจารย์,วาทิต ภักดี,วศ.บ.,วิศวกรรมเครื่องกล,มหาวิทยาลัยเกษตรศาสตร์,2537
TEP วศ.บ.เครื่องกล 66,ผู้ช่วยศาสตราจารย์,มนต์ชัย พฤกษ์วิไลเลิศ,D.Eng.,Materials Science,"Nagaoka University of Technology, Japan",2549
TEP วศ.บ.เครื่องกล 66,ผู้ช่วยศาสตราจารย์,มนต์ชัย พฤกษ์วิไลเลิศ,วศ.ม.,วิศวกรรมเครื่องกล,จุฬาลงกรณ์มหาวิทยาลัย,2541
TEP วศ.บ.เครื่องกล 66,ผู้ช่วยศาสตราจารย์,มนต์ชัย พฤกษ์วิไลเลิศ,วศ.บ.,วิศวกรรมเครื่องกล,จุฬาลงกรณ์มหาวิทยาลัย,2539
TEP วศ.บ.เครื่องกล 66,ศาสตราจารย์,Chun Wang,Ph.D.,Mechanical Engineering,The University of Sheffield,2534
TEP วศ.บ.เครื่องกล 66,ศาสตราจารย์,Chun Wang,B.Sc.,Applied Mechanics,Huazhong University of Scienceand Technology,2528
TEP วศ.บ.เครื่องกล 66,ผู้ช่วยศาสตราจารย์,Joel Segal,Ph.D.,Manufacturing Engineering,"University of Nottingham, UK",2548
TEP วศ.บ.เครื่องกล 66,ผู้ช่วยศาสตราจารย์,Joel Segal,M.Sc.,Advanced ManufacturingTechnolgy,"University of ManchesterInstitute of Science andTechnology, UK",2537
TEP วศ.บ.เครื่องกล 66,ผู้ช่วยศาสตราจารย์,Joel Segal,B.Eng.(Hons),Mechanical Engineering,"University of ManchesterInstitute of Science andTechnology, UK",2536
TEPE วศ.บ.เครื่องกลเเละการจัดการ 66,ผู้ช่วยศาสตราจารย์,ธีร เจียศิริพงษ์กุล,Ph.D.,Applied Mechanics (Vibrations),"University of Darmstadt, Germany",2548
TEPE วศ.บ.เครื่องกลเเละการจัดการ 66,ผู้ช่วยศาสตราจารย์,ธีร เจียศิริพงษ์กุล,M.Eng.,Mechatronics,Asian Institute of Technology,2543
TEPE วศ.บ.เครื่องกลเเละการจัดการ 66,ผู้ช่วยศาสตราจารย์,ธีร เจียศิริพงษ์กุล,วศ.บ.,วิศวกรรมเครื่องกล,มหาวิทยาลัยเทคโนโลยีพระจอมเกล้าธนบุรี,2540
TEPE วศ.บ.เครื่องกลเเละการจัดการ 66,ผู้ช่วยศาสตราจารย์,กริช เจียมจิโรจน์,Ph.D.,Mechanical Engineering,"University of Nottingham, UK",2555
TEPE วศ.บ.เครื่องกลเเละการจัดการ 66,ผู้ช่วยศาสตราจารย์,กริช เจียมจิโรจน์,วศ.ม.,เทคโนโลยีอุณหภาพ,มหาวิทยาลัยเทคโนโลยีพระจอมเกล้าธนบุรี,2544
TEPE วศ.บ.เครื่องกลเเละการจัดการ 66,ผู้ช่วยศาสตราจารย์,กริช เจียมจิโรจน์,วศ.บ.,วิศวกรรมเครื่องจักรกลเกษตร,สถาบันเทคโนโลยีราชมงคล,2541
TEPE วศ.บ.เครื่องกลเเละการจัดการ 66,ผู้ช่วยศาสตราจารย์,จักร ชวนอาษา,ปร.ด.,วิศวกรรมเครื่องกล,มหาวิทยาลัยเทคโนโลยีพระจอมเกล้าธนบุรี,2557
TEPE วศ.บ.เครื่องกลเเละการจัดการ 66,ผู้ช่วยศาสตราจารย์,จักร ชวนอาษา,M.SC.,Mechanical Engineering,"Lehigh University, U.S.A.",2546
TEPE วศ.บ.เครื่องกลเเละการจัดการ 66,ผู้ช่วยศาสตราจารย์,จักร ชวนอาษา,B.S.,Mechanical Engineering,สถาบันเทคโนโลยีพระจอมเกล้าพระนครเหนือ,2543
TEPE วศ.บ.เครื่องกลเเละการจัดการ 66,ผู้ช่วยศาสตราจารย์,ปรัชญา เปรมปราณีรัชต์,Ph.D.,Ocean Engineering,"Massachusetts Institute ofTechnology, USA",2550
TEPE วศ.บ.เครื่องกลเเละการจัดการ 66,ผู้ช่วยศาสตราจารย์,ปรัชญา เปรมปราณีรัชต์,M.S.,Mechanical Engineering,"Massachusetts Institute ofTechnology, USA",2544
TEPE วศ.บ.เครื่องกลเเละการจัดการ 66,ผู้ช่วยศาสตราจารย์,ปรัชญา เปรมปราณีรัชต์,B.S.,Mechanical Engineering,"Carnegie Mellon University,USA",2541
TEPE วศ.บ.เครื่องกลเเละการจัดการ 66,ผู้ช่วยศาสตราจารย์,วิทวัส ศตสุข,Ph.D.,Mechanical Engineering,"Illinois Institute ofTechnology, U.S.A.",2543
TEPE วศ.บ.เครื่องกลเเละการจัดการ 66,ผู้ช่วยศาสตราจารย์,วิทวัส ศตสุข,M.S.,Mechanical Engineering,"California State University atFullerton, U.S.A.",2536
TEPE วศ.บ.เครื่องกลเเละการจัดการ 66,ผู้ช่วยศาสตราจารย์,วิทวัส ศตสุข,วศ.บ.,วิศวกรรมเครื่องกล,มหาวิทยาลัยเกษตรศาสตร์,2553
TEPE วศ.บ.โยธาเเละการพัฒนาอสังหาฯ 66,ศาสตราจารย์,ชวลิต ชาลีรักษ์ตระกูล,Ph.D.,Water Resoures Engineering,"McGill Univerisy, Canada",2538
TEPE วศ.บ.โยธาเเละการพัฒนาอสังหาฯ 66,ศาสตราจารย์,ชวลิต ชาลีรักษ์ตระกูล,M.Eng.,Water Resoures Engineering,Asian Institute of Technology,2525
TEPE วศ.บ.โยธาเเละการพัฒนาอสังหาฯ 66,ศาสตราจารย์,ชวลิต ชาลีรักษ์ตระกูล,วศ.บ.,วิศวกรรมโยธา,มหาวิทยาลัยเกษตรศาสตร,2523
TEPE วศ.บ.โยธาเเละการพัฒนาอสังหาฯ 66,ผู้ช่วยศาสตราจารย์,กฤติยา เลิศโภคะสมบัติ,Ph.D.,Environmental Engineering,"Institut National des Sciences Appliquees de Toulouse, France",2534
TEPE วศ.บ.โยธาเเละการพัฒนาอสังหาฯ 66,ผู้ช่วยศาสตราจารย์,กฤติยา เลิศโภคะสมบัติ,D.E.A.,Environmental Engineering,"Institut National des SciencesAppliquees de Toulouse, France",2530
TEPE วศ.บ.โยธาเเละการพัฒนาอสังหาฯ 66,ผู้ช่วยศาสตราจารย์,กฤติยา เลิศโภคะสมบัติ,M.Sc.,Environmental Engineering,Asian Institute of Technology,2527
TEPE วศ.บ.โยธาเเละการพัฒนาอสังหาฯ 66,ผู้ช่วยศาสตราจารย์,กฤติยา เลิศโภคะสมบัติ,วท.บ.,เคมี,จุฬาลงกรณมหาวิทยาลัย,2525
TEPE วศ.บ.โยธาเเละการพัฒนาอสังหาฯ 66,ผู้ช่วยศาสตราจารย์,นเรศ ลิมสัมพันธ์เจริญ,Ph.D.,Structural Engineering,"University of Illinois at Urbana-Champaign, U.S.A",2546
TEPE วศ.บ.โยธาเเละการพัฒนาอสังหาฯ 66,ผู้ช่วยศาสตราจารย์,นเรศ ลิมสัมพันธ์เจริญ,M.Eng.,Structural Engineering andConstruction,Asian Institute of Technology,2538
TEPE วศ.บ.โยธาเเละการพัฒนาอสังหาฯ 66,ผู้ช่วยศาสตราจารย์,นเรศ ลิมสัมพันธ์เจริญ,วศ.บ.,วิศวกรรมโยธา,จุฬาลงกรณมหาวิทยาลัย,2536
TEPE วศ.บ.โยธาเเละการพัฒนาอสังหาฯ 66,ผู้ช่วยศาสตราจารย์,วริษฐ์ วิปลานุสรณ์,Ph.D.,Construction Management,"Griffith University, Australia",
TEPE วศ.บ.โยธาเเละการพัฒนาอสังหาฯ 66,ผู้ช่วยศาสตราจารย์,วริษฐ์ วิปลานุสรณ์,M.Eng.,Infrastructure Engineering,"Asian Institute of Technology,Thailand",
TEPE วศ.บ.โยธาเเละการพัฒนาอสังหาฯ 66,ผู้ช่วยศาสตราจารย์,วริษฐ์ วิปลานุสรณ์,วศ.บ.,วิศวกรรมโยธา,จุฬาลงกรณมหาวิทยาลัย,
TEPE วศ.บ.โยธาเเละการพัฒนาอสังหาฯ 66,อาจารย์,ทัศฐา ศรีวาลัย,M.Eng.,Civil Engineering,"University of Maryland at CollgePark, U.S.A.",2538
TEPE วศ.บ.โยธาเเละการพัฒนาอสังหาฯ 66,อาจารย์,ทัศฐา ศรีวาลัย,วศ.บ.,วิศวกรรมโยธา,มหาวิทยาลัยเกษตรศาสตร,2527
TEPE วศ.บ.ไฟฟ้าเเละข้อมูล 66,ผู้ช่วยศาสตราจารย์,ดามพ์เมษ บุณยะเวศ,Ph.D.,Electrical Engineering,"University of Colorado, U.S.A.",2547
TEPE วศ.บ.ไฟฟ้าเเละข้อมูล 66,ผู้ช่วยศาสตราจารย์,ดามพ์เมษ บุณยะเวศ,M.S.,Electrical Engineering,"University of Colorado, U.S.A.",2541
TEPE วศ.บ.ไฟฟ้าเเละข้อมูล 66,ผู้ช่วยศาสตราจารย์,ดามพ์เมษ บุณยะเวศ,B.Eng.,"Electronics Engineering (Signal Processing, Wireless Communication)",King Mongkut's Institute of Technology Ladkrabang,2536
TEPE วศ.บ.ไฟฟ้าเเละข้อมูล 66,ผู้ช่วยศาสตราจารย์,วีรชัย อัศวเมธาพันธ์,Ph.D.,Electronic Engineering,"University of Tokyo , Japan",2546
TEPE วศ.บ.ไฟฟ้าเเละข้อมูล 66,ผู้ช่วยศาสตราจารย์,วีรชัย อัศวเมธาพันธ์,M.Eng.,Electronic Engineering,"University of Tokyo , Japan",2542
TEPE วศ.บ.ไฟฟ้าเเละข้อมูล 66,ผู้ช่วยศาสตราจารย์,วีรชัย อัศวเมธาพันธ์,B.Eng.,"Electrical and Electronics Engineering (Semiconductor Lasers, Photonic Integrated Circuits, Epitaxial Growth and Processing Technologies)","Chiba University , Japan",2540
TEPE วศ.บ.ไฟฟ้าเเละข้อมูล 66,อาจารย์,พงษ์พันธ์ ลีลาเธียร,Ph.D.,Medical System Engineering,"Chiba University , Japan",2562
TEPE วศ.บ.ไฟฟ้าเเละข้อมูล 66,อาจารย์,พงษ์พันธ์ ลีลาเธียร,M.S.,Mobile and Personal Communications,"King’s College London, UK",2552
TEPE วศ.บ.ไฟฟ้าเเละข้อมูล 66,อาจารย์,พงษ์พันธ์ ลีลาเธียร,B.Eng.,Electrical Engineering,Chulalongkorn University,2549
TEPE วศ.บ.ไฟฟ้าเเละข้อมูล 66,ผู้ช่วยศาสตราจารย์,จาตุรงค์ ตันติบัณฑิต,Ph.D.,Electrical and Computer Engineering,"University of Pittsburgh ,U.S.A",2549
TEPE วศ.บ.ไฟฟ้าเเละข้อมูล 66,ผู้ช่วยศาสตราจารย์,จาตุรงค์ ตันติบัณฑิต,M.S.,Information Science,"University of Pittsburgh ,U.S.A",2544
TEPE วศ.บ.ไฟฟ้าเเละข้อมูล 66,ผู้ช่วยศาสตราจารย์,จาตุรงค์ ตันติบัณฑิต,B.Eng.,"Electrical Engineering (Speech Processing, Pattern Recognition, Computer Vision)",Kasetsart University,2539
TEPE วศ.บ.ไฟฟ้าเเละข้อมูล 66,ผู้ช่วยศาสตราจารย์,ศุภกิจ พฤกษอรุณ,Ph.D.,Computer Engineer,King Mongkut's Institute of Technology North Bangkok,2554
TEPE วศ.บ.ไฟฟ้าเเละข้อมูล 66,ผู้ช่วยศาสตราจารย์,ศุภกิจ พฤกษอรุณ,M.Eng.,Computer Engineer,King Mongkut's Institute of Technology North Bangkok,2547
TEPE วศ.บ.ไฟฟ้าเเละข้อมูล 66,ผู้ช่วยศาสตราจารย์,ศุภกิจ พฤกษอรุณ,B.Eng.,Telecommunication and Computer,King Mongkut's Institute of Technology North Bangkok,2543
TU PINE วศ.บ ซอฟเเวร์ 68,ผู้ช่วยศาสตราจารย์,วีรชัย อโณทัยไพบูลย์,Ph.D.,Information Technology,"Sirindhorn International Institute of Technology, Thammasat University",2549
TU PINE วศ.บ ซอฟเเวร์ 68,ผู้ช่วยศาสตราจารย์,วีรชัย อโณทัยไพบูลย์,M.S.,Electrical Engineering Computer and Systems Engineering,"Stanford University, USA",2540
TU PINE วศ.บ ซอฟเเวร์ 68,ผู้ช่วยศาสตราจารย์,วีรชัย อโณทัยไพบูลย์,B.S.,,"Rensselaer Polytechnic Institute, USA",2538
TU PINE วศ.บ ซอฟเเวร์ 68,ผู้ช่วยศาสตราจารย์,ปิยะ เตชะธีราวัฒน์,Ph.D.,Computer Engineering,"Royal Melbourne Institute of Technology,Australia",2551
TU PINE วศ.บ ซอฟเเวร์ 68,ผู้ช่วยศาสตราจารย์,ปิยะ เตชะธีราวัฒน์,B.Eng.,Computer Engineering,"University of New South Wales, Australia",2547
TU PINE วศ.บ ซอฟเเวร์ 68,อาจารย์,ณัฐชนน ยงเสถียรโชติ,Ph.D.,Computer Science,"Northeastern University,USA.",2561
TU PINE วศ.บ ซอฟเเวร์ 68,อาจารย์,ณัฐชนน ยงเสถียรโชติ,B.S.,Computer Science and Cognitive Science.,"Rensselaer Polytechnic Institute, USA",2558
TU PINE วศ.บ ซอฟเเวร์ 68,อาจารย์,อัครวุฒิ ตาคม,Ph.D.,Engineering and Technology,"Sirindhorn International Institute ofTechnology (SIIT), Thammasat University",2562
TU PINE วศ.บ ซอฟเเวร์ 68,อาจารย์,อัครวุฒิ ตาคม,Ph.D.,Knowledge Science,"Japan Advanced Institute of Science andTechnology (JAIST), Japan",2561
TU PINE วศ.บ ซอฟเเวร์ 68,อาจารย์,อัครวุฒิ ตาคม,M.Eng.,Information and Communication Technology for Embedded Systems (ICTES),"Sirindhorn International Institute ofTechnology (SIIT), Thammasat University",2558
TU PINE วศ.บ ซอฟเเวร์ 68,อาจารย์,อัครวุฒิ ตาคม,B.S.,Information Technology,Mae Fah Luang University,2556
TU PINE วศ.บ ซอฟเเวร์ 68,อาจารย์,ภัททิยา ทองเครือ,Ph.D.,"Electrical Engineering,",Thammasat University,2567
TU PINE วศ.บ ซอฟเเวร์ 68,อาจารย์,ภัททิยา ทองเครือ,M.Eng.,Industrial and Manufacturing Engineering,Asian Institute of Technology,2558
TU PINE วศ.บ ซอฟเเวร์ 68,อาจารย์,ภัททิยา ทองเครือ,B.Eng.,Electric Engineering,Thammasat University,2556
TEP วศ.บ. โยธา 66,ผู้ช่วยศาสตราจารย์,อุรุยา วีสกุล,Ph.D.,Mechanical and Civil Engineering,"University of Montpellier II, France",2535
TEP วศ.บ. โยธา 66,ผู้ช่วยศาสตราจารย์,อุรุยา วีสกุล,M.Eng.,Water Resources Engineering,Asian Institute of Technology,2526
TEP วศ.บ. โยธา 66,ผู้ช่วยศาสตราจารย์,อุรุยา วีสกุล,วศ.บ.,วิศวกรรมโยธา,มหาวิทยาลัยขอนแก่น,2524
TEP วศ.บ. โยธา 66,อาจารย์,ณัฐนุช พูนปาน,วศ.ม.,วิศวกรรมโยธา,มหาวิทยาลัยธรรมศาสตร์,2564
TEP วศ.บ. โยธา 66,อาจารย์,ณัฐนุช พูนปาน,วศ.บ.,วิศวกรรมโยธาและการบริหารการก่อสร้าง,มหาวิทยาลัยธรรมศาสตร์,2561
TEP วศ.บ. โยธา 66,อาจารย์,ธนชนม์ พรหมวิชัย,วศ.ม.,วิศวกรรมโยธา,มหาวิทยาลัยธรรมศาสตร์,2022
TEP วศ.บ. โยธา 66,อาจารย์,ธนชนม์ พรหมวิชัย,วศ.บ.,วิศวกรรมโยธาและการบริหารการก่อสร้าง,มหาวิทยาลัยธรรมศาสตร์,2563
TEP วศ.บ. โยธา 66,อาจารย์,Steven Davis,Ph.D.,Civil Engineering,"University of New South Wales,Australia",2546
TEP วศ.บ. โยธา 66,อาจารย์,Steven Davis,B.Eng,Civil Engineering,"University of New South Wales,Australia",2536
TEP วศ.บ. โยธา 66,ผู้ช่วยศาสตราจารย์,David Michael Hargreaves,Ph.D.,Civil Engineering,"University of Nottingham, UK",2540
TEP วศ.บ. โยธา 66,ผู้ช่วยศาสตราจารย์,David Michael Hargreaves,MSc.,Computation Physics,"University of Salford, UK",2533
TEP วศ.บ. โยธา 66,ผู้ช่วยศาสตราจารย์,David Michael Hargreaves,BSc.(Hons),Physics,"University of Bristol, UK",2532
TEPE วศ.บ. เคมีเเละการจัดการ 68,ผู้ช่วยศาสตราจารย์,ไพรัช อุศุภรัตน์,Ph.D.,Environmental System Engineering,"University of Regina,Canada",2552
TEPE วศ.บ. เคมีเเละการจัดการ 68,ผู้ช่วยศาสตราจารย์,ไพรัช อุศุภรัตน์,วศ.บ.,วิศวกรรมเคมี,มหาวิทยาลัยธรรมศาสตร์,2540
TEPE วศ.บ. เคมีเเละการจัดการ 68,ผู้ช่วยศาสตราจารย์,โปรดปราน สิริธีรศาสน์,วท.ม.,เคมีวิศวกรรม,จุฬาลงกรณ์มหาวิทยาลัย,2538
TEPE วศ.บ. เคมีเเละการจัดการ 68,ผู้ช่วยศาสตราจารย์,โปรดปราน สิริธีรศาสน์,วท.บ.,เคมีเทคนิค,จุฬาลงกรณ์มหาวิทยาลัย,2534
TEPE วศ.บ. เคมีเเละการจัดการ 68,ผู้ช่วยศาสตราจารย์,ภณิดา ซ้ายขวัญ,Ph.D.,Chemical Engineering,"University of Cambridge, United Kingdom",2549
TEPE วศ.บ. เคมีเเละการจัดการ 68,ผู้ช่วยศาสตราจารย์,ภณิดา ซ้ายขวัญ,M.Eng.,Chemical Engineering,"University of Cambridge, United Kingdom",2547
TEPE วศ.บ. เคมีเเละการจัดการ 68,ผู้ช่วยศาสตราจารย์,ภณิดา ซ้ายขวัญ,B.Eng.,Chemical Engineering,"University of Cambridge, United Kingdom",2545
TEPE วศ.บ. เคมีเเละการจัดการ 68,อาจารย์,เวโรนิก้า วิโนโต้,Ph.D.,Intergrated Chemical in Engineering(International Program),Mahidol University,2562
TEPE วศ.บ. เคมีเเละการจัดการ 68,อาจารย์,เวโรนิก้า วิโนโต้,วศ.ม.,วิศวกรรมเคมี,จุฬาลงกรณ์มหาวิทยาลัย,2558
TEPE วศ.บ. เคมีเเละการจัดการ 68,อาจารย์,เวโรนิก้า วิโนโต้,วศ.บ.,วิศวกรรมเคมี,มหาวิทยาลัยธรรมศาสตร์,2556
TEPE วศ.บ. เคมีเเละการจัดการ 68,อาจารย์,พีระพงศ์ จันทศ,ปร.ด.,วิศวกรรมศาสตร์,มหาวิทยาลัยธรรมศาสตร์,2564
TEPE วศ.บ. เคมีเเละการจัดการ 68,อาจารย์,พีระพงศ์ จันทศ,วศ.บ.,วิศวกรรมเคมีและชีวภาพ,มหาวิทยาลัยอุบลราชธานี,2555
วศ.บ.วิศวกรรมเคมี 66,ผู้ช่วยศาสตราจารย์,ทิพบุษฎ์ เอกแสงศรี,D.Eng.,Chemical Engineering,"Tokyo Institute of Technology, Japan",2547
วศ.บ.วิศวกรรมเคมี 66,ผู้ช่วยศาสตราจารย์,ทิพบุษฎ์ เอกแสงศรี,M.Eng.,Chemical Engineering,"New Jersey Institute of Technology, USA",2537
วศ.บ.วิศวกรรมเคมี 66,ผู้ช่วยศาสตราจารย์,ทิพบุษฎ์ เอกแสงศรี,วศ.บ.,วิศวกรรมเคมี,จุฬาลงกรณ์มหาวิทยาลัย,2535
วศ.บ.วิศวกรรมเคมี 66,ผู้ช่วยศาสตราจารย์,ภาณุ ด่านวานิชกุล,Ph.D.,Chemical Engineering,"University of Pennsylvania, USA",2546
วศ.บ.วิศวกรรมเคมี 66,ผู้ช่วยศาสตราจารย์,ภาณุ ด่านวานิชกุล,M.Eng.,Chemical Engineering,"University of Delaware, USA",2541
วศ.บ.วิศวกรรมเคมี 66,ผู้ช่วยศาสตราจารย์,ภาณุ ด่านวานิชกุล,วศ.บ.,วิศวกรรมเคมี,จุฬาลงกรณ์มหาวิทยาลัย,2537
วศ.บ.วิศวกรรมเคมี 66,ผู้ช่วยศาสตราจารย์,วรรัตน์ ปัตรประกร,D.Eng.,Chemical Engineering,"Tokyo Institute of Technology, Japan",2548
วศ.บ.วิศวกรรมเคมี 66,ผู้ช่วยศาสตราจารย์,วรรัตน์ ปัตรประกร,วศ.ม.,วิศวกรรมเคมี,จุฬาลงกรณ์มหาวิทยาลัย,2539
วศ.บ.วิศวกรรมเคมี 66,ผู้ช่วยศาสตราจารย์,วรรัตน์ ปัตรประกร,วศ.บ.,วิศวกรรมเคมี/เคมีเทคนิค,จุฬาลงกรณ์มหาวิทยาลัย,2537
วศ.บ.วิศวกรรมเคมี 66,ผู้ช่วยศาสตราจารย์,พงศ์ธร ธูปะเตมีย์,D.Eng.,Materials Process Engineering,"Kyushu University, Japan",2543
วศ.บ.วิศวกรรมเคมี 66,ผู้ช่วยศาสตราจารย์,พงศ์ธร ธูปะเตมีย์,M.Eng.,Hydrocarbon Chemisry Engineering,"Kyoto University, Japan",2535
วศ.บ.วิศวกรรมเคมี 66,ผู้ช่วยศาสตราจารย์,พงศ์ธร ธูปะเตมีย์,B.Eng.,Hydrocarbon Chemisry Engineering,"Kyoto University, Japan",2533
วศ.บ.วิศวกรรมเคมี 66,อาจารย์,ธนิทธิ์ พิพัฒพันธุ์,M.S.,Chemical Engineering,"Washington University at St. Louise, USA",2541
วศ.บ.วิศวกรรมเคมี 66,อาจารย์,ธนิทธิ์ พิพัฒพันธุ์,วท.บ.,วิศวกรรมเคมี/เคมีเทคนิค,จุฬาลงกรณ์มหาวิทยาลัย,2531
วศ.บ.วิศวกรรมคอม 66,ผู้ช่วยศาสตราจารย์,ทวีศักดิ์ กิจกาญจนารัตน์,Ph.D.,Electrical Engineering,"Polytechnic Institute of New York University, USA",2545
วศ.บ.วิศวกรรมคอม 66,ผู้ช่วยศาสตราจารย์,ทวีศักดิ์ กิจกาญจนารัตน์,M.S.,Electrical Engineering,"Columbia University, USA",2538
วศ.บ.วิศวกรรมคอม 66,ผู้ช่วยศาสตราจารย์,ทวีศักดิ์ กิจกาญจนารัตน์,M.Eng.,Computer Science,Asian Institute of Technology,2534
วศ.บ.วิศวกรรมคอม 66,ผู้ช่วยศาสตราจารย์,ทวีศักดิ์ กิจกาญจนารัตน์,B.Eng.,Electrical Engineering (Communication Networks),Kasetsart University,2532
วศ.บ.วิศวกรรมคอม 66,อาจารย์,ชุมพล บุญมี,D.Eng.,Information Science and Control Engineering,"Nagaoka University of Technology, Japan",2541
วศ.บ.วิศวกรรมคอม 66,อาจารย์,ชุมพล บุญมี,M.Eng.,Electrical & Electronic System Engineering,"Nagaoka University of Technology, Japan",2538
วศ.บ.วิศวกรรมคอม 66,อาจารย์,ชุมพล บุญมี,B.Eng.,Electrical Engineering (Computer Engineering),"Nagaoka University of Technology, Japan",2536
วศ.บ.วิศวกรรมคอม 66,อาจารย์,กาญจนา ศิลาวราเวทย์,Ph.D.,Computer Engineering,Chulalongkorn University,2553
วศ.บ.วิศวกรรมคอม 66,อาจารย์,กาญจนา ศิลาวราเวทย์,M.S.,Computer Sciences,Chulalongkorn University,2545
วศ.บ.วิศวกรรมคอม 66,อาจารย์,กาญจนา ศิลาวราเวทย์,B.Eng.,Computer Engineering,Siam University,2540
วศ.บ.วิศวกรรมคอม 66,อาจารย์,นาวิน สมญาติ,M.S.,Computer Science,"University of Edinburgh, UK",2538
วศ.บ.วิศวกรรมคอม 66,อาจารย์,นาวิน สมญาติ,B.Eng.,Electrical & Electronic Engineering(Electronic and Computer Engineering),"University of Manchester Institute of Science and Technology, UK",2537
วศ.บ.วิศวกรรมคอม 66,อาจารย์,วชิรา พรหมสาขา ณ สกลนคร,M.Eng.,Computer Science & Information Management,Asian Institute of Technology,2542
วศ.บ.วิศวกรรมคอม 66,อาจารย์,วชิรา พรหมสาขา ณ สกลนคร,B.Eng.,Chemical Engineering (Information Management),King Mongkut’s Institute of Technology Thonburi,2538
TEP วศ.บ. เคมี 68,ผู้ช่วยศาสตราจารย์,ไพรัช อุศุภรัตน์,Ph.D.,Environmental System Engineering,"University of Regina,Canada",2552
TEP วศ.บ. เคมี 68,ผู้ช่วยศาสตราจารย์,ไพรัช อุศุภรัตน์,วศ.บ.,วิศวกรรมเคมี,มหาวิทยาลัยธรรมศาสตร์,2540
TEP วศ.บ. เคมี 68,ผู้ช่วยศาสตราจารย์,โปรดปราน สิริธีรศาสน์,วท.ม.,เคมีวิศวกรรม,จุฬาลงกรณ์มหาวิทยาลัย,2538
TEP วศ.บ. เคมี 68,ผู้ช่วยศาสตราจารย์,โปรดปราน สิริธีรศาสน์,วท.บ.,เคมีเทคนิค,จุฬาลงกรณ์มหาวิทยาลัย,2534
TEP วศ.บ. เคมี 68,ผู้ช่วยศาสตราจารย์,ภณิดา ซ้ายขวัญ,Ph.D.,Chemical Engineering,"University of Cambridge, United Kingdom",2549
TEP วศ.บ. เคมี 68,ผู้ช่วยศาสตราจารย์,ภณิดา ซ้ายขวัญ,M.Eng.,Chemical Engineering,"University of Cambridge, United Kingdom",2547
TEP วศ.บ. เคมี 68,ผู้ช่วยศาสตราจารย์,ภณิดา ซ้ายขวัญ,B.Eng.,Chemical Engineering,"University of Cambridge, United Kingdom",2545
TEP วศ.บ. เคมี 68,อาจารย์,เวโรนิก้า วิโนโต้,Ph.D.,Intergrated Chemical in Engineering,Mahidol University,2562
TEP วศ.บ. เคมี 68,อาจารย์,เวโรนิก้า วิโนโต้,วศ.ม.,วิศวกรรมเคมี,จุฬาลงกรณ์มหาวิทยาลัย,2558
TEP วศ.บ. เคมี 68,อาจารย์,เวโรนิก้า วิโนโต้,วศ.บ.,วิศวกรรมเคมี,จุฬาลงกรณ์มหาวิทยาลัย,2556
TEP วศ.บ. เคมี 68,อาจารย์,พีระพงศ์ จันทศ,ปร.ด.,วิศวกรรมศาสตร์,มหาวิทยาลัยธรรมศาสตร์,2564
TEP วศ.บ. เคมี 68,อาจารย์,พีระพงศ์ จันทศ,วศ.บ.,วิศวกรรมเคมีและชีวภาพ,มหาวิทยาลัยอุบลราชธานี,2555
TU PINE วศ.บ.โยธาเเละการบริหารการก่อสร้าง 68,ผู้ช่วยศาสตราจารย์,วีรยา ฉิมอ้อย,D.Eng.,Geotechnical Engineering,"Hiroshima University, Japan",2542
TU PINE วศ.บ.โยธาเเละการบริหารการก่อสร้าง 68,ผู้ช่วยศาสตราจารย์,วีรยา ฉิมอ้อย,วศ.ม.,วิศวกรรมโยธา,มหาวิทยาลัยเกษตรศาสตร์,2536
TU PINE วศ.บ.โยธาเเละการบริหารการก่อสร้าง 68,ผู้ช่วยศาสตราจารย์,วีรยา ฉิมอ้อย,วศ.บ.,วิศวกรรมโยธา,มหาวิทยาลัยเกษตรศาสตร์,2533
TU PINE วศ.บ.โยธาเเละการบริหารการก่อสร้าง 68,อาจารย์,จองชัย ใจตรง,วศ.ม.,วิศวกรรมโยธา,มหาวิทยาลัยธรรมศาสตร์,2565
TU PINE วศ.บ.โยธาเเละการบริหารการก่อสร้าง 68,อาจารย์,จองชัย ใจตรง,วศ.บ.,วิศวกรรมโยธาและการบริหารการก่อสร้าง,มหาวิทยาลัยธรรมศาสตร์,2557
TU PINE วศ.บ.โยธาเเละการบริหารการก่อสร้าง 68,ผู้ช่วยศาสตราจารย์,ภีม เหนือคลอง,ปร.ด.,วิศวกรรมโยธา,มหาวิทยาลัยขอนแก่น,2561
TU PINE วศ.บ.โยธาเเละการบริหารการก่อสร้าง 68,ผู้ช่วยศาสตราจารย์,ภีม เหนือคลอง,วศ.ม.,วิศวกรรมโยธา,มหาวิทยาลัยขอนแก่น,2558
TU PINE วศ.บ.โยธาเเละการบริหารการก่อสร้าง 68,ผู้ช่วยศาสตราจารย์,ภีม เหนือคลอง,วศ.บ.,วิศวกรรมโยธา,มหาวิทยาลัยขอนแก่น,2556
TU PINE วศ.บ.โยธาเเละการบริหารการก่อสร้าง 68,ผู้ช่วยศาสตราจารย์,สหรัฐ พุทธวรรณะ,Ph.D.,Civil Engineering,"Colorado State Univeritsy, U.S.A",2551
TU PINE วศ.บ.โยธาเเละการบริหารการก่อสร้าง 68,ผู้ช่วยศาสตราจารย์,สหรัฐ พุทธวรรณะ,วศ.ม.,วิศวกรรมโครงสร้าง,มหาวิทยาลัยขอนแก่น,2536
TU PINE วศ.บ.โยธาเเละการบริหารการก่อสร้าง 68,ผู้ช่วยศาสตราจารย์,สหรัฐ พุทธวรรณะ,วศ.บ.,วิศวกรรมโยธา,มหาวิทยาลัยขอนแก่น,2531
TU PINE วศ.บ.โยธาเเละการบริหารการก่อสร้าง 68,อาจารย์,วรุณศักดิ์ เลี่ยมแหลม,D.Eng.,Environmental Engineering,Asian Institute of Technology,2550
TU PINE วศ.บ.โยธาเเละการบริหารการก่อสร้าง 68,อาจารย์,วรุณศักดิ์ เลี่ยมแหลม,M.Eng.,Water and Wastewater,Asian Institute of Technology,2546
TU PINE วศ.บ.โยธาเเละการบริหารการก่อสร้าง 68,อาจารย์,วรุณศักดิ์ เลี่ยมแหลม,วศ.บ.,Engineeringวิศวกรรมสิ่งแวดล้อม,มหาวิทยาลัยเชียงใหม่,2544
วศ.บ.วิศวกรรมโยธา 66,ศาสตราจารย์,นคร ภู่วโรดม,Ph.D.,Structural Engineering,"Saitama University, Japan",2539
วศ.บ.วิศวกรรมโยธา 66,ศาสตราจารย์,นคร ภู่วโรดม,M.Eng.,Structural Engineering,Asian Institute of Technology,2536
วศ.บ.วิศวกรรมโยธา 66,ศาสตราจารย์,นคร ภู่วโรดม,วศ.บ.,วิศวกรรมโยธา,จุฬาลงกรณ์มหาวิทยาลัย,2534
วศ.บ.วิศวกรรมโยธา 66,ผู้ช่วยศาสตราจารย์,สายันต์ ศิริมนตรี,ปร.ด.,วิศวกรรมโยธา,มหาวิทยาลัยขอนแก่น,2554
วศ.บ.วิศวกรรมโยธา 66,ผู้ช่วยศาสตราจารย์,สายันต์ ศิริมนตรี,วศ.ม.,วิศวกรรมโยธา,จุฬาลงกรณ์มหาวิทยาลัย,2538
วศ.บ.วิศวกรรมโยธา 66,ผู้ช่วยศาสตราจารย์,สายันต์ ศิริมนตรี,วศ.บ.,วิศวกรรมโยธา,มหาวิทยาลัยขอนแก่น,2532
วศ.บ.วิศวกรรมโยธา 66,อาจารย์,วรุณศักดิ์ เลี่ยมแหลม,D.Eng.,Environmental Engineering,Asian Institute of Technology,2550
วศ.บ.วิศวกรรมโยธา 66,อาจารย์,วรุณศักดิ์ เลี่ยมแหลม,M.Eng.,Water and Wastewater Engineering,Asian Institute of Technology,2546
วศ.บ.วิศวกรรมโยธา 66,อาจารย์,วรุณศักดิ์ เลี่ยมแหลม,วศ.บ.,วิศวกรรมสิ่งแวดล้อม,มหาวิทยาลัยเชียงใหม่,2544
วศ.บ.วิศวกรรมโยธา 66,ผู้ช่วยศาสตราจารย์,กฤษฏา ไชยสาร,Ph.D.,Civil Engineering,"University of Cambridge, UK",2557
วศ.บ.วิศวกรรมโยธา 66,ผู้ช่วยศาสตราจารย์,กฤษฏา ไชยสาร,M.Eng.,Civil Engineering,"University of Cambridge, UK",2550
วศ.บ.วิศวกรรมโยธา 66,ผู้ช่วยศาสตราจารย์,กฤษฏา ไชยสาร,B.A.,Civil Engineering,"University of Cambridge, UK",2549
วศ.บ.วิศวกรรมโยธา 66,ผู้ช่วยศาสตราจารย์,ชนะชัย ทองโฉม,ปร.ด.,วิศวกรรมโยธา,จุฬาลงกรณ์มหาวิทยาลัย,2562
วศ.บ.วิศวกรรมโยธา 66,ผู้ช่วยศาสตราจารย์,ชนะชัย ทองโฉม,วศ.บ.,วิศวกรรมโยธา,มหาวิทยาลัยธรรมศาสตร์,2556
TEP วศ.บ.ไฟฟ้า 68,อาจารย์,พรระพีพัฒน์ ภาสบุตร,D.Eng.,Electrical Engineering,Asian Institute of Technology,2550
TEP วศ.บ.ไฟฟ้า 68,อาจารย์,พรระพีพัฒน์ ภาสบุตร,M.Eng.,Electrical Engineering,Asian Institute of Technology,2544
TEP วศ.บ.ไฟฟ้า 68,อาจารย์,พรระพีพัฒน์ ภาสบุตร,วศ.บ.,"Electrical Engineering (Power Systems, Energy Management)",Thammasat University,2539
TEP วศ.บ.ไฟฟ้า 68,ผู้ช่วยศาสตราจารย์,จักราวุธ เดชวิเศษ,Ph.D,Electrical Engineering,"Imperial College London, United Kingdom",2555
TEP วศ.บ.ไฟฟ้า 68,ผู้ช่วยศาสตราจารย์,จักราวุธ เดชวิเศษ,M.Phil.,Electrical Engineering,"Imperial College London, United Kingdom",2546
TEP วศ.บ.ไฟฟ้า 68,ผู้ช่วยศาสตราจารย์,จักราวุธ เดชวิเศษ,วศ.ม.,วิศวกรรมไฟฟ้า,สถาบันเทคโนโลยีพระจอมเกล้าเจ้าคุณทหารลาดกระบังสถาบัน,2538
TEP วศ.บ.ไฟฟ้า 68,ผู้ช่วยศาสตราจารย์,จักราวุธ เดชวิเศษ,วศ.บ.,วิศวกรรมไฟฟ้า,เทคโนโลยีพระจอมเกล้าเจ้าคุณทหารลาดกระบัง,2535
TEP วศ.บ.ไฟฟ้า 68,ผู้ช่วยศาสตราจารย์,ปรีติโอวาทชัยพงศ์,Ph.D.,Physics,"University of California, Santa Barbara, U.S.A.",2559
TEP วศ.บ.ไฟฟ้า 68,ผู้ช่วยศาสตราจารย์,ปรีติโอวาทชัยพงศ์,M.Sc.,Physics,"University of California, Santa Barbara, U.S.A.",2556
TEP วศ.บ.ไฟฟ้า 68,ผู้ช่วยศาสตราจารย์,ปรีติโอวาทชัยพงศ์,B.S.,Engineering Physics,"University of Illinois at Urbana-Champaign, U.S.A.",2553
TEP วศ.บ.ไฟฟ้า 68,ศาสตราจารย์,Matthew Priestley(มหาวิทยาลัยแห่งนิวเซาท์เวลส์),Ph.D.,Electrical Engineering,"University of New South Wales, Australia",2562
TEP วศ.บ.ไฟฟ้า 68,ศาสตราจารย์,Matthew Priestley(มหาวิทยาลัยแห่งนิวเซาท์เวลส์),Ph.D.,Electrical Engineering,"James Cook University (JCU), 2556 Australia",2556
TEP วศ.บ.ไฟฟ้า 68,ผู้ช่วยศาสตราจารย์,Steve Greedy(มหาวิทยาลัยแห่งนอตติงแฮม),Ph.D.,Electrical & Electronic Engineering,"The University of Nottingham,UK",2545
TEP วศ.บ.ไฟฟ้า 68,ผู้ช่วยศาสตราจารย์,Steve Greedy(มหาวิทยาลัยแห่งนอตติงแฮม),M.Eng.,Electrical & Electronic Engineering,"The University of Nottingham,UK",2541
วศ.บ.วิศวกรรมอุตสาหการ 66,ผู้ช่วยศาสตราจารย์,นริศ เจริญพร,วศ.ม.,วิศวกรรมอุตสาหการ,จุฬาลงกรณ์มหาวิทยาลัย,2535
วศ.บ.วิศวกรรมอุตสาหการ 66,ผู้ช่วยศาสตราจารย์,นริศ เจริญพร,วศ.บ.,วิศวกรรมเกษตร,มหาวิทยาลัยเกษตรศาสตร์,2531
วศ.บ.วิศวกรรมอุตสาหการ 66,ผู้ช่วยศาสตราจารย์,ปาริชาต ชื่นวัฒนกุล,M.Eng.,Industrial Engineering and Management,Asian Institute of Technology,2535
วศ.บ.วิศวกรรมอุตสาหการ 66,ผู้ช่วยศาสตราจารย์,ปาริชาต ชื่นวัฒนกุล,วศ.บ.,วิศวกรรมอุตสาหการ,มหาวิทยาลัยขอนแก่น,2532
วศ.บ.วิศวกรรมอุตสาหการ 66,ผู้ช่วยศาสตราจารย์,วรารัตน์ กังสัมฤทธิ์,Ph.D.,Macromolecular science,"Case Western Reserve University, USA",2544
วศ.บ.วิศวกรรมอุตสาหการ 66,ผู้ช่วยศาสตราจารย์,วรารัตน์ กังสัมฤทธิ์,วท.ม.,วิทยาศาสตร์โพลิเมอร์,มหาวิทยาลัยมหิดล,2536
วศ.บ.วิศวกรรมอุตสาหการ 66,ผู้ช่วยศาสตราจารย์,วรารัตน์ กังสัมฤทธิ์,วท.บ.,เคมี,มหาวิทยาลัยขอนแก่น,2533
วศ.บ.วิศวกรรมอุตสาหการ 66,ผู้ช่วยศาสตราจารย์,อภิวัฒน์ มุตตามระ,D.Eng.,Material Science,"Nagaoka University of Technology, Japan",2547
วศ.บ.วิศวกรรมอุตสาหการ 66,ผู้ช่วยศาสตราจารย์,อภิวัฒน์ มุตตามระ,วศ.บ.,วิศวกรรมอุตสาหการ,มหาวิทยาลัยเกษตรศาสตร์,2535
วศ.บ.วิศวกรรมอุตสาหการ 66,ผู้ช่วยศาสตราจารย์,วุฒินันท์ นุ่นแก้ว,ปร.ด.,วิศวกรรมศาสตร์,มหาวิทยาลัยธรรมศาสตร์,2556
วศ.บ.วิศวกรรมอุตสาหการ 66,ผู้ช่วยศาสตราจารย์,วุฒินันท์ นุ่นแก้ว,วศ.ม.,วิศวกรรมอุตสาหการ,มหาวิทยาลัยธรรมศาสตร์,2552
วศ.บ.วิศวกรรมอุตสาหการ 66,ผู้ช่วยศาสตราจารย์,วุฒินันท์ นุ่นแก้ว,วศ.บ.,วิศวกรรมอุตสาหการ,มหาวิทยาลัยธรรมศาสตร์,2550
วศ.บ.วิศวกรรมไฟฟ้า 66,ศาสตราจารย์,สัญญา มิตรเอม,Ph.D.,Electrical Engineering,"University of Southern California, USA",2542
วศ.บ.วิศวกรรมไฟฟ้า 66,ศาสตราจารย์,สัญญา มิตรเอม,M.S.,Electrical Engineering,"University of Southern California, USA",2535
วศ.บ.วิศวกรรมไฟฟ้า 66,ศาสตราจารย์,สัญญา มิตรเอม,วศ.บ.,วิศวกรรมระบบควบคุม,สถาบันเทคโนโลยีพระจอมเกล้าเจ้าคุณทหารลาดกระบัง,2533
วศ.บ.วิศวกรรมไฟฟ้า 66,ผู้ช่วยศาสตราจารย์,จรี ไชยชาญ,Ph.D.,Biomedical Engineering,"University of Southern California, USA",2550
วศ.บ.วิศวกรรมไฟฟ้า 66,ผู้ช่วยศาสตราจารย์,จรี ไชยชาญ,M.S.,Biomedical Engineering,"University of Southern California, USA",2549
วศ.บ.วิศวกรรมไฟฟ้า 66,ผู้ช่วยศาสตราจารย์,จรี ไชยชาญ,M.Eng.,Telecommunications,Asian Institute of Technology,2536
วศ.บ.วิศวกรรมไฟฟ้า 66,ผู้ช่วยศาสตราจารย์,จรี ไชยชาญ,B.Eng.,Electrical Engineering,Khon Kaen University,2532
วศ.บ.วิศวกรรมไฟฟ้า 66,อาจารย์,พงษ์ศักดิ์ มหาโชคเลิศวัฒนา,Ph.D.,Electrical Engineering,"The Ohio State University, USA",2550
วศ.บ.วิศวกรรมไฟฟ้า 66,อาจารย์,พงษ์ศักดิ์ มหาโชคเลิศวัฒนา,M.S.,Electrical Engineering,"The Ohio State University, USA",2545
วศ.บ.วิศวกรรมไฟฟ้า 66,อาจารย์,พงษ์ศักดิ์ มหาโชคเลิศวัฒนา,M.Eng.,Electrical Engineering,"Kyoto University, Japan",2537
วศ.บ.วิศวกรรมไฟฟ้า 66,อาจารย์,พงษ์ศักดิ์ มหาโชคเลิศวัฒนา,B.Eng.,Electrical Engineering,"Kyoto University, Japan",2535
วศ.บ.วิศวกรรมไฟฟ้า 66,ผู้ช่วยศาสตราจารย์,ศุภชัย วรพจน์พิศุทธิ์,D.Eng.,Control Engineering,"Tokyo Institute of Technology, Japan",2545
วศ.บ.วิศวกรรมไฟฟ้า 66,ผู้ช่วยศาสตราจารย์,ศุภชัย วรพจน์พิศุทธิ์,วศ.ม.,วิศวกรรมไฟฟ้า,จุฬาลงกรณ์มหาวิทยาลัย,2538
วศ.บ.วิศวกรรมไฟฟ้า 66,ผู้ช่วยศาสตราจารย์,ศุภชัย วรพจน์พิศุทธิ์,วศ.บ.,วิศวกรรมไฟฟ้า,จุฬาลงกรณ์มหาวิทยาลัย,2533
วศ.บ.วิศวกรรมไฟฟ้า 66,ผู้ช่วยศาสตราจารย์,ไพบูลย์ นาคมหาชลาสินธุ์,Ph.D.,Electrical Engineering,"University of Florida, Gainesville, Florida, USA",2546
วศ.บ.วิศวกรรมไฟฟ้า 66,ผู้ช่วยศาสตราจารย์,ไพบูลย์ นาคมหาชลาสินธุ์,M.Eng.,Electrical Engineering,"University of Florida, Gainesville, Florida, USA",2537
วศ.บ.วิศวกรรมไฟฟ้า 66,ผู้ช่วยศาสตราจารย์,ไพบูลย์ นาคมหาชลาสินธุ์,วศ.บ.,วิศวกรรมระบบควบคุม,สถาบันเทคโนโลยีพระจอมเกล้าเจ้าคุณทหารลาดกระบัง,2534
วศ.บ.วิศวกรรมเครื่องกล 66,ผู้ช่วยศาสตราจารย์,อิศเรศ ธุชกัลยา,Ph.D.,Mechanical Engineering,University of Manchester,2553
วศ.บ.วิศวกรรมเครื่องกล 66,ผู้ช่วยศาสตราจารย์,อิศเรศ ธุชกัลยา,วศ.ม.,เทคโนโลยีพลังงาน,มหาวิทยาลัยเทคโนโลยีพระจอมเกล้าธนบุรี,2543
วศ.บ.วิศวกรรมเครื่องกล 66,ผู้ช่วยศาสตราจารย์,อิศเรศ ธุชกัลยา,วศ.บ.,วิศวกรรมเครื่องกล,มหาวิทยาลัยเทคโนโลยีพระจอมเกล้าพระนครเหนือ,2541
วศ.บ.วิศวกรรมเครื่องกล 66,ผู้ช่วยศาสตราจารย์,บรรยงค์ รุ่งเรืองด้วยบุญ,Ph.D.,Mechanical Engineering,"Lehigh University, USA",2546
วศ.บ.วิศวกรรมเครื่องกล 66,ผู้ช่วยศาสตราจารย์,บรรยงค์ รุ่งเรืองด้วยบุญ,M.S.,Mechanical Engineering,"Lehigh University, USA",2543
วศ.บ.วิศวกรรมเครื่องกล 66,ผู้ช่วยศาสตราจารย์,บรรยงค์ รุ่งเรืองด้วยบุญ,วศ.บ.,วิศวกรรมเครื่องกล,มหาวิทยาลัยเทคโนโลยีพระจอมเกล้าพระนครเหนือ,2538
วศ.บ.วิศวกรรมเครื่องกล 66,ผู้ช่วยศาสตราจารย์,ดุลยโชติ ชลศึกษ์,Ph.D.,Mechanical Engineering,"Columbia University, USA",2544
วศ.บ.วิศวกรรมเครื่องกล 66,ผู้ช่วยศาสตราจารย์,ดุลยโชติ ชลศึกษ์,M.S.,Mechanical Engineering,"Columbia University, USA",
วศ.บ.วิศวกรรมเครื่องกล 66,ผู้ช่วยศาสตราจารย์,ดุลยโชติ ชลศึกษ์,วศ.บ.,วิศวกรรมเครื่องกล,จุฬาลงกรณ์มหาวิทยาลัย,
วศ.บ.วิศวกรรมเครื่องกล 66,ผู้ช่วยศาสตราจารย์,ชาญณรงค์ อัศวเทศานุภาพ,Ph.D.,Mechanical Engineering,"University of Southern California, USA",2550
วศ.บ.วิศวกรรมเครื่องกล 66,ผู้ช่วยศาสตราจารย์,ชาญณรงค์ อัศวเทศานุภาพ,วศ.ม.,วิศวกรรมเครื่องกล,จุฬาลงกรณ์มหาวิทยาลัย,2541
วศ.บ.วิศวกรรมเครื่องกล 66,ผู้ช่วยศาสตราจารย์,ชาญณรงค์ อัศวเทศานุภาพ,วศ.บ.,วิศวกรรมเครื่องกล,มหาวิทยาลัยเทคโนโลยีพระจอมเกล้าพระนครเหนือ,2538
วศ.บ.วิศวกรรมเครื่องกล 66,ผู้ช่วยศาสตราจารย์,สมศักดิ์ วงษ์ประดับไชย,Ph.D.,Engineering,มหาวิทยาลัยธรรมศาสตร์,2553
วศ.บ.วิศวกรรมเครื่องกล 66,ผู้ช่วยศาสตราจารย์,สมศักดิ์ วงษ์ประดับไชย,วศ.ม.,วิศวกรรมเครื่องกล,มหาวิทยาลัยธรรมศาสตร์,2549
วศ.บ.วิศวกรรมเครื่องกล 66,ผู้ช่วยศาสตราจารย์,สมศักดิ์ วงษ์ประดับไชย,วศ.บ.,วิศวกรรมเครื่องกล,มหาวิทยาลัยธรรมศาสตร์,2547
วศ.บ. วิศวกรรมยานยนฯ 66,ผู้ช่วยศาสตราจารย์,สนันตน์เขม อิชโรจน์,ปร.ด.,วิศวกรรมศาสตร์,มหาวิทยาลัยธรรมศาสตร์,2559
วศ.บ. วิศวกรรมยานยนฯ 66,ผู้ช่วยศาสตราจารย์,สนันตน์เขม อิชโรจน์,วศ.ม.,วิศวกรรมเคมี,มหาวิทยาลัยธรรมศาสตร์,2554
วศ.บ. วิศวกรรมยานยนฯ 66,ผู้ช่วยศาสตราจารย์,สนันตน์เขม อิชโรจน์,วศ.บ.,วิศวกรรมเคมี,มหาวิทยาลัยธรรมศาสตร์,2551
วศ.บ. วิศวกรรมยานยนฯ 66,อาจารย์,รังสรรค์ วรรณภพ,ปร.ด.,วิศวกรรมศาสตร์,มหาวิทยาลัยธรรมศาสตร์,2561
วศ.บ. วิศวกรรมยานยนฯ 66,อาจารย์,รังสรรค์ วรรณภพ,วศ.ม.,วิศวกรรมเครื่องกล,มหาวิทยาลัยธรรมศาสตร์,2552
วศ.บ. วิศวกรรมยานยนฯ 66,อาจารย์,รังสรรค์ วรรณภพ,วศ.บ.,วิศวกรรมอุตสาหการ,มหาวิทยาลัยธรรมศาสตร์,2548
วศ.บ. วิศวกรรมยานยนฯ 66,อาจารย์,วัชระ อมศิริ,วศ.ม.,วิศวกรรมไฟฟ้าและคอมพิวเตอร์,มหาวิทยาลัยธรรมศาสตร์,2559
วศ.บ. วิศวกรรมยานยนฯ 66,อาจารย์,วัชระ อมศิริ,วศ.บ.,วิศวกรรมไฟฟ้า,มหาวิทยาลัยธรรมศาสตร์,2557
วศ.บ. วิศวกรรมยานยนฯ 66,ผู้ช่วยศาสตราจารย์,วันชัย ไพจิตโรจนา,Ph.D.,Optoelectronics,"King’s College, University of London, UK",2545
วศ.บ. วิศวกรรมยานยนฯ 66,ผู้ช่วยศาสตราจารย์,วันชัย ไพจิตโรจนา,M.Sci.,Electrical Engineering Nonlinear,"University of Southern California, USA",2539
วศ.บ. วิศวกรรมยานยนฯ 66,ผู้ช่วยศาสตราจารย์,วันชัย ไพจิตโรจนา,M.Eng.,Optics,"Asian Institute of Technology, Thailand",2532
วศ.บ. วิศวกรรมยานยนฯ 66,ผู้ช่วยศาสตราจารย์,วันชัย ไพจิตโรจนา,B.Eng.,Computer Technology Telecommunication,King Mongkut’s Institute of Technology Ladkrabang,2528
วศ.บ. วิศวกรรมยานยนฯ 66,อาจารย์,ยุทธนา จงเจริญ,Ph.D.,"Electrical Engineering, Electronics and Computing","University of Newcastle upon Tyne, UK",2560
วศ.บ. วิศวกรรมยานยนฯ 66,อาจารย์,ยุทธนา จงเจริญ,M.Eng.,Electrical Engineering,Kasetsart University,2543
วศ.บ. วิศวกรรมยานยนฯ 66,อาจารย์,ยุทธนา จงเจริญ,B.Eng.,Electrical Engineering,Kasetsart University,2535
TU PINE วศ.บ.ไฟฟ้าเเละการจัดการอุตสาหกรรม 66,ผู้ช่วยศาสตราจารย์,นภดล อุชายภิชาติ,Ph.D.,Medical Signal Processing,Napier University U.K.,2548
TU PINE วศ.บ.ไฟฟ้าเเละการจัดการอุตสาหกรรม 66,ผู้ช่วยศาสตราจารย์,นภดล อุชายภิชาติ,M.Eng.,Mechatronics,Aisian Institute of Technology,2542
TU PINE วศ.บ.ไฟฟ้าเเละการจัดการอุตสาหกรรม 66,ผู้ช่วยศาสตราจารย์,นภดล อุชายภิชาติ,วศ.บ,วิศวกรรมไฟฟ้า,มหาวิทยาลัยเกษตรศาสตร์,2540
TU PINE วศ.บ.ไฟฟ้าเเละการจัดการอุตสาหกรรม 66,ผู้ช่วยศาสตราจารย์,ศุภวัฒน์ สุภัควงศ์,Ph.D.,Electrical Engineering,"Imperial College,U.K.",2553
TU PINE วศ.บ.ไฟฟ้าเเละการจัดการอุตสาหกรรม 66,ผู้ช่วยศาสตราจารย์,ศุภวัฒน์ สุภัควงศ์,M.S.,Electrical Engineering,"University of Virginia,USA",2548
TU PINE วศ.บ.ไฟฟ้าเเละการจัดการอุตสาหกรรม 66,ผู้ช่วยศาสตราจารย์,ศุภวัฒน์ สุภัควงศ์,B.S.,Electrical Engineering,"University of Virginia ,USA",2547
TU PINE วศ.บ.ไฟฟ้าเเละการจัดการอุตสาหกรรม 66,ผู้ช่วยศาสตราจารย์,นิติการ นิ่มสุข,Ph.D.,Physical Electronics,Tokyo Institute of Technology Japan.,2551
TU PINE วศ.บ.ไฟฟ้าเเละการจัดการอุตสาหกรรม 66,ผู้ช่วยศาสตราจารย์,นิติการ นิ่มสุข,M.Eng.,Physical Electronics,Tokyo Institute of Technology Japan.,2548
TU PINE วศ.บ.ไฟฟ้าเเละการจัดการอุตสาหกรรม 66,ผู้ช่วยศาสตราจารย์,นิติการ นิ่มสุข,B.Eng.,"Electrical and Electronic Engineering(Artificial Neural Networks, Pattern Recognition, Electronic Noses)",Tokyo Institute of Technology Japan.,2546
TU PINE วศ.บ.ไฟฟ้าเเละการจัดการอุตสาหกรรม 66,ผู้ช่วยศาสตราจารย์,ณัฐพงศ์ ตัณฑนุช,ปร.ด.,วิศวกรรมไฟฟ้า,จุฬาลงกรณ์มหาวิทยาลัย,2554
TU PINE วศ.บ.ไฟฟ้าเเละการจัดการอุตสาหกรรม 66,ผู้ช่วยศาสตราจารย์,ณัฐพงศ์ ตัณฑนุช,วศ.ม.,วิศวกรรมไฟฟ้า,จุฬาลงกรณ์มหาวิทยาลัย,2547
TU PINE วศ.บ.ไฟฟ้าเเละการจัดการอุตสาหกรรม 66,ผู้ช่วยศาสตราจารย์,ณัฐพงศ์ ตัณฑนุช,วศ.บ.,วิศวกรรมไฟฟ้า,จุฬาลงกรณ์มหาวิทยาลัย,2544
TU PINE วศ.บ.ไฟฟ้าเเละการจัดการอุตสาหกรรม 66,อาจารย์,ภัททิยา ทองเครือ,ปร.ด.,วิศวกรรมไฟฟ้า,มหาวิทยาลัยธรรมศาสตร์,2561
TU PINE วศ.บ.ไฟฟ้าเเละการจัดการอุตสาหกรรม 66,อาจารย์,ภัททิยา ทองเครือ,M.Eng.,Industrial and Manufacturing Engineering,Aisian Institute of Technology,2558
TU PINE วศ.บ.ไฟฟ้าเเละการจัดการอุตสาหกรรม 66,อาจารย์,ภัททิยา ทองเครือ,วศ.บ.,วิศวกรรมไฟฟ้า,มหาวิทยาลัยธรรมศาสตร์,2556
นิติศาสตรบัณฑิต ศูนย์ลำปาง (ปรับปรุง 66),รองศาสตราจารย์ ดร.,นิรมัย พิศแข มั่นจิตร,Doctorat,Droit Pullic,"Universite de Toulose I, France",2557
นิติศาสตรบัณฑิต ศูนย์ลำปาง (ปรับปรุง 66),รองศาสตราจารย์ ดร.,นิรมัย พิศแข มั่นจิตร,น.ม.,กฎหมายมหาชน,มหาวิทยาลัยธรรมศาสตร์,2548
นิติศาสตรบัณฑิต ศูนย์ลำปาง (ปรับปรุง 66),รองศาสตราจารย์ ดร.,นิรมัย พิศแข มั่นจิตร,น.บ.ท.,-,ส านักอบรมกฎหมายแห่งเนติบัณฑิตยสภา,2546
นิติศาสตรบัณฑิต ศูนย์ลำปาง (ปรับปรุง 66),รองศาสตราจารย์ ดร.,นิรมัย พิศแข มั่นจิตร,น.บ.,นิติศาสตร์,มหาวิทยาลัยธรรมศาสตร์,2544
นิติศาสตรบัณฑิต ศูนย์ลำปาง (ปรับปรุง 66),รองศาสตราจารย์ ดร.,สุรศักดิ์ บุญเรือง,Ph.D.,Nature Conservation Law,"University of Dundee, UK",2563
นิติศาสตรบัณฑิต ศูนย์ลำปาง (ปรับปรุง 66),รองศาสตราจารย์ ดร.,สุรศักดิ์ บุญเรือง,LL.M.,Environmental Law,"University of Sydney, Australia",2559
นิติศาสตรบัณฑิต ศูนย์ลำปาง (ปรับปรุง 66),รองศาสตราจารย์ ดร.,สุรศักดิ์ บุญเรือง,น.ม.,กฎหมายทรัพยากรธรรมชาติและสิ่งแวดล้อม,มหาวิทยาลัยธรรมศาสตร์,2555
นิติศาสตรบัณฑิต ศูนย์ลำปาง (ปรับปรุง 66),รองศาสตราจารย์ ดร.,สุรศักดิ์ บุญเรือง,น.บ.ท.,-,ส านักอบรมกฎหมายแห่งเนติบัณฑิตยสภา,2553
นิติศาสตรบัณฑิต ศูนย์ลำปาง (ปรับปรุง 66),รองศาสตราจารย์ ดร.,สุรศักดิ์ บุญเรือง,น.บ.,นิติศาสตร์,มหาวิทยาลัยธรรมศาสตร์,2552
นิติศาสตรบัณฑิต ศูนย์ลำปาง (ปรับปรุง 66),ผู้ช่วยศาสตราจารย์,เฉลิมวุฒิ ศรีพรหม,LL.M,International Civil andCommercial Law(Advanced Studies),"Leiden University, The Netherlands",2559
นิติศาสตรบัณฑิต ศูนย์ลำปาง (ปรับปรุง 66),ผู้ช่วยศาสตราจารย์,เฉลิมวุฒิ ศรีพรหม,น.ม.,กฎหมายเอกชน,มหาวิทยาลัยธรรมศาสตร์,2556
นิติศาสตรบัณฑิต ศูนย์ลำปาง (ปรับปรุง 66),ผู้ช่วยศาสตราจารย์,เฉลิมวุฒิ ศรีพรหม,น.บ.ท.,-,สำนักอบรมกฎหมายแห่งเนติบัณฑิตยสภา,2553
นิติศาสตรบัณฑิต ศูนย์ลำปาง (ปรับปรุง 66),ผู้ช่วยศาสตราจารย์,เฉลิมวุฒิ ศรีพรหม,น.บ.,นิติศาสตร์,มหาวิทยาลัยธรรมศาสตร์,2552
นิติศาสตรบัณฑิต ศูนย์ลำปาง (ปรับปรุง 66),อาจารย์ ดร.,ฐาปนันท์ นิพิฏฐกุล,DocteurenDroit(MentionTreshonorableavecFelicitations),Droit,"Universite des Sciences sociales,Toulouse, France",2547
นิติศาสตรบัณฑิต ศูนย์ลำปาง (ปรับปรุง 66),อาจารย์ ดร.,ฐาปนันท์ นิพิฏฐกุล,D.E.A.,Histoire de la Sciencejuridique européenne,"Universite Robert Schuman Strabourg,France",2541
นิติศาสตรบัณฑิต ศูนย์ลำปาง (ปรับปรุง 66),อาจารย์ ดร.,ฐาปนันท์ นิพิฏฐกุล,น.ม.,กฎหมายเอกชน,มหาวิทยาลัยธรรมศาสตร์,2538
นิติศาสตรบัณฑิต ศูนย์ลำปาง (ปรับปรุง 66),อาจารย์ ดร.,ฐาปนันท์ นิพิฏฐกุล,น.บ.,นิติศาสตร์,มหาวิทยาลัยธรรมศาสตร์,2532
นิติศาสตรบัณฑิต ศูนย์ลำปาง (ปรับปรุง 66),ผู้ช่วยศาสตราจารย์,กิตติพงศ์ กมลธรรมวงศ์,น.ม.,กฎหมายเอกชน,มหาวิทยาลัยธรรมศาสตร์,2548
นิติศาสตรบัณฑิต ศูนย์ลำปาง (ปรับปรุง 66),ผู้ช่วยศาสตราจารย์,กิตติพงศ์ กมลธรรมวงศ์,น.บ.,นิติศาสตร์,มหาวิทยาลัยธรรมศาสตร์,2541
นิติศาสตรบัณฑิต ท่าพระจันทร์ (ปรับปรุง 66),รองศาสตราจารย์ ดร.,พันธุ์ทิพย์ กาญจนะจิตรา-สายสุนทร,Doctorat,Nouveau régime,"Université Robert Schuman, France",2532
นิติศาสตรบัณฑิต ท่าพระจันทร์ (ปรับปรุง 66),รองศาสตราจารย์ ดร.,พันธุ์ทิพย์ กาญจนะจิตรา-สายสุนทร,D.E.A.,Droit international,"Université Robert Schuman, France",2527
นิติศาสตรบัณฑิต ท่าพระจันทร์ (ปรับปรุง 66),รองศาสตราจารย์ ดร.,พันธุ์ทิพย์ กาญจนะจิตรา-สายสุนทร,น.บ.,นิติศาสตร์,มหาวิทยาลัยธรรมศาสตร์,2522
นิติศาสตรบัณฑิต ท่าพระจันทร์ (ปรับปรุง 66),รองศาสตราจารย์ ดร.,สมเกียรติ วรปัญญาอนันต์,Doctorat,Droit Privé,"Université Robert Schuman, France",2536
นิติศาสตรบัณฑิต ท่าพระจันทร์ (ปรับปรุง 66),รองศาสตราจารย์ ดร.,สมเกียรติ วรปัญญาอนันต์,D.E.A.,Droit international,"Université Robert Schuman, France",2532
นิติศาสตรบัณฑิต ท่าพระจันทร์ (ปรับปรุง 66),รองศาสตราจารย์ ดร.,สมเกียรติ วรปัญญาอนันต์,น.บ.,นิติศาสตร์,มหาวิทยาลัยธรรมศาสตร์,2527
นิติศาสตรบัณฑิต ท่าพระจันทร์ (ปรับปรุง 66),ผู้ช่วยศาสตราจารย์,ธีระ สุธีวรางกูร,น.ม.,นิติศาสตร์,มหาวิทยาลัยธรรมศาสตร์,2540
นิติศาสตรบัณฑิต ท่าพระจันทร์ (ปรับปรุง 66),ผู้ช่วยศาสตราจารย์,ธีระ สุธีวรางกูร,น.บ.,นิติศาสตร์,มหาวิทยาลัยรามค าแหง,2533
นิติศาสตรบัณฑิต ท่าพระจันทร์ (ปรับปรุง 66),ผู้ช่วยศาสตราจารย์,ทวีศักดิ์ เอื้ออมรวนิช,LL.M.,International,"University of East Anglia, England",2548
นิติศาสตรบัณฑิต ท่าพระจันทร์ (ปรับปรุง 66),ผู้ช่วยศาสตราจารย์,ทวีศักดิ์ เอื้ออมรวนิช,น.ม.,Trade Law,จุฬาลงกรณ์มหาวิทยาลัย,2547
นิติศาสตรบัณฑิต ท่าพระจันทร์ (ปรับปรุง 66),ผู้ช่วยศาสตราจารย์,ทวีศักดิ์ เอื้ออมรวนิช,น.บ.ท.,กฎหมายเอกชนและธุรกิจ,เนติบัณฑิตยสภา,2545
นิติศาสตรบัณฑิต ท่าพระจันทร์ (ปรับปรุง 66),ผู้ช่วยศาสตราจารย์,ทวีศักดิ์ เอื้ออมรวนิช,น.บ.,นิติศาสตร์,มหาวิทยาลัยธรรมศาสตร์,2544
นิติศาสตรบัณฑิต ท่าพระจันทร์ (ปรับปรุง 66),ผู้ช่วยศาสตราจารย์,ทวีศักดิ์ เอื้ออมรวนิช,ร.บ.,รัฐศาสตรบัณฑิต,มหาวิทยาลัยสุโขทัยธรรมาธิราช,2543
นิติศาสตรบัณฑิต ท่าพระจันทร์ (ปรับปรุง 66),อาจารย์ ดร.,ญาดา เดชชัย เธียรประสิทธิ์,น.ด.,นิติศาสตร์,"University of Aberdeen, UK",2564
นิติศาสตรบัณฑิต ท่าพระจันทร์ (ปรับปรุง 66),อาจารย์ ดร.,ญาดา เดชชัย เธียรประสิทธิ์,น.ม.,-,"Oxford Brookes University, UK",2556
นิติศาสตรบัณฑิต ท่าพระจันทร์ (ปรับปรุง 66),อาจารย์ ดร.,ญาดา เดชชัย เธียรประสิทธิ์,น.บ.,นิติศาสตร์,มหาวิทยาลัยธรรมศาสตร์,2555
นิติศาสตรบัณฑิต ศูนยรังสิต (ปรับปรุง 66),ศาสตราจารย์ ดร.,ประสิทธิ์ ปิวาวัฒนพานิช,S.J.D.,Law,"Wisconsin University, USA Golden Gate University, USA",2559
นิติศาสตรบัณฑิต ศูนยรังสิต (ปรับปรุง 66),ศาสตราจารย์ ดร.,ประสิทธิ์ ปิวาวัฒนพานิช,LL.M.,Law,"University, USA",2545
นิติศาสตรบัณฑิต ศูนยรังสิต (ปรับปรุง 66),ศาสตราจารย์ ดร.,ประสิทธิ์ ปิวาวัฒนพานิช,น.ม,กฎหมายการค้าระหว่างประเทศ,มหาวิทยาลัยธรรมศาสตร์,2538
นิติศาสตรบัณฑิต ศูนยรังสิต (ปรับปรุง 66),ศาสตราจารย์ ดร.,ประสิทธิ์ ปิวาวัฒนพานิช,น.บ.,นิติศาสตร์,มหาวิทยาลัยธรรมศาสตร์,2535
นิติศาสตรบัณฑิต ศูนยรังสิต (ปรับปรุง 66),ผู้ช่วยศาสตราจารย์ ดร.,กรศุทธิ์ ขอพ่วงกลาง,Ph.D.,Law,"University of Edinburgh, UK",2559
นิติศาสตรบัณฑิต ศูนยรังสิต (ปรับปรุง 66),ผู้ช่วยศาสตราจารย์ ดร.,กรศุทธิ์ ขอพ่วงกลาง,LL.M.,"Innovation, Technology and the Law","University of Edinburgh, UK",2552
นิติศาสตรบัณฑิต ศูนยรังสิต (ปรับปรุง 66),ผู้ช่วยศาสตราจารย์ ดร.,กรศุทธิ์ ขอพ่วงกลาง,น.ม.,กฎหมายเอกชนนิติศาสตร์,มหาวิทยาลัยธรรมศาสตร์,2552
นิติศาสตรบัณฑิต ศูนยรังสิต (ปรับปรุง 66),ผู้ช่วยศาสตราจารย์ ดร.,กรศุทธิ์ ขอพ่วงกลาง,น.บ.,นิติศาสตร์,มหาวิทยาลัยธรรมศาสตร์,2547
นิติศาสตรบัณฑิต ศูนยรังสิต (ปรับปรุง 66),ผู้ช่วยศาสตราจารย์ ดร.,ธนภัทร ชาตินักรบ,Ph.D.,Law,"Universityof Manchester, UK",2564
นิติศาสตรบัณฑิต ศูนยรังสิต (ปรับปรุง 66),ผู้ช่วยศาสตราจารย์ ดร.,ธนภัทร ชาตินักรบ,LL.M.,Public International Law,"Queen Mary University of London, UK",2561
นิติศาสตรบัณฑิต ศูนยรังสิต (ปรับปรุง 66),ผู้ช่วยศาสตราจารย์ ดร.,ธนภัทร ชาตินักรบ,น.ม.,กฎหมายระหว่างประเทศ,มหาวิทยาลัยธรรมศาสตร์,2557
นิติศาสตรบัณฑิต ศูนยรังสิต (ปรับปรุง 66),ผู้ช่วยศาสตราจารย์ ดร.,ธนภัทร ชาตินักรบ,น.บ.,นิติศาสตร์,มหาวิทยาลัยธรรมศาสตร์,2555
นิติศาสตรบัณฑิต ศูนยรังสิต (ปรับปรุง 66),รองศาสตราจารย์ ดร.,กิตติวัฒน์ จันทร์แจ่มใส,Ph.D.,-,"University of Durham, UK.",2558
นิติศาสตรบัณฑิต ศูนยรังสิต (ปรับปรุง 66),รองศาสตราจารย์ ดร.,กิตติวัฒน์ จันทร์แจ่มใส,LL.M.,International Business Law,"London School of Economics andPolitical Science, UK.",2555
นิติศาสตรบัณฑิต ศูนยรังสิต (ปรับปรุง 66),รองศาสตราจารย์ ดร.,กิตติวัฒน์ จันทร์แจ่มใส,น.บ.ท.,-,ส านักอบรมกฎหมายแห่งเนติบัณฑิตยสภา,2550
นิติศาสตรบัณฑิต ศูนยรังสิต (ปรับปรุง 66),รองศาสตราจารย์ ดร.,กิตติวัฒน์ จันทร์แจ่มใส,น.ม.,กฎหมายการค้าระหว่างประเทศ,มหาวิทยาลัยธรรมศาสตร์,2552
นิติศาสตรบัณฑิต ศูนยรังสิต (ปรับปรุง 66),รองศาสตราจารย์ ดร.,กิตติวัฒน์ จันทร์แจ่มใส,น.บ.,นิติศาสตร์,มหาวิทยาลัยธรรมศาสตร์,2549
นิติศาสตรบัณฑิต ศูนยรังสิต (ปรับปรุง 66),ผู้ช่วยศาสตราจารย์ ดร.,ธีระรัตน์ จีระวัฒนา,Ph.D,-,"University of New England, Australia",2562
นิติศาสตรบัณฑิต ศูนยรังสิต (ปรับปรุง 66),ผู้ช่วยศาสตราจารย์ ดร.,ธีระรัตน์ จีระวัฒนา,น.ม.,กฎหมายการค้าระหว่างประเทศ,มหาวิทยาลัยธรรมศาสตร์,2548
นิติศาสตรบัณฑิต ศูนยรังสิต (ปรับปรุง 66),ผู้ช่วยศาสตราจารย์ ดร.,ธีระรัตน์ จีระวัฒนา,น.บ.ท.,-,ส านักอบรมกฎหมายแห่งเนติบัณฑิตยสภา,2548
นิติศาสตรบัณฑิต ศูนยรังสิต (ปรับปรุง 66),ผู้ช่วยศาสตราจารย์ ดร.,ธีระรัตน์ จีระวัฒนา,น.บ.,นิติศาสตร์,มหาวิทยาลัยธรรมศาสตร์,2548
น.บ. กฎหมายธุรกิจ (นานาชาติ-ปรับปรุง 66),ผู้ช่วยศาสตราจารย์,มุนินทร์ พงศาปาน,Ph.D.,Comparative Law,"University of Edinburgh, UK",2556
น.บ. กฎหมายธุรกิจ (นานาชาติ-ปรับปรุง 66),ผู้ช่วยศาสตราจารย์,มุนินทร์ พงศาปาน,LL.M.,Comparative Law,"University of Cambridge, UK",2552
น.บ. กฎหมายธุรกิจ (นานาชาติ-ปรับปรุง 66),ผู้ช่วยศาสตราจารย์,มุนินทร์ พงศาปาน,น.บ.,-,มหาวิทยาลัยธรรมศาสตร์,2550
น.บ. กฎหมายธุรกิจ (นานาชาติ-ปรับปรุง 66),ผู้ช่วยศาสตราจารย์,Lasse Schuldt,Ph.D.,Law,"Humboldt University Berlin, Germany",2553
น.บ. กฎหมายธุรกิจ (นานาชาติ-ปรับปรุง 66),ผู้ช่วยศาสตราจารย์,Lasse Schuldt,FirstStateExam,Law,"Humboldt University Berlin, Germany",2550
น.บ. กฎหมายธุรกิจ (นานาชาติ-ปรับปรุง 66),ผู้ช่วยศาสตราจารย์,Adam Reekie,น.ม.,กฎหมายธุรกิจ,มหาวิทยาลัยธรรมศาสตร์,2560
น.บ. กฎหมายธุรกิจ (นานาชาติ-ปรับปรุง 66),ผู้ช่วยศาสตราจารย์,Adam Reekie,M.A.(Hons.Oxon),Literae Humaniores,"University of Oxford, UK",2555
น.บ. กฎหมายธุรกิจ (นานาชาติ-ปรับปรุง 66),ผู้ช่วยศาสตราจารย์,Adam Reekie,GraduateDiploma,Law,"BPP College of Professional Studies, UK",2552
น.บ. กฎหมายธุรกิจ (นานาชาติ-ปรับปรุง 66),ผู้ช่วยศาสตราจารย์,Adam Reekie,B.A.,Literae Humaniores,"University of Oxford, UK",2548
น.บ. กฎหมายธุรกิจ (นานาชาติ-ปรับปรุง 66),ผู้ช่วยศาสตราจารย์,อำนาจ ตั้งคีรีพิมาน,J.S.D.,Law,"Yale University, USA",2561
น.บ. กฎหมายธุรกิจ (นานาชาติ-ปรับปรุง 66),ผู้ช่วยศาสตราจารย์,อำนาจ ตั้งคีรีพิมาน,LL.M.,Law,"Yale University, USA",2556
น.บ. กฎหมายธุรกิจ (นานาชาติ-ปรับปรุง 66),ผู้ช่วยศาสตราจารย์,อำนาจ ตั้งคีรีพิมาน,น.บ.ท.,-,ส านักอบรมกฎหมายแห่งเนติบัณฑิตยสภา,2553
น.บ. กฎหมายธุรกิจ (นานาชาติ-ปรับปรุง 66),ผู้ช่วยศาสตราจารย์,อำนาจ ตั้งคีรีพิมาน,น.บ.,-,มหาวิทยาลัยธรรมศาสตร์,2552
น.บ. กฎหมายธุรกิจ (นานาชาติ-ปรับปรุง 66),อาจารย์,ชวิน อุ่นภัทร,LL.M.,Information Law and Policy,"Indiana University, USA",2563
น.บ. กฎหมายธุรกิจ (นานาชาติ-ปรับปรุง 66),อาจารย์,ชวิน อุ่นภัทร,น.บ.,-,มหาวิทยาลัยธรรมศาสตร์,2553
7.ศศ.บ.อังกฤษ-อเมริกันศึกษา(นานาชาติ-ปรับปรุง พ.ศ.2566),ผู้ช่วยศาสตราจารย์,Peter Hammond,Ph.D.,American Studies,"University of Nottingham, UK",2546
7.ศศ.บ.อังกฤษ-อเมริกันศึกษา(นานาชาติ-ปรับปรุง พ.ศ.2566),ผู้ช่วยศาสตราจารย์,Peter Hammond,M.A.,American Studies,"University of Nottingham, UK",2542
7.ศศ.บ.อังกฤษ-อเมริกันศึกษา(นานาชาติ-ปรับปรุง พ.ศ.2566),ผู้ช่วยศาสตราจารย์,Peter Hammond,B.A.(Hons),American Studies,"University of Sheffield, UK",2537
7.ศศ.บ.อังกฤษ-อเมริกันศึกษา(นานาชาติ-ปรับปรุง พ.ศ.2566),ผู้ช่วยศาสตราจารย์,ชานนท์ อัศนธรรม,Ph.D.,Rhetoric and Composition,"Miami University, USA",2557
7.ศศ.บ.อังกฤษ-อเมริกันศึกษา(นานาชาติ-ปรับปรุง พ.ศ.2566),ผู้ช่วยศาสตราจารย์,ชานนท์ อัศนธรรม,M.A.,Rhetoric and the Teaching ofWriting,"University of Colorado, USA",2551
7.ศศ.บ.อังกฤษ-อเมริกันศึกษา(นานาชาติ-ปรับปรุง พ.ศ.2566),ผู้ช่วยศาสตราจารย์,ชานนท์ อัศนธรรม,B.A.,English Literature,"University of Colorado, USA",2546
7.ศศ.บ.อังกฤษ-อเมริกันศึกษา(นานาชาติ-ปรับปรุง พ.ศ.2566),ผู้ช่วยศาสตราจารย์,ศิริรัตน์ ณ ระนอง,Ph.D.,Applied Linguistics,"University of Essex, UK",2552
7.ศศ.บ.อังกฤษ-อเมริกันศึกษา(นานาชาติ-ปรับปรุง พ.ศ.2566),ผู้ช่วยศาสตราจารย์,ศิริรัตน์ ณ ระนอง,M.A.,English Language Studies andMethods,"University of Warwick, UK",2543
7.ศศ.บ.อังกฤษ-อเมริกันศึกษา(นานาชาติ-ปรับปรุง พ.ศ.2566),ผู้ช่วยศาสตราจารย์,ศิริรัตน์ ณ ระนอง,อ.บ.,ภาษาอังกฤษ (เกียรตินิยมอันดับ 2),จุฬาลงกรณ์มหาวิทยาลัย,2541
7.ศศ.บ.อังกฤษ-อเมริกันศึกษา(นานาชาติ-ปรับปรุง พ.ศ.2566),อาจารย์,จิรธร สกุลวัฒนะ,Ph.D.,Film Studies,"School of Oriental and AfricanStudies (SOAS) University ofLondon, UK.",2562
7.ศศ.บ.อังกฤษ-อเมริกันศึกษา(นานาชาติ-ปรับปรุง พ.ศ.2566),อาจารย์,จิรธร สกุลวัฒนะ,M.A.,Film and Literature,"University of Essex, UK",2552
7.ศศ.บ.อังกฤษ-อเมริกันศึกษา(นานาชาติ-ปรับปรุง พ.ศ.2566),อาจารย์,จิรธร สกุลวัฒนะ,ศศ.บ.,ภาษาอังกฤษ,มหาวิทยาลัยเชียงใหม่,2550
7.ศศ.บ.อังกฤษ-อเมริกันศึกษา(นานาชาติ-ปรับปรุง พ.ศ.2566),อาจารย์,สุธิดา วิมุตติโกศล,Ph.D.,English Literature,"King’s College London, UK",2561
7.ศศ.บ.อังกฤษ-อเมริกันศึกษา(นานาชาติ-ปรับปรุง พ.ศ.2566),อาจารย์,สุธิดา วิมุตติโกศล,ศศ.ม.,ภาษาและวรรณคดีอังกฤษ,มหาวิทยาลัยธรรมศาสตร์,2551
7.ศศ.บ.อังกฤษ-อเมริกันศึกษา(นานาชาติ-ปรับปรุง พ.ศ.2566),อาจารย์,สุธิดา วิมุตติโกศล,ศศ.บ.,ภาษาอังกฤษ (เกียรตินิยมอันดับ 1),มหาวิทยาลัยเกษตรศาสตร์,2548
3.ศศ.บ.ภาษาอังกฤษ (ปรับปรุง พ.ศ.2566),ผู้ช่วยศาสตราจารย์,วริษา โอสถานนท์,Ph.D.,Linguistics,"University of Hawaii at Manoa, HI, USA",2540
3.ศศ.บ.ภาษาอังกฤษ (ปรับปรุง พ.ศ.2566),ผู้ช่วยศาสตราจารย์,วริษา โอสถานนท์,M.A.,Linguistics (ESL),"California State University at Fresno, CA, USA",2534
3.ศศ.บ.ภาษาอังกฤษ (ปรับปรุง พ.ศ.2566),ผู้ช่วยศาสตราจารย์,วริษา โอสถานนท์,ศศ.บ.,ภาษาอังกฤษ,มหาวิทยาลัยธรรมศาสตร์,2531
3.ศศ.บ.ภาษาอังกฤษ (ปรับปรุง พ.ศ.2566),ผู้ช่วยศาสตราจารย์ ดร.,ขวัญจิรา ฉัตรพรรณรังสี,Ph.D.,"Literacy, Culture, and Language Education","Indiana University, USA",2556
3.ศศ.บ.ภาษาอังกฤษ (ปรับปรุง พ.ศ.2566),ผู้ช่วยศาสตราจารย์ ดร.,ขวัญจิรา ฉัตรพรรณรังสี,M.A.,TESL,"Minnesota State University, USA",2542
3.ศศ.บ.ภาษาอังกฤษ (ปรับปรุง พ.ศ.2566),ผู้ช่วยศาสตราจารย์ ดร.,ขวัญจิรา ฉัตรพรรณรังสี,ค.บ.,ภาษาอังกฤษ,จุฬาลงกรณ์มหาวิทยาลัย,2534
3.ศศ.บ.ภาษาอังกฤษ (ปรับปรุง พ.ศ.2566),อาจารย์ ดร.,กมลรัตน์ ศรีหารักษา,Ph.D.,Applied Linguistics,"University of Essex, UK",2557
3.ศศ.บ.ภาษาอังกฤษ (ปรับปรุง พ.ศ.2566),อาจารย์ ดร.,กมลรัตน์ ศรีหารักษา,M.Res.,Applied Linguistics,"University of Essex, UK",2553
3.ศศ.บ.ภาษาอังกฤษ (ปรับปรุง พ.ศ.2566),อาจารย์ ดร.,กมลรัตน์ ศรีหารักษา,M.A.,Teaching English to Speakers of Other Languages,"Indiana University of Pennsylvania, USA",2543
3.ศศ.บ.ภาษาอังกฤษ (ปรับปรุง พ.ศ.2566),อาจารย์ ดร.,กมลรัตน์ ศรีหารักษา,ศศ.บ.,ภาษาและวรรณคดีอังกฤษ,มหาวิทยาลัยธรรมศาสตร์,2538
3.ศศ.บ.ภาษาอังกฤษ (ปรับปรุง พ.ศ.2566),อาจารย์,ปริวรรต อิมสอาด,M.A.,TESOL (merit),"University of York, UK",2562
3.ศศ.บ.ภาษาอังกฤษ (ปรับปรุง พ.ศ.2566),อาจารย์,ปริวรรต อิมสอาด,ค.บ.,การศึกษานอกระบบโรงเรียนภาษาอังกฤษ,จุฬาลงกรณ์มหาวิทยาลัย,2561
3.ศศ.บ.ภาษาอังกฤษ (ปรับปรุง พ.ศ.2566),อาจารย์,ณัฐวดี ก้อนทอง,ศศ.ม.,การแปลภาษาอังกฤษและไทย,มหาวิทยาลัยธรรมศาสตร์,2554
3.ศศ.บ.ภาษาอังกฤษ (ปรับปรุง พ.ศ.2566),อาจารย์,ณัฐวดี ก้อนทอง,ศศ.บ.,ภาษาอังกฤษ,มหาวิทยาลัยธรรมศาสตร์,2551
8.ศศ.บ.การสื่อสารเชิงธุรกิจ(นานาชาติ-ปรับปรุง พ.ศ.2566),รองศาสตราจารย์ ดร.,อภิศักดิ์ ภู่พิพัฒน์,Ed.D.,English and Applied Linguistics,"The Trustees of Columbia University, U.S.A.",2541
8.ศศ.บ.การสื่อสารเชิงธุรกิจ(นานาชาติ-ปรับปรุง พ.ศ.2566),อาจารย์ ดร.,อนุชิต ตู้มณีจินดา,Ph.D.,Applied Linguistics,"Lancaster University, UK",2561
8.ศศ.บ.การสื่อสารเชิงธุรกิจ(นานาชาติ-ปรับปรุง พ.ศ.2566),ผู้ช่วยศาสตราจารย์ ดร.,ศศิพันธ์ นิตยะประภา,Ph.D.,Informatics,"University of Manchester, UK",2548
8.ศศ.บ.การสื่อสารเชิงธุรกิจ(นานาชาติ-ปรับปรุง พ.ศ.2566),ผู้ช่วยศาสตราจารย์ ดร.,ศิริเพ็ชร ทฤษณาวดี,Ph.D.,International Relations,"Peking University, P.R. China",2552
8.ศศ.บ.การสื่อสารเชิงธุรกิจ(นานาชาติ-ปรับปรุง พ.ศ.2566),ผู้ช่วยศาสตราจารย์ ดร.,กรพนัช ตั้งเขื่อนขันธ์,Ph.D.,Chinese Studies,"National University of Singapore, Singapore",2555
8.ศศ.บ.การสื่อสารเชิงธุรกิจ(นานาชาติ-ปรับปรุง พ.ศ.2566),อาจารย์ ดร.,ณัฏฐนิจ แช่มสุวรรณวงศ์,Ph.D.,Chinese Linguistics,"Peking University, Beijing, China",2560
8.ศศ.บ.การสื่อสารเชิงธุรกิจ(นานาชาติ-ปรับปรุง พ.ศ.2566),อาจารย์ ดร.,ภรณีย์ พินันโสตติกุล,Ph.D.,Letters,"Nagoya University, Japan",2558
8.ศศ.บ.การสื่อสารเชิงธุรกิจ(นานาชาติ-ปรับปรุง พ.ศ.2566),ผู้ช่วยศาสตราจารย์ ดร.,Harald Kraus,Ph.D.,Foreign Language Education,"University of Canberra, Australia",2547
8.ศศ.บ.การสื่อสารเชิงธุรกิจ(นานาชาติ-ปรับปรุง พ.ศ.2566),รองศาสตราจารย์ ดร.,ณุชชฎา ดำรงศิริ,Ph.D.,Communication Studies,"Kent State University, USA",2548
8.ศศ.บ.การสื่อสารเชิงธุรกิจ(นานาชาติ-ปรับปรุง พ.ศ.2566),อาจารย์,พรพรรณ จันทร์นุ่ม,M.A.,Korean Culture and History,"The Academy of Korean Studies, Republic of Korea",2556
8.ศศ.บ.การสื่อสารเชิงธุรกิจ(นานาชาติ-ปรับปรุง พ.ศ.2566),อาจารย์,วิศรุต ไผ่นาค,ศศ.บ.,ภาษาอังกฤษ,มหาวิทยาลัยศิลปากร,2550
8.ศศ.บ.การสื่อสารเชิงธุรกิจ(นานาชาติ-ปรับปรุง พ.ศ.2566),อาจารย์ ดร.,สวรส ใจประสงค์,ศศ.ด.,ภาษาศาสตร์ (ภาษาอังกฤษ),จุฬาลงกรณ์มหาวิทยาลัย,2563
5.วท.บ.ภูมิศาสตร์และภูมิสารสนเทศ (ปรับปรุง พ.ศ.2566),ผู้ช่วยศาสตราจารย์,ดรุณวรรณ กำธรเกียรติ,D.Tech.Sc.,Remote Sensing and GIS,สถาบันเทคโนโลยีแห่งเอเชีย,2548
5.วท.บ.ภูมิศาสตร์และภูมิสารสนเทศ (ปรับปรุง พ.ศ.2566),ผู้ช่วยศาสตราจารย์,ดรุณวรรณ กำธรเกียรติ,M.S.,Remote Sensing and GIS,สถาบันเทคโนโลยีแห่งเอเชีย,2542
5.วท.บ.ภูมิศาสตร์และภูมิสารสนเทศ (ปรับปรุง พ.ศ.2566),ผู้ช่วยศาสตราจารย์,ดรุณวรรณ กำธรเกียรติ,ศศ.บ.,ภูมิศาสตร์,มหาวิทยาลัยเกษตรศาสตร์,2538
5.วท.บ.ภูมิศาสตร์และภูมิสารสนเทศ (ปรับปรุง พ.ศ.2566),ผู้ช่วยศาสตราจารย์ ดร.,ทรงชัย ทองปาน,ปร.ด.,สหวิทยาการ,มหาวิทยาลัยธรรมศาสตร์,2558
5.วท.บ.ภูมิศาสตร์และภูมิสารสนเทศ (ปรับปรุง พ.ศ.2566),ผู้ช่วยศาสตราจารย์ ดร.,ทรงชัย ทองปาน,อ.ม,ภูมิศาสตร์,จุฬาลงกรณ์มหาวิทยาลัย,2543
5.วท.บ.ภูมิศาสตร์และภูมิสารสนเทศ (ปรับปรุง พ.ศ.2566),ผู้ช่วยศาสตราจารย์ ดร.,ทรงชัย ทองปาน,ศศ.บ.,ภูมิศาสตร์,มหาวิทยาลัยธรรมศาสตร์,2539
5.วท.บ.ภูมิศาสตร์และภูมิสารสนเทศ (ปรับปรุง พ.ศ.2566),อาจารย์ ดร.,วาสินี วรรณศิริ,Ph.D.,Remote Sensing and GIS,สถาบันเทคโนโลยีแห่งเอเชีย 2556,2556
5.วท.บ.ภูมิศาสตร์และภูมิสารสนเทศ (ปรับปรุง พ.ศ.2566),อาจารย์ ดร.,วาสินี วรรณศิริ,M.S.,Remote Sensing and GIS,สถาบันเทคโนโลยีแห่งเอเชีย 2557,2552
5.วท.บ.ภูมิศาสตร์และภูมิสารสนเทศ (ปรับปรุง พ.ศ.2566),อาจารย์ ดร.,วาสินี วรรณศิริ,วท.บ.,ภูมิศาสตร์,มหาวิทยาลัยเกษตรศาสตร์,2548
5.วท.บ.ภูมิศาสตร์และภูมิสารสนเทศ (ปรับปรุง พ.ศ.2566),อาจารย์ ดร.,กฤชญาณ อินทรัตน์,วศ.ด.,วิศวกรรมสํารวจ,จุฬาลงกรณ์มหาวิทยาลัย,2562
5.วท.บ.ภูมิศาสตร์และภูมิสารสนเทศ (ปรับปรุง พ.ศ.2566),อาจารย์ ดร.,กฤชญาณ อินทรัตน์,วท.ม.,เทคโนโลยีภูมิศาสตร์,มหาวิทยาลัยบูรพา,2550
5.วท.บ.ภูมิศาสตร์และภูมิสารสนเทศ (ปรับปรุง พ.ศ.2566),อาจารย์ ดร.,กฤชญาณ อินทรัตน์,วท.บ.,ภูมิศาสตร์,มหาวิทยาลัยบูรพา,2546
5.วท.บ.ภูมิศาสตร์และภูมิสารสนเทศ (ปรับปรุง พ.ศ.2566),อาจารย์,จินดา แซ่จึง,M.S.,Remote Sensing and GIS,สถาบันเทคโนโลยีแห่งเอเชีย,2551
5.วท.บ.ภูมิศาสตร์และภูมิสารสนเทศ (ปรับปรุง พ.ศ.2566),อาจารย์,จินดา แซ่จึง,ศศ.บ.,ภูมิศาสตร์,มหาวิทยาลัยธรรมศาสตร์,2549
1.วท.บ.จิตวิทยา (ปรับปรุง พ.ศ.2566),ผู้ช่วยศาสตราจารย์,พัฒนกิจ ชอบทำกิจ,Ph.D.,Psychology,"University of Kent, UK",2564
1.วท.บ.จิตวิทยา (ปรับปรุง พ.ศ.2566),ผู้ช่วยศาสตราจารย์,พัฒนกิจ ชอบทำกิจ,M.Sc.,Applied Social Psychology,"University of Sussex, UK",2553
1.วท.บ.จิตวิทยา (ปรับปรุง พ.ศ.2566),ผู้ช่วยศาสตราจารย์,พัฒนกิจ ชอบทำกิจ,ศศ.บ.,จิตวิทยา,มหาวิทยาลัยธรรมศาสตร์,2551
1.วท.บ.จิตวิทยา (ปรับปรุง พ.ศ.2566),ผู้ช่วยศาสตราจารย์,วรวัชร์ ตั้งจิตรเจริญ,Ph.D.,Psychology and Behavioural Science,"Aarhus University, Denmark",2564
1.วท.บ.จิตวิทยา (ปรับปรุง พ.ศ.2566),ผู้ช่วยศาสตราจารย์,วรวัชร์ ตั้งจิตรเจริญ,M.A.,Cognition and Communication,"University of Copenhagen, Denmark",2555
1.วท.บ.จิตวิทยา (ปรับปรุง พ.ศ.2566),ผู้ช่วยศาสตราจารย์,วรวัชร์ ตั้งจิตรเจริญ,ศศ.บ.,จิตวิทยา (เกียรตินิยมอันดับหนึ่ง),มหาวิทยาลัยธรรมศาสตร์,2552
1.วท.บ.จิตวิทยา (ปรับปรุง พ.ศ.2566),ผู้ช่วยศาสตราจารย์,บุรชัย อัศวทวีบุญ,M.Psy.,Cognitive Sciences and Technologies,"Higher School of Economics, National Research University, Russia",2560
1.วท.บ.จิตวิทยา (ปรับปรุง พ.ศ.2566),ผู้ช่วยศาสตราจารย์,บุรชัย อัศวทวีบุญ,ศศ.บ.,จิตวิทยา (เกียรตินิยมอันดับหนึ่ง),มหาวิทยาลัยธรรมศาสตร์,2549
1.วท.บ.จิตวิทยา (ปรับปรุง พ.ศ.2566),อาจารย์,อธิชาติ โรจนะหัสดิน,วท.ม.,จิตวิทยาคลินิก,มหาวิทยาลัยมหิดล,2545
1.วท.บ.จิตวิทยา (ปรับปรุง พ.ศ.2566),อาจารย์,อธิชาติ โรจนะหัสดิน,ศศ.บ.,จิตวิทยา,มหาวิทยาลัยธรรมศาสตร์,2537
6.ศศ.บ.อาณาบริเวณศึกษา (ปรับปรุง พ.ศ.2566),ผู้ช่วยศาสตราจารย์,เกตุชพรรณ์ คำพุฒ,ศศ.ม.,สหสาขาวิชาพัฒนามนุษย์และสังคม แขนงการพัฒนาเปรียบเทียบเอเชีย,จุฬาลงกรณ์มหาวิทยาลัย,2550
6.ศศ.บ.อาณาบริเวณศึกษา (ปรับปรุง พ.ศ.2566),ผู้ช่วยศาสตราจารย์,เกตุชพรรณ์ คำพุฒ,ศศ.บ.,พัฒนาสังคม,มหาวิทยาลัยนเรศวร,2547
6.ศศ.บ.อาณาบริเวณศึกษา (ปรับปรุง พ.ศ.2566),อาจารย์ ดร.,นิตยาภรณ์ พรมปัญญา,Ph.D.,Southeast Asian Area Studies,"Kyoto University, Japan",2565
6.ศศ.บ.อาณาบริเวณศึกษา (ปรับปรุง พ.ศ.2566),อาจารย์ ดร.,นิตยาภรณ์ พรมปัญญา,อ.ม.,ประวัติศาสตร์,จุฬาลงกรณ์มหาวิทยาลัย,2548
6.ศศ.บ.อาณาบริเวณศึกษา (ปรับปรุง พ.ศ.2566),อาจารย์ ดร.,นิตยาภรณ์ พรมปัญญา,ศศ.บ.,ประวัติศาสตร์,มหาวิทยาลัยเชียงใหม่,2544
6.ศศ.บ.อาณาบริเวณศึกษา (ปรับปรุง พ.ศ.2566),อาจารย์,ศาสนีย์ ศรศิลป์,ร.ม.,บริหารรัฐกิจ,มหาวิทยาลัยธรรมศาสตร์,2553
6.ศศ.บ.อาณาบริเวณศึกษา (ปรับปรุง พ.ศ.2566),อาจารย์,ศาสนีย์ ศรศิลป์,น.บ.,นิติศาสตร์,มหาวิทยาลัยธรรมศาสตร์,2548
6.ศศ.บ.อาณาบริเวณศึกษา (ปรับปรุง พ.ศ.2566),อาจารย์ ดร.,กัณฐ์ศศา พงษ์หิรัญ,Ph.D.,Political Sciences,"Moscow State University, Russia",2552
6.ศศ.บ.อาณาบริเวณศึกษา (ปรับปรุง พ.ศ.2566),อาจารย์ ดร.,กัณฐ์ศศา พงษ์หิรัญ,M.A.,Political Sciences,"Peoples’ FriendshipUniversity, Russia",2547
6.ศศ.บ.อาณาบริเวณศึกษา (ปรับปรุง พ.ศ.2566),อาจารย์ ดร.,กัณฐ์ศศา พงษ์หิรัญ,ศศ.บ.,รัฐศาสตร์,มหาวิทยาลัยเกษตรศาสตร์,2544
6.ศศ.บ.อาณาบริเวณศึกษา (ปรับปรุง พ.ศ.2566),อาจารย์,ดนุพล เฉลยสุข,GradDipofAspiranturaProgramme,Pedagogy,"Saint Petersburg State University, Russia",2562
6.ศศ.บ.อาณาบริเวณศึกษา (ปรับปรุง พ.ศ.2566),อาจารย์,ดนุพล เฉลยสุข,M.A.,Methods of Teaching the Russianlanguage in a MulticulturalEnvironment,"Moscow State PedagogicalUniversity, Russia",2559
6.ศศ.บ.อาณาบริเวณศึกษา (ปรับปรุง พ.ศ.2566),อาจารย์,ดนุพล เฉลยสุข,ศศ.บ.,รัสเซียศึกษา,มหาวิทยาลัยธรรมศาสตร์,2556
6.ศศ.บ.อาณาบริเวณศึกษา (ปรับปรุง พ.ศ.2566),อาจารย์,ปริตต์ อรุณโอษฐ์,GradDipofAspiranturaProgramme,Linguistics,"Saint Petersburg State University, Russia",2562
6.ศศ.บ.อาณาบริเวณศึกษา (ปรับปรุง พ.ศ.2566),อาจารย์,ปริตต์ อรุณโอษฐ์,M.A.,Russian Language and Culture in the Modern World,"Ivanovo State University,Russia",2559
6.ศศ.บ.อาณาบริเวณศึกษา (ปรับปรุง พ.ศ.2566),อาจารย์,ปริตต์ อรุณโอษฐ์,ศศ.บ.,รัสเซียศึกษา,มหาวิทยาลัยธรรมศาสตร์,2556
6.ศศ.บ.อาณาบริเวณศึกษา (ปรับปรุง พ.ศ.2566),ผู้ช่วยศาสตราจารย์ ดร.,กรนภา บุญพิสุทธิ์ศิลป์,Ph.D.,Teaching Korean as a Foreign Language,"Keimyung University, Rep. of Korea",2560
6.ศศ.บ.อาณาบริเวณศึกษา (ปรับปรุง พ.ศ.2566),ผู้ช่วยศาสตราจารย์ ดร.,กรนภา บุญพิสุทธิ์ศิลป์,M.A.,Teaching Korean as a Foreign Language,"Keimyung University, Rep. of Korea",2556
6.ศศ.บ.อาณาบริเวณศึกษา (ปรับปรุง พ.ศ.2566),ผู้ช่วยศาสตราจารย์ ดร.,กรนภา บุญพิสุทธิ์ศิลป์,ว.ม.,การจัดการสื่อสารองค์กร,มหาวิทยาลัยธรรมศาสตร์,2548
6.ศศ.บ.อาณาบริเวณศึกษา (ปรับปรุง พ.ศ.2566),ผู้ช่วยศาสตราจารย์ ดร.,กรนภา บุญพิสุทธิ์ศิลป์,นศ.บ.,โฆษณาประชาสัมพันธ์,มหาวิทยาลัยศรีปทุม,2545
6.ศศ.บ.อาณาบริเวณศึกษา (ปรับปรุง พ.ศ.2566),อาจารย์ ดร.,ถาปกรณ์ ก าเนิดศิริ,อ.ด.,ปรัชญา,จุฬาลงกรณ์มหาวิทยาลัย,2563
6.ศศ.บ.อาณาบริเวณศึกษา (ปรับปรุง พ.ศ.2566),อาจารย์ ดร.,ถาปกรณ์ ก าเนิดศิริ,อ.ม.,ปรัชญา,จุฬาลงกรณ์มหาวิทยาลัย,2553
6.ศศ.บ.อาณาบริเวณศึกษา (ปรับปรุง พ.ศ.2566),อาจารย์ ดร.,ถาปกรณ์ ก าเนิดศิริ,ร.บ.,รัฐศาสตร์,มหาวิทยาลัยธรรมศาสตร์,2549
6.ศศ.บ.อาณาบริเวณศึกษา (ปรับปรุง พ.ศ.2566),อาจารย์,จิราพร พรประภา,M.A.,Applied Linguistics,"Indiana University, USA",2552
6.ศศ.บ.อาณาบริเวณศึกษา (ปรับปรุง พ.ศ.2566),อาจารย์,จิราพร พรประภา,GradCert,Teaching English as a SecondLanguage,"Indiana University, USA",2551
6.ศศ.บ.อาณาบริเวณศึกษา (ปรับปรุง พ.ศ.2566),อาจารย์,จิราพร พรประภา,M.A.,Comparative Studies of Politicsand Administration in Asia,"Kyushu University, Japan",2548
6.ศศ.บ.อาณาบริเวณศึกษา (ปรับปรุง พ.ศ.2566),อาจารย์,จิราพร พรประภา,อ.บ.,ภาษาอังกฤษ,จุฬาลงกรณ์มหาวิทยาลัย,2546
4.ศศ.บ.ภาษาไทย (ปรับปรุง พ.ศ.2566),ผู้ช่วยศาสตราจารย์ ดร.,อำนาจ ปักษาสุข,อ.ด.,ภาษาไทย,มหาวิทยาลัยศิลปากร,2563
4.ศศ.บ.ภาษาไทย (ปรับปรุง พ.ศ.2566),ผู้ช่วยศาสตราจารย์ ดร.,อำนาจ ปักษาสุข,อ.ม.,ภาษาไทย,มหาวิทยาลัยศิลปากร,2551
4.ศศ.บ.ภาษาไทย (ปรับปรุง พ.ศ.2566),ผู้ช่วยศาสตราจารย์ ดร.,อำนาจ ปักษาสุข,อ.บ.,ภาษาไทย (เกียรตินิยมอันดับสอง),มหาวิทยาลัยศิลปากร,2548
4.ศศ.บ.ภาษาไทย (ปรับปรุง พ.ศ.2566),ผู้ช่วยศาสตราจารย์ ดร.,วัชราภรณ์ ดิษฐป้าน,อ.ด.,ภาษาไทย (คติชนวิทยา),จุฬาลงกรณ์มหาวิทยาลัย,2557
4.ศศ.บ.ภาษาไทย (ปรับปรุง พ.ศ.2566),ผู้ช่วยศาสตราจารย์ ดร.,วัชราภรณ์ ดิษฐป้าน,อ.ม.,ภาษาไทย,จุฬาลงกรณ์มหาวิทยาลัย,2545
4.ศศ.บ.ภาษาไทย (ปรับปรุง พ.ศ.2566),ผู้ช่วยศาสตราจารย์ ดร.,วัชราภรณ์ ดิษฐป้าน,อ.บ.,ภาษาไทย (เกียรตินิยมอันดับสอง),จุฬาลงกรณ์มหาวิทยาลัย,2541
4.ศศ.บ.ภาษาไทย (ปรับปรุง พ.ศ.2566),อาจารย์ ดร.,นิติพงศ์ พิเชฐพันธุ์,Ph.D.,Linguistics,"University of Sydney, Australia",2564
4.ศศ.บ.ภาษาไทย (ปรับปรุง พ.ศ.2566),อาจารย์ ดร.,นิติพงศ์ พิเชฐพันธุ์,อ.ม.,ภาษาไทย,จุฬาลงกรณ์มหาวิทยาลัย,2553
4.ศศ.บ.ภาษาไทย (ปรับปรุง พ.ศ.2566),อาจารย์ ดร.,นิติพงศ์ พิเชฐพันธุ์,ป.บัณฑิต,หลักสูตรและการสอน,มหาวิทยาลัยสุโขทัยธรรมาธิราช,2554
4.ศศ.บ.ภาษาไทย (ปรับปรุง พ.ศ.2566),อาจารย์ ดร.,นิติพงศ์ พิเชฐพันธุ์,อ.บ.,ภาษาไทย (เกียรตินิยมอันดับหนึ่ง),จุฬาลงกรณ์มหาวิทยาลัย,2549
4.ศศ.บ.ภาษาไทย (ปรับปรุง พ.ศ.2566),รองศาสตราจารย์ ดร.,ประเสริฐ รุนรา,อ.ด.,ภาษาไทย (คติชนวิทยา),จุฬาลงกรณ์มหาวิทยาลัย,2557
4.ศศ.บ.ภาษาไทย (ปรับปรุง พ.ศ.2566),รองศาสตราจารย์ ดร.,ประเสริฐ รุนรา,อ.ม.,ภาษาบาลี-สันสกฤต,จุฬาลงกรณ์มหาวิทยาลัย,2547
4.ศศ.บ.ภาษาไทย (ปรับปรุง พ.ศ.2566),รองศาสตราจารย์ ดร.,ประเสริฐ รุนรา,ศศ.บ,ภาษาไทย,มหาวิทยาลัยรามค าแหง,2558
4.ศศ.บ.ภาษาไทย (ปรับปรุง พ.ศ.2566),รองศาสตราจารย์ ดร.,ประเสริฐ รุนรา,พธ.บ.,พุทธจิตวิทยา (เกียรตินิยมอันดับสอง),มหาจุฬาลงกรณ์ราชวิทยาลัย,2544
4.ศศ.บ.ภาษาไทย (ปรับปรุง พ.ศ.2566),ผู้ช่วยศาสตราจารย์,พรทิพย์ เฉิดฉินนภา,อ.ม.,ภาษาไทย,มหาวิทยาลัยศิลปากร,2539
4.ศศ.บ.ภาษาไทย (ปรับปรุง พ.ศ.2566),ผู้ช่วยศาสตราจารย์,พรทิพย์ เฉิดฉินนภา,อ.บ.,ภาษาไทย (เกียรตินิยมอันดับสอง),มหาวิทยาลัยศิลปากร,2535
9.ศศ.บ.การแปลและล่ามในยุคดิจิทัล (ปรับปรุง พ.ศ.2566),ผู้ช่วยศาสตราจารย์ ดร.,ภาสพงศ์ ศรีพิจารณ์,Ph.D.,Applied Linguistics,"University of Birmingham, UK.",2545
9.ศศ.บ.การแปลและล่ามในยุคดิจิทัล (ปรับปรุง พ.ศ.2566),ผู้ช่วยศาสตราจารย์ ดร.,ภาสพงศ์ ศรีพิจารณ์,M.A.,Applied Linguistics,"University of Birmingham, UK.",2541
9.ศศ.บ.การแปลและล่ามในยุคดิจิทัล (ปรับปรุง พ.ศ.2566),ผู้ช่วยศาสตราจารย์ ดร.,ภาสพงศ์ ศรีพิจารณ์,B.A.,English as an International Language,"International Pacific College, New Zealand",2539
9.ศศ.บ.การแปลและล่ามในยุคดิจิทัล (ปรับปรุง พ.ศ.2566),ผู้ช่วยศาสตราจารย์ ดร.,ภาสพงศ์ ศรีพิจารณ์,ศศ.บ.,ภาษาอังกฤษ,มหาวิทยาลัยธรรมศาสตร์,2537
9.ศศ.บ.การแปลและล่ามในยุคดิจิทัล (ปรับปรุง พ.ศ.2566),รองศาสตราจารย์ ดร.,พนิดา ซิมาภรณ์,Ph.D.,English,"Oklahoma State University, USA.",2528
9.ศศ.บ.การแปลและล่ามในยุคดิจิทัล (ปรับปรุง พ.ศ.2566),รองศาสตราจารย์ ดร.,พนิดา ซิมาภรณ์,M.A.,English,"Truman University, Missouri, USA.",2521
9.ศศ.บ.การแปลและล่ามในยุคดิจิทัล (ปรับปรุง พ.ศ.2566),รองศาสตราจารย์ ดร.,พนิดา ซิมาภรณ์,ศศ.บ.,ภาษาอังกฤษ,มหาวิทยาลัยธรรมศาสตร์,2519
9.ศศ.บ.การแปลและล่ามในยุคดิจิทัล (ปรับปรุง พ.ศ.2566),ผู้ช่วยศาสตราจารย์,ศศี จันทร์ประพันธ์,M.A.,English,"Pittsburg State University, USA.",2530
9.ศศ.บ.การแปลและล่ามในยุคดิจิทัล (ปรับปรุง พ.ศ.2566),ผู้ช่วยศาสตราจารย์,ศศี จันทร์ประพันธ์,อ.บ.,ภาษาอังกฤษ,จุฬาลงกรณ์มหาวิทยาลัย,2528
9.ศศ.บ.การแปลและล่ามในยุคดิจิทัล (ปรับปรุง พ.ศ.2566),ผู้ช่วยศาสตราจารย์ ดร.,สิทธิธรรม อ่องวุฒิวัฒน์,อ.ด.,ภาษาไทย,จุฬาลงกรณ์มหาวิทยาลัย,2558
9.ศศ.บ.การแปลและล่ามในยุคดิจิทัล (ปรับปรุง พ.ศ.2566),ผู้ช่วยศาสตราจารย์ ดร.,สิทธิธรรม อ่องวุฒิวัฒน์,อ.ม.,ภาษาไทย,จุฬาลงกรณ์มหาวิทยาลัย,2549
9.ศศ.บ.การแปลและล่ามในยุคดิจิทัล (ปรับปรุง พ.ศ.2566),ผู้ช่วยศาสตราจารย์ ดร.,สิทธิธรรม อ่องวุฒิวัฒน์,ศศ.บ.,ภาษาไทย (เกียรตินิยมอันดับหนึ่ง),มหาวิทยาลัยธรรมศาสตร์,2546
9.ศศ.บ.การแปลและล่ามในยุคดิจิทัล (ปรับปรุง พ.ศ.2566),อาจารย์ ดร.,วิชยา ปิดชามุก,Ph.D.,Translation Studies,"Dublin City University, Ireland",2565
9.ศศ.บ.การแปลและล่ามในยุคดิจิทัล (ปรับปรุง พ.ศ.2566),อาจารย์ ดร.,วิชยา ปิดชามุก,ค.ม.,การสอนภาษาอังกฤษเป็นภาษาต่างประเทศ,จุฬาลงกรณ์มหาวิทยาลัย,2546
9.ศศ.บ.การแปลและล่ามในยุคดิจิทัล (ปรับปรุง พ.ศ.2566),อาจารย์ ดร.,วิชยา ปิดชามุก,ศศ.บ.,ภาษาอังกฤษ (เกียรตินิยมอันดับหนึ่ง),มหาวิทยาลัยธรรมศาสตร์,2542
รัฐศาสตรบัณฑิต (ปรัปบปรุง 2566),ผู้ช่วยศาสตราจารย์,ชลิดาภรณ์ ส่งสัมพันธ์,Ph.D.,Government,"The Claremont Graduate School, California, U.S.A.",2534
รัฐศาสตรบัณฑิต (ปรัปบปรุง 2566),ผู้ช่วยศาสตราจารย์,ชลิดาภรณ์ ส่งสัมพันธ์,M.A.,Political Science,"The Claremont Graduate School, California, U.S.A.",2532
รัฐศาสตรบัณฑิต (ปรัปบปรุง 2566),ผู้ช่วยศาสตราจารย์,ชลิดาภรณ์ ส่งสัมพันธ์,ร.บ.,การเมืองการปกครอง,มหาวิทยาลัยธรรมศาสตร์,2526
รัฐศาสตรบัณฑิต (ปรัปบปรุง 2566),ผู้ช่วยศาสตราจารย์,ประจักษ์ กองกีรติ,Ph.D.,Department of Political and Social Change,"Australian National University, Canberra, Australia",2556
รัฐศาสตรบัณฑิต (ปรัปบปรุง 2566),ผู้ช่วยศาสตราจารย์,ประจักษ์ กองกีรติ,M.A.,Political Science Department,University of Wisconsin-Madison,2551
รัฐศาสตรบัณฑิต (ปรัปบปรุง 2566),ผู้ช่วยศาสตราจารย์,ประจักษ์ กองกีรติ,ศศ.ม.,ประวัติศาสตร์,มหาวิทยาลัยธรรมศาสตร์,2545
รัฐศาสตรบัณฑิต (ปรัปบปรุง 2566),ผู้ช่วยศาสตราจารย์,ประจักษ์ กองกีรติ,ร.บ.,การเมืองการปกครอง,มหาวิทยาลัยธรรมศาสตร์,2541
รัฐศาสตรบัณฑิต (ปรัปบปรุง 2566),ผู้ช่วยศาสตราจารย์,อรรถสิทธิ์ พานแก้ว,Ph.D.,Political Science,"Georgia State University, U.S.A.",2553
รัฐศาสตรบัณฑิต (ปรัปบปรุง 2566),ผู้ช่วยศาสตราจารย์,อรรถสิทธิ์ พานแก้ว,M.A.,Public Administration,"Georgia State University, U.S.A.",2547
รัฐศาสตรบัณฑิต (ปรัปบปรุง 2566),ผู้ช่วยศาสตราจารย์,อรรถสิทธิ์ พานแก้ว,ร.บ.,รัฐประศาสนศาสตร์,จุฬาลงกรณ์มหาวิทยาลัย,2543
รัฐศาสตรบัณฑิต (ปรัปบปรุง 2566),ผู้ช่วยศาสตราจารย์,อรรถสิทธิ์ พานแก้ว,ศ.บ.,เศรษฐศาสตร์,มหาวิทยาลัยรามคำแหง,2540
รัฐศาสตรบัณฑิต (ปรัปบปรุง 2566),ผู้ช่วยศาสตราจารย์,ชนินท์ทิรา ณ ถลาง,Ph.D.,International Development,"University of Bristol, UK",2550
รัฐศาสตรบัณฑิต (ปรัปบปรุง 2566),ผู้ช่วยศาสตราจารย์,ชนินท์ทิรา ณ ถลาง,M.A.,Devolopment Administration and Planning,"University of Bristol, UK",2546
รัฐศาสตรบัณฑิต (ปรัปบปรุง 2566),ผู้ช่วยศาสตราจารย์,ชนินท์ทิรา ณ ถลาง,ร.บ.,ความสัมพันธ์ระหว่างประเทศ,จุฬาลงกรณ์มหาวิทยาลัย,2543
รัฐศาสตรบัณฑิต (ปรัปบปรุง 2566),ผู้ช่วยศาสตราจารย์,สุนิดา อรุณพิพัฒน์,Ph.D.,International Public Policy,"University fo Tsukuba, Japan",2555
รัฐศาสตรบัณฑิต (ปรัปบปรุง 2566),ผู้ช่วยศาสตราจารย์,สุนิดา อรุณพิพัฒน์,M.Sc.,Politics of the World Econnmy,"London School of Economics and Political Science, UK",2549
รัฐศาสตรบัณฑิต (ปรัปบปรุง 2566),ผู้ช่วยศาสตราจารย์,สุนิดา อรุณพิพัฒน์,M.Phil.,Development Studies,"University of Cambridge, UK",2548
รัฐศาสตรบัณฑิต (ปรัปบปรุง 2566),ผู้ช่วยศาสตราจารย์,สุนิดา อรุณพิพัฒน์,ศศ.ม.,เศรษฐศาสตร์แรงงาน,จุฬาลงกรณ์มหาวิทยาลัย,2545
รัฐศาสตรบัณฑิต (ปรัปบปรุง 2566),ผู้ช่วยศาสตราจารย์,สุนิดา อรุณพิพัฒน์,ร.บ.,รัฐประศาสนศาสตร์,จุฬาลงกรณ์มหาวิทยาลัย,2542
รัฐศาสตรบัณฑิต (ปรัปบปรุง 2566),ผู้ช่วยศาสตราจารย์,ประพิมพ์ฝัน เชียงกูล,Ph.D.,Politics and International Studies,"University of Warwick, UK.",2558
รัฐศาสตรบัณฑิต (ปรัปบปรุง 2566),ผู้ช่วยศาสตราจารย์,ประพิมพ์ฝัน เชียงกูล,M.A.,Political Economy,"University of Sydney, Australia.",2553
รัฐศาสตรบัณฑิต (ปรัปบปรุง 2566),ผู้ช่วยศาสตราจารย์,ประพิมพ์ฝัน เชียงกูล,B.Sc.,Economics,"National University of Singapore, Singapore.",2551
รัฐศาสตรบัณฑิต (ปรัปบปรุง 2566),ผู้ช่วยศาสตราจารย์,ไตรรัตน์ โภคพลากรณ์,สส.ด.,การบริหารสังคม,มหาวิทยาลัยธรรมศาสตร์,2548
รัฐศาสตรบัณฑิต (ปรัปบปรุง 2566),ผู้ช่วยศาสตราจารย์,ไตรรัตน์ โภคพลากรณ์,พบ.ม.,รัฐประศาสนศาสตร์,สถาบันบัณฑิตพัฒนบริหารศาสตร์,2526
รัฐศาสตรบัณฑิต (ปรัปบปรุง 2566),ผู้ช่วยศาสตราจารย์,ไตรรัตน์ โภคพลากรณ์,ร.บ.,บริหารรัฐกิจ,มหาวิทยาลัยธรรมศาสตร์,2523
รัฐศาสตรบัณฑิต (ปรัปบปรุง 2566),ผู้ช่วยศาสตราจารย์,สุนิสา ชอแก้ว,ปร.ด.,การบริหารการพัฒนา,สถาบันบัณฑิตพัฒนบริหารศาสตร์,2556
รัฐศาสตรบัณฑิต (ปรัปบปรุง 2566),ผู้ช่วยศาสตราจารย์,สุนิสา ชอแก้ว,รป.ม.,การบริหารทรัพยากรมนุษย์,สถาบันบัณฑิตพัฒนบริหารศาสตร์,2550
รัฐศาสตรบัณฑิต (ปรัปบปรุง 2566),ผู้ช่วยศาสตราจารย์,สุนิสา ชอแก้ว,ศศ.บ.,รัฐศาสตร์,มหาวิทยาลัยเกษตรศาสตร์,2548
รัฐศาสตรบัณฑิต (ปรัปบปรุง 2566),อาจารย์,นาอิ่ม แลนิ,Ph.D.,Spatial Planning and Environment,"University of Groningen, the Netherlands",2564
รัฐศาสตรบัณฑิต (ปรัปบปรุง 2566),อาจารย์,นาอิ่ม แลนิ,M.Sc.,Spatial Sciences (Research),"University of Groningen, the Netherlands",2560
รัฐศาสตรบัณฑิต (ปรัปบปรุง 2566),อาจารย์,นาอิ่ม แลนิ,ร.บ.,การเมืองและการระหว่างประเทศ,มหาวิทยาลัยธรรมศาสตร์,2557
พบ-วท.บ.วิทยาศาสตร์การแพทย์(interใหม่67),ศาสตราจารย์ ดร.,นพ.รัฐกร วิไลชนม์,ปร.ด.,อายุรศาสตร์,จุฬาลงกรณ์มหาวิทยาลัย,2546
พบ-วท.บ.วิทยาศาสตร์การแพทย์(interใหม่67),ศาสตราจารย์ ดร.,นพ.รัฐกร วิไลชนม์,ประกาศนียบัตร,Gastroenterology,Baylor College of Medicine,2546
พบ-วท.บ.วิทยาศาสตร์การแพทย์(interใหม่67),ศาสตราจารย์ ดร.,นพ.รัฐกร วิไลชนม์,ประกาศนียบัตร,Training Course of Human Protection Research,Baylor College of Medicine,2546
พบ-วท.บ.วิทยาศาสตร์การแพทย์(interใหม่67),ศาสตราจารย์ ดร.,นพ.รัฐกร วิไลชนม์,วว.,อายุรศาสตร์โรคระบบทางเดินอาหาร,แพทยสภา,2545
พบ-วท.บ.วิทยาศาสตร์การแพทย์(interใหม่67),ศาสตราจารย์ ดร.,นพ.รัฐกร วิไลชนม์,ประกาศนียบัตร,Gastroenterology,American College of Gastroenterology,2543
พบ-วท.บ.วิทยาศาสตร์การแพทย์(interใหม่67),ศาสตราจารย์ ดร.,นพ.รัฐกร วิไลชนม์,วว.,อายุรศาสตร์,แพทยสภา (จุฬาลงกรณ์มหาวิทยาลัย),2542
พบ-วท.บ.วิทยาศาสตร์การแพทย์(interใหม่67),ศาสตราจารย์ ดร.,นพ.รัฐกร วิไลชนม์,พ.บ.,แพทยศาสตร์,จุฬาลงกรณ์มหาวิทยาลัย,2538
พบ-วท.บ.วิทยาศาสตร์การแพทย์(interใหม่67),ผู้ช่วยศาสตราจารย์,นพ. กู้พงษ์ ศิริบำรุงวงศ์,Certificate,Visiting Scholar -SpineServices,"University of California, Davis, CA, USA",2557
พบ-วท.บ.วิทยาศาสตร์การแพทย์(interใหม่67),ผู้ช่วยศาสตราจารย์,นพ. กู้พงษ์ ศิริบำรุงวงศ์,ประกาศนียบัตรต่อยอด,ศัลยกรรมกระดูกสันหลัง,โรงพยาบาลจุฬาลงกรณ์ สภากาชาดไทย,2553
พบ-วท.บ.วิทยาศาสตร์การแพทย์(interใหม่67),ผู้ช่วยศาสตราจารย์,นพ. กู้พงษ์ ศิริบำรุงวงศ์,วว.,สาขาออร์โธปิดิกส์,แพทยสภา,2552
พบ-วท.บ.วิทยาศาสตร์การแพทย์(interใหม่67),ผู้ช่วยศาสตราจารย์,นพ. กู้พงษ์ ศิริบำรุงวงศ์,พ.บ.,แพทยศาสตร์,จุฬาลงกรณ์มหาวิทยาลัย,2547
พบ-วท.บ.วิทยาศาสตร์การแพทย์(interใหม่67),ผู้ช่วยศาสตราจารย์,นพ.เทพ เศรษฐบุตร,อว.,โสต ศอ นาสิกวิทยา,แพทยสภา,2560
พบ-วท.บ.วิทยาศาสตร์การแพทย์(interใหม่67),ผู้ช่วยศาสตราจารย์,นพ.เทพ เศรษฐบุตร,DiplomaAmericanBoard,Otolaryngology,"American Board of Otolaryngology, USA",2559
พบ-วท.บ.วิทยาศาสตร์การแพทย์(interใหม่67),ผู้ช่วยศาสตราจารย์,นพ.เทพ เศรษฐบุตร,Fellowship,Pediatric Otolaryngology,"UC Davis Medical CenterSacramento, CA, USA",2557
พบ-วท.บ.วิทยาศาสตร์การแพทย์(interใหม่67),ผู้ช่วยศาสตราจารย์,นพ.เทพ เศรษฐบุตร,DiplomaAmericanBoard,"Otolarngology, Head andNeck Surgery","Pennsylvania State University MiltonS.Hershey Medical Center Hershey, PA,USA",2556
พบ-วท.บ.วิทยาศาสตร์การแพทย์(interใหม่67),ผู้ช่วยศาสตราจารย์,นพ.เทพ เศรษฐบุตร,M.D.,Medicine,"Texas Tech University HealthSciences Center School of MedicineLubbock, TX, USA",2551
พบ-วท.บ.วิทยาศาสตร์การแพทย์(interใหม่67),ผู้ช่วยศาสตราจารย์,นพ.ศิษฏ์ ศิรมลพิวัฒน์,MasterinClinicalResearch,Clinical investigation :Liver Disease,"University of Barcelona ,Spain",2556
พบ-วท.บ.วิทยาศาสตร์การแพทย์(interใหม่67),ผู้ช่วยศาสตราจารย์,นพ.ศิษฏ์ ศิรมลพิวัฒน์,วว.,อายุรศาสตร์โรคระบบทางเดินอาหาร,แพทยสภา,2553
พบ-วท.บ.วิทยาศาสตร์การแพทย์(interใหม่67),ผู้ช่วยศาสตราจารย์,นพ.ศิษฏ์ ศิรมลพิวัฒน์,วว.,อายุรศาสตร์,แพทยสภา,2551
พบ-วท.บ.วิทยาศาสตร์การแพทย์(interใหม่67),ผู้ช่วยศาสตราจารย์,นพ.ศิษฏ์ ศิรมลพิวัฒน์,พ.บ.,แพทยศาสตร์,คณะแพทยศาสตร์โรงพยาบาลรามาธิบดีมหาวิทยาลัยมหิดล,2545
พบ-วท.บ.วิทยาศาสตร์การแพทย์(interใหม่67),อาจารย์,นพ.กานต์ วิฑูรชาติ,วว.,อนุสาขาอายุรศาสตร์โรคหัวใจ,แพทยสภา,2561
พบ-วท.บ.วิทยาศาสตร์การแพทย์(interใหม่67),อาจารย์,นพ.กานต์ วิฑูรชาติ,อว.,สาขาอายุรศาสตร์,แพทยสภา,2559
พบ-วท.บ.วิทยาศาสตร์การแพทย์(interใหม่67),อาจารย์,นพ.กานต์ วิฑูรชาติ,MBBS.,"Bachelor of Medicine,Bachelor of Surgery","University College London, MedicalSchool UK",2552
พบ-วท.บ.วิทยาศาสตร์การแพทย์(interใหม่67),อาจารย์,นพ.กานต์ วิฑูรชาติ,IBSc.,Intercalated Bachelor ofScience in Physiology,"University College London, UK",2550
วท.บ.เทคโนโลยีหัวใจและทรวงอก(นานาชาติ-ปรับปรุง66)-กมอ.1-68(8ม.ค.68),อาจารย์ ดร.,พศวีร์ มงคลปทุมรัตน์,ปรัชญาดุษฎีบัณฑิต,ชีวเวชศาสตร์,มหาวิทยาลัยนเรศวร,2565
วท.บ.เทคโนโลยีหัวใจและทรวงอก(นานาชาติ-ปรับปรุง66)-กมอ.1-68(8ม.ค.68),อาจารย์ ดร.,พศวีร์ มงคลปทุมรัตน์,วิทยาศาสตร์มหาบัณฑิต,ชีวเวชศาสตร์,มหาวิทยาลัยนเรศวร,2561
วท.บ.เทคโนโลยีหัวใจและทรวงอก(นานาชาติ-ปรับปรุง66)-กมอ.1-68(8ม.ค.68),อาจารย์ ดร.,พศวีร์ มงคลปทุมรัตน์,วิทยาศาสตร์บัณฑิต,เทคโนโลยีหัวใจและทรวงอก,มหาวิทยาลัยนเรศวร,2550
วท.บ.เทคโนโลยีหัวใจและทรวงอก(นานาชาติ-ปรับปรุง66)-กมอ.1-68(8ม.ค.68),อาจารย์,อานนท์ จันทะนุกลู,วิทยาศาสตร์มหาบัณฑิต,วิศวกรรมทางการแพทย์,มหาวิทยาลัยธรรมศาสตร์,2557
วท.บ.เทคโนโลยีหัวใจและทรวงอก(นานาชาติ-ปรับปรุง66)-กมอ.1-68(8ม.ค.68),อาจารย์,อานนท์ จันทะนุกลู,วิทยาศาสตร์บัณฑิต,เทคโนโลยหัวใจและทรวงอก,มหาวิทยาลัยนเรศวร,2549
วท.บ.เทคโนโลยีหัวใจและทรวงอก(นานาชาติ-ปรับปรุง66)-กมอ.1-68(8ม.ค.68),อาจารย์,กิ่งกาญจน์ ยืนมะเริง,วิทยาศาสตร์มหาบัณฑิต,เทคโนโลยีหัวใจและทรวงอก,มหาวิทยาลัยนเรศวร,2559
วท.บ.เทคโนโลยีหัวใจและทรวงอก(นานาชาติ-ปรับปรุง66)-กมอ.1-68(8ม.ค.68),อาจารย์,กิ่งกาญจน์ ยืนมะเริง,วิทยาศาสตร์บัณฑิต,เทคโนโลยีหัวใจและทรวงอก,มหาวิทยาลัยนเรศวร,2557
วท.บ.เทคโนโลยีหัวใจและทรวงอก(นานาชาติ-ปรับปรุง66)-กมอ.1-68(8ม.ค.68),อาจารย์,ฉัตรชัย เณรสาตร์,วิทยาศาสตร์มหาบัณฑิต,ชีวเวชศาสตร์,มหาวิทยาลัยนเรศวร,2564
วท.บ.เทคโนโลยีหัวใจและทรวงอก(นานาชาติ-ปรับปรุง66)-กมอ.1-68(8ม.ค.68),อาจารย์,ฉัตรชัย เณรสาตร์,วิทยาศาสตร์บัณฑิต,เทคโนโลยีหัวใจและทรวงอก,มหาวิทยาลัยนเรศวร,2558
วท.บ.เทคโนโลยีหัวใจและทรวงอก(นานาชาติ-ปรับปรุง66)-กมอ.1-68(8ม.ค.68),อาจารย์นายแพทย์,กานต์ วิฑูรชาติ,วว.,อนุสาขาอายุรศาสตร์โรคหัวใจ,แพทยสภา,2561
วท.บ.เทคโนโลยีหัวใจและทรวงอก(นานาชาติ-ปรับปรุง66)-กมอ.1-68(8ม.ค.68),อาจารย์นายแพทย์,กานต์ วิฑูรชาติ,อว.,สาขาอายุรศาสตร์,แพทยสภา,2559
วท.บ.เทคโนโลยีหัวใจและทรวงอก(นานาชาติ-ปรับปรุง66)-กมอ.1-68(8ม.ค.68),อาจารย์นายแพทย์,กานต์ วิฑูรชาติ,แพทยศาสตร์บัณฑิต,แพทยศาสตร์,"University College London,UK",2552
ทัศนมาตรศาสตรบัณฑิต(นานาชาติ-ปรับปรุง66)-กมอ.1-68(1-68(8ม.ค.68),อาจารย์,แพทย์หญิง พรมพร ภัทรเจียรพันธุ์,วว.,จักษุวิทยา,มหาวิทยาลัยธรรมศาสตร์,2562
ทัศนมาตรศาสตรบัณฑิต(นานาชาติ-ปรับปรุง66)-กมอ.1-68(1-68(8ม.ค.68),อาจารย์,แพทย์หญิง พรมพร ภัทรเจียรพันธุ์,พ.บ.,,จุฬาลงกรณ์มหาวิทยาลัย,2556
ทัศนมาตรศาสตรบัณฑิต(นานาชาติ-ปรับปรุง66)-กมอ.1-68(1-68(8ม.ค.68),อาจารย์,นายแพทย์ เทียนชัย ภาสุรกุล,วว.,จักษุวิทยา,มหาวิทยาลัยธรรมศาสตร์,2563
ทัศนมาตรศาสตรบัณฑิต(นานาชาติ-ปรับปรุง66)-กมอ.1-68(1-68(8ม.ค.68),อาจารย์,นายแพทย์ เทียนชัย ภาสุรกุล,พ.บ.,,มหาวิทยาลัยธรรมศาสตร์,2556
ทัศนมาตรศาสตรบัณฑิต(นานาชาติ-ปรับปรุง66)-กมอ.1-68(1-68(8ม.ค.68),อาจารย์,แพทย์หญิง ณฤชนก เลิศกุศล,วว.,จักษุวิทยา,มหาวิทยาลัยธรรมศาสตร์,2564
ทัศนมาตรศาสตรบัณฑิต(นานาชาติ-ปรับปรุง66)-กมอ.1-68(1-68(8ม.ค.68),อาจารย์,แพทย์หญิง ณฤชนก เลิศกุศล,วว.,เวชศาสตร์ครอบครัว,โรงพยาบาลสมเด็จพระบรมราชเทวี ณ ศรีราชา,2561
ทัศนมาตรศาสตรบัณฑิต(นานาชาติ-ปรับปรุง66)-กมอ.1-68(1-68(8ม.ค.68),อาจารย์,แพทย์หญิง ณฤชนก เลิศกุศล,พ.บ.,,จุฬาลงกรณ์มหาวิทยาลัย,2558
การแพทย์แผนจีนบัณฑิต66-กมอ.7-67,ผู้ช่วยศาสตราจารย์,ดร.ภารดี แสงวัฒนกุล,DoctorofMedicine,TCM Internal Medicine,"Tianjin University of Traditional Chinese Medicine, China",2558
การแพทย์แผนจีนบัณฑิต66-กมอ.7-67,ผู้ช่วยศาสตราจารย์,ดร.ภารดี แสงวัฒนกุล,MasterofMedicine,Acupuncture & Moxibustion and Tuina,"Beijing University of Traditional Chinese Medicine, China",2552
การแพทย์แผนจีนบัณฑิต66-กมอ.7-67,ผู้ช่วยศาสตราจารย์,ดร.ภารดี แสงวัฒนกุล,BachelorofMedicine,Chinese Medicine,"Beijing University of Traditional Chinese Medicine, China",2549
ปริญญาตรี - ศศ.บ.ไทยศึกษา,อาจารย์,Thomas Richard Bruce,Ph.D.,Thai History,"SOAS University of London, UK",2558
ปริญญาตรี - ศศ.บ.ไทยศึกษา,อาจารย์,Thomas Richard Bruce,M.A.,History,"SOAS University of London, UK",2554
ปริญญาตรี - ศศ.บ.ไทยศึกษา,อาจารย์,Thomas Richard Bruce,B.A.,History,"Oxford Brookes University, UK",2553
ปริญญาตรี - ศศ.บ.ไทยศึกษา,อาจารย์,อรธิชา ดวงรัตน์,Ph.D.,Political Science: International Relations,Chulalongkorn University,2563
ปริญญาตรี - ศศ.บ.ไทยศึกษา,อาจารย์,อรธิชา ดวงรัตน์,M.A.,Comparative Politics: Politics and Markets,"London School of Economics and Political Science, UK",2554
ปริญญาตรี - ศศ.บ.ไทยศึกษา,อาจารย์,อรธิชา ดวงรัตน์,B.A.,Social Science International Studies,"Mahidol University International College, Thailand",2553
ปริญญาตรี - ศศ.บ.ไทยศึกษา,อาจารย์,Paul McBain,Ph.D.,Religious Studies,"University of Pennsylvania, USA",2563
ปริญญาตรี - ศศ.บ.ไทยศึกษา,อาจารย์,Paul McBain,M.A.,Divinity,"University of Chicago, USA",2558
ปริญญาตรี - ศศ.บ.ไทยศึกษา,อาจารย์,Paul McBain,B.A.,Japanese,"SOAS University of London, UK",2553
ปริญญาตรี - ศศ.บ.ไทยศึกษา,ผู้ช่วยศาสตราจารย์,มณฑินี รัตนปรีชาเวช,Ph.D.,"Economics, Major: Finance","Peking University, China",2560
ปริญญาตรี - ศศ.บ.ไทยศึกษา,ผู้ช่วยศาสตราจารย์,มณฑินี รัตนปรีชาเวช,M.A.,"Economics, Major: Finance","Peking University, China",2555
ปริญญาตรี - ศศ.บ.จีนศึกษา,อาจารย์,Zhang Xizhen,M.A.,International Politics,Peking University,2526
ปริญญาตรี - ศศ.บ.จีนศึกษา,อาจารย์,Zhang Xizhen,B.A.,International Relations,Peking University,2519
วารสารศาสตรบัณฑิต สื่อศึกษา (นานาชาติ) (ปรับปรุง 2566),อาจารย์,รุย จาง,M.A.,Global Media and Cultural Industries,"Loughborough, UK",2556
วารสารศาสตรบัณฑิต (ปรับปรุง 2566),ผู้ช่วยศาสตราจารย์,พรรณวดี ประยงค์,M.A.,Master of Arts in New Media and Society (with Merit),"University of Leicester, UK (Postgraduate Social Science Scholarship)",2556
วารสารศาสตรบัณฑิต (ปรับปรุง 2566),ผู้ช่วยศาสตราจารย์,พรรณวดี ประยงค์,ว.บ.,วารสารศาสตร์ (เกียรตินิยมอันดับหนึ่ง),มหาวิทยาลัยธรรมศาสตร์,2553
วารสารศาสตรบัณฑิต (ปรับปรุง 2566),ผู้ช่วยศาสตราจารย์,สมัชชนันท์ เอกปัญญากุล,ศ.ม.,นฤมิตศิลป์,จุฬาลงกรณ์มหาวิทยาลัย,2545
วารสารศาสตรบัณฑิต (ปรับปรุง 2566),ผู้ช่วยศาสตราจารย์,สมัชชนันท์ เอกปัญญากุล,ศ.บ.,ประยุกตศิลปศึกษา,มหาวิทยาลัยศิลปากร,2539
วารสารศาสตรบัณฑิต (ปรับปรุง 2566),ผู้ช่วยศาสตราจารย์,นฤมล ปิ่นโต,ว.ม.,สื่อสารมวลชน,มหาวิทยาลัยธรรมศาสตร์,2544
วารสารศาสตรบัณฑิต (ปรับปรุง 2566),ผู้ช่วยศาสตราจารย์,นฤมล ปิ่นโต,ว.บ.,วารสารศาสตร์ (เกียรตินิยมอันดับสอง),มหาวิทยาลัยธรรมศาสตร์,2539
วารสารศาสตรบัณฑิต (ปรับปรุง 2566),ผู้ช่วยศาสตราจารย์,ประไพพิศ มุทิตา เจริญ,M.A.,Public Relations,"Ball State University, USA.",2540
วารสารศาสตรบัณฑิต (ปรับปรุง 2566),ผู้ช่วยศาสตราจารย์,ประไพพิศ มุทิตา เจริญ,ศศ.บ.,ภาษาอังกฤษ,มหาวิทยาลัยธรรมศาสตร์,2537
วารสารศาสตรบัณฑิต (ปรับปรุง 2566),ผู้ช่วยศาสตราจารย์,วารี ฉัตรอุดมผล,M.A.,Photographic Studies,"University of Westminster, U.K.",2549
วารสารศาสตรบัณฑิต (ปรับปรุง 2566),ผู้ช่วยศาสตราจารย์,วารี ฉัตรอุดมผล,B.A.,ภาษาฝรั่งเศส (เกียรตินิยมอันดับอง),มหาวิทยาลัยศิลปากร,2539
วารสารศาสตรบัณฑิต (ปรับปรุง 2566),อาจารย์ ดร.,มนต์ศักดิ์ ชัยวีระเดช,Ph.D.,Media and Communication,"Bournemouth University, UK",2564
วารสารศาสตรบัณฑิต (ปรับปรุง 2566),อาจารย์ ดร.,มนต์ศักดิ์ ชัยวีระเดช,ศ.ม.,จิตวิทยาพัฒนาการ,จุฬาลงกรณ์มหาวิทยาลัย,2554
วารสารศาสตรบัณฑิต (ปรับปรุง 2566),อาจารย์ ดร.,มนต์ศักดิ์ ชัยวีระเดช,ว.บ.,วารสารศาสตร์,มหาวิทยาลัยธรรมศาสตร์,2541
2.แพทยศาสตรบัณฑิต (หลักสูตรภาษาอังกฤษ-หลักสูตรปรับปรุง พ.ศ. 2568),ผู้ช่วยศาสตราจารย์,ภัทรวิน ภัทรนิธิมา,วว.,อายุรศาสตร์โรคไต,แพทยสภา,2555
2.แพทยศาสตรบัณฑิต (หลักสูตรภาษาอังกฤษ-หลักสูตรปรับปรุง พ.ศ. 2568),ผู้ช่วยศาสตราจารย์,ภัทรวิน ภัทรนิธิมา,วว.,อายุรศาสตร์,แพทยสภา,2552
2.แพทยศาสตรบัณฑิต (หลักสูตรภาษาอังกฤษ-หลักสูตรปรับปรุง พ.ศ. 2568),ผู้ช่วยศาสตราจารย์,ภัทรวิน ภัทรนิธิมา,ป.บัณฑิตชั้นสูง,วิทยาศาสตร์การแพทย์คลินิก (อายุรศาสตร์),มหาวิทยาลัยมหิดล,2551
2.แพทยศาสตรบัณฑิต (หลักสูตรภาษาอังกฤษ-หลักสูตรปรับปรุง พ.ศ. 2568),ผู้ช่วยศาสตราจารย์,ภัทรวิน ภัทรนิธิมา,พ.บ.,แพทยศาสตร์,มหาวิทยาลัยธรรมศาสตร์,2548
2.แพทยศาสตรบัณฑิต (หลักสูตรภาษาอังกฤษ-หลักสูตรปรับปรุง พ.ศ. 2568),ผู้ช่วยศาสตราจารย์,นงลักษณ์ คณิตทรัพย์,อว.,พยาธิวิทยาคลินิก,แพทยสภา,2554
2.แพทยศาสตรบัณฑิต (หลักสูตรภาษาอังกฤษ-หลักสูตรปรับปรุง พ.ศ. 2568),ผู้ช่วยศาสตราจารย์,นงลักษณ์ คณิตทรัพย์,อว.,เวชศาสตร์ครอบครัว,แพทยสภา,2546
2.แพทยศาสตรบัณฑิต (หลักสูตรภาษาอังกฤษ-หลักสูตรปรับปรุง พ.ศ. 2568),ผู้ช่วยศาสตราจารย์,นงลักษณ์ คณิตทรัพย์,ประกาศนียบัตร,Transfusion Medicine,"University of California, USA",2545
2.แพทยศาสตรบัณฑิต (หลักสูตรภาษาอังกฤษ-หลักสูตรปรับปรุง พ.ศ. 2568),ผู้ช่วยศาสตราจารย์,นงลักษณ์ คณิตทรัพย์,อว.,อายุรศาสตร์,แพทยสภา,2544
2.แพทยศาสตรบัณฑิต (หลักสูตรภาษาอังกฤษ-หลักสูตรปรับปรุง พ.ศ. 2568),ผู้ช่วยศาสตราจารย์,นงลักษณ์ คณิตทรัพย์,วว.,อายุรศาสตร์โรคเลือด,ศิริราชพยาบาล มหาวิทยาลัยมหิดล 2543,2543
2.แพทยศาสตรบัณฑิต (หลักสูตรภาษาอังกฤษ-หลักสูตรปรับปรุง พ.ศ. 2568),ผู้ช่วยศาสตราจารย์,นงลักษณ์ คณิตทรัพย์,ป.บัณฑิตชั้นสูง,วิทยาศาสตร์การแพทย์คลินิก,มหาวิทยาลัยมหิดล,2540
2.แพทยศาสตรบัณฑิต (หลักสูตรภาษาอังกฤษ-หลักสูตรปรับปรุง พ.ศ. 2568),ผู้ช่วยศาสตราจารย์,นงลักษณ์ คณิตทรัพย์,พ.บ.,แพทยศาสตร์,โรงพยาบาลรามาธิบดี มหาวิทยาลัยมหิดล,2537
2.แพทยศาสตรบัณฑิต (หลักสูตรภาษาอังกฤษ-หลักสูตรปรับปรุง พ.ศ. 2568),ผู้ช่วยศาสตราจารย์,สิระ นันทพิศาล,Ph.D.,Immunology Genetics,"University college of London, UKInstitute of Child Health, UK",2560
2.แพทยศาสตรบัณฑิต (หลักสูตรภาษาอังกฤษ-หลักสูตรปรับปรุง พ.ศ. 2568),ผู้ช่วยศาสตราจารย์,สิระ นันทพิศาล,วว.,อนุสาขาโรคภูมิแพ้และภูมิคุ้มกันวิทยา,สถาบันสุขภาพเด็กแห่งชาติมหาราชินี,2550
2.แพทยศาสตรบัณฑิต (หลักสูตรภาษาอังกฤษ-หลักสูตรปรับปรุง พ.ศ. 2568),ผู้ช่วยศาสตราจารย์,สิระ นันทพิศาล,วว.,กุมารเวชศาสตร์,สถาบันสุขภาพเด็กแห่งชาติมหาราชินี,2547
2.แพทยศาสตรบัณฑิต (หลักสูตรภาษาอังกฤษ-หลักสูตรปรับปรุง พ.ศ. 2568),ผู้ช่วยศาสตราจารย์,สิระ นันทพิศาล,ประกาศนียบัตร,กุมารเวชศาสตร์,มหาวิทยาลัยมหิดล,2544
2.แพทยศาสตรบัณฑิต (หลักสูตรภาษาอังกฤษ-หลักสูตรปรับปรุง พ.ศ. 2568),ผู้ช่วยศาสตราจารย์,สิระ นันทพิศาล,พ.บ.,แพทยศาสตร์,มหาวิทยาลัยศรีนครินทรวิโรฒ,2541
2.แพทยศาสตรบัณฑิต (หลักสูตรภาษาอังกฤษ-หลักสูตรปรับปรุง พ.ศ. 2568),ศาสตราจารย์,ธนา ขอเจริญพร,อว.,อายุรศาสตร์โรคติดเชื้อ,แพทยสภา,2555
2.แพทยศาสตรบัณฑิต (หลักสูตรภาษาอังกฤษ-หลักสูตรปรับปรุง พ.ศ. 2568),ศาสตราจารย์,ธนา ขอเจริญพร,อว.,อายุรศาสตร์โรคติดเชื้อ,แพทยสภา,2555
2.แพทยศาสตรบัณฑิต (หลักสูตรภาษาอังกฤษ-หลักสูตรปรับปรุง พ.ศ. 2568),ศาสตราจารย์,ธนา ขอเจริญพร,DiplomateAmericanBoard,Infectious Diseases,"Rush University, USA",2554
2.แพทยศาสตรบัณฑิต (หลักสูตรภาษาอังกฤษ-หลักสูตรปรับปรุง พ.ศ. 2568),ศาสตราจารย์,ธนา ขอเจริญพร,M.Sc.,Clinical Research,"Rush Graduate College,Chicago,IL,USA",2545
2.แพทยศาสตรบัณฑิต (หลักสูตรภาษาอังกฤษ-หลักสูตรปรับปรุง พ.ศ. 2568),ศาสตราจารย์,ธนา ขอเจริญพร,DiplomateAmericanBoard,Internal Medicine,"University of Hawaii, USA",2551
2.แพทยศาสตรบัณฑิต (หลักสูตรภาษาอังกฤษ-หลักสูตรปรับปรุง พ.ศ. 2568),ศาสตราจารย์,ธนา ขอเจริญพร,พ.บ.,แพทยศาสตร์,จุฬาลงกรณ์มหาวิทยาลัย,2545
2.แพทยศาสตรบัณฑิต (หลักสูตรภาษาอังกฤษ-หลักสูตรปรับปรุง พ.ศ. 2568),ศาสตราจารย์,อดิศว์ ทัศณรงค์,ปร.ด.,ชีวเวชศาสตร์,จุฬาลงกรณ์มหาวิทยาลัย,2554
2.แพทยศาสตรบัณฑิต (หลักสูตรภาษาอังกฤษ-หลักสูตรปรับปรุง พ.ศ. 2568),ศาสตราจารย์,อดิศว์ ทัศณรงค์,วว.,อายุรศาสตร์โรคไต,จุฬาลงกรณ์มหาวิทยาลัย,2543
2.แพทยศาสตรบัณฑิต (หลักสูตรภาษาอังกฤษ-หลักสูตรปรับปรุง พ.ศ. 2568),ศาสตราจารย์,อดิศว์ ทัศณรงค์,วว.,อายุรศาสตร์,มหาวิทยาลัยขอนแก่น,2541
2.แพทยศาสตรบัณฑิต (หลักสูตรภาษาอังกฤษ-หลักสูตรปรับปรุง พ.ศ. 2568),ศาสตราจารย์,อดิศว์ ทัศณรงค์,พ.บ.,แพทยศาสตร์,มหาวิทยาลัยขอนแก่น,2537
1.แพทยศาสตรบัณฑิต (หลักสูตรปรับปรุง พ.ศ.2568),ผู้ช่วยศาสตราจารย์,นงลักษณ์ คณิตทรัพย์,อว.,กุมารเวชศาสตร์โรคติดเชื้อ,โรงพยาบาลรามาธิบดี มหาวิทยาลัยมหิดล,2543
1.แพทยศาสตรบัณฑิต (หลักสูตรปรับปรุง พ.ศ.2568),ผู้ช่วยศาสตราจารย์,อัจฉรา ตั้งสถาพรพงษ์,วว.,กุมารเวชศาสตร์,มหาวิทยาลัยขอนแก่น,2539
1.แพทยศาสตรบัณฑิต (หลักสูตรปรับปรุง พ.ศ.2568),ผู้ช่วยศาสตราจารย์,อัจฉรา ตั้งสถาพรพงษ์,ป.บัณฑิตชั้นสูง,กุมารเวชศาสตร์,มหาวิทยาลัยขอนแก่น,2536
1.แพทยศาสตรบัณฑิต (หลักสูตรปรับปรุง พ.ศ.2568),ผู้ช่วยศาสตราจารย์,อัจฉรา ตั้งสถาพรพงษ์,พ.บ.,แพทยศาสตรบัณฑิต,มหาวิทยาลัยขอนแก่น,2535
1.แพทยศาสตรบัณฑิต (หลักสูตรปรับปรุง พ.ศ.2568),ผู้ช่วยศาสตราจารย์,อารยา ศรัทธาพุทธ,วว.,กุมารเวชศาสตร์โรคระบบทางเดินหายใจ,จุฬาลงกรณ์มหาวิทยาลัย,2552
1.แพทยศาสตรบัณฑิต (หลักสูตรปรับปรุง พ.ศ.2568),ผู้ช่วยศาสตราจารย์,อารยา ศรัทธาพุทธ,วว.,สาขากุมารเวชศาสตร์,ศิริราชพยาบาล มหาวิทยาลัยมหิดล,2548
1.แพทยศาสตรบัณฑิต (หลักสูตรปรับปรุง พ.ศ.2568),ผู้ช่วยศาสตราจารย์,อารยา ศรัทธาพุทธ,พ.บ.,แพทยศาสตรบัณฑิต,ศิริราชพยาบาล มหาวิทยาลัยมหิดล,2542
1.แพทยศาสตรบัณฑิต (หลักสูตรปรับปรุง พ.ศ.2568),ผู้ช่วยศาสตราจารย์,อมรพล กันเลิศ,วว.,ศัลยศาสตร์,ศิริราชพยาบาล,2545
1.แพทยศาสตรบัณฑิต (หลักสูตรปรับปรุง พ.ศ.2568),ผู้ช่วยศาสตราจารย์,อมรพล กันเลิศ,พ.บ.,แพทยศาสตร์,มหาวิทยาลัยธรรมศาสตร์,2548
1.แพทยศาสตรบัณฑิต (หลักสูตรปรับปรุง พ.ศ.2568),ผู้ช่วยศาสตราจารย์,ทิพาพร ธาระวานิช,วว.,อายุรศาสตร์,จุฬาลงกรณ์มหาวิทยาลัย,2546
1.แพทยศาสตรบัณฑิต (หลักสูตรปรับปรุง พ.ศ.2568),ผู้ช่วยศาสตราจารย์,ทิพาพร ธาระวานิช,วว.,ต่อมไร้ท่อและเมตะบอลิซึม,จุฬาลงกรณ์มหาวิทยาลัย,2544
1.แพทยศาสตรบัณฑิต (หลักสูตรปรับปรุง พ.ศ.2568),ผู้ช่วยศาสตราจารย์,ทิพาพร ธาระวานิช,วท.ม.,อายุรศาสตร์,จุฬาลงกรณ์มหาวิทยาลัย,2544
1.แพทยศาสตรบัณฑิต (หลักสูตรปรับปรุง พ.ศ.2568),ผู้ช่วยศาสตราจารย์,ทิพาพร ธาระวานิช,พ.บ.,แพทยศาสตร์,ศิริราชพยาบาล มหาวิทยาลัยมหิดล,2539
1.แพทยศาสตรบัณฑิต (หลักสูตรปรับปรุง พ.ศ.2568),ผู้ช่วยศาสตราจารย์,อมรา ไชยกาญจน์,Ph.D.,Molecular Pharmacology,University of Liverpool,2553
1.แพทยศาสตรบัณฑิต (หลักสูตรปรับปรุง พ.ศ.2568),ผู้ช่วยศาสตราจารย์,อมรา ไชยกาญจน์,พ.บ.,แพทยศาสตร์,มหาวิทยาลัยขอนแก่น,2544
4.การแพทย์แผนไทยประยุกต์บัณฑิต (หลักสูตรใหม่ พ.ศ.2569) ศูนย์ลำปาง,อาจารย์ ดร.,ปิยะพล พูลสุข,"ปร.ด.,วท.ม.,วท.บ.","การแพทย์แผนไทยประยุกต์, สุขศึกษาและส่งเสริมสุขภาพ, การแพทย์แผนไทยประยุกต์","มหาวิทยาลัยธรรมศาสตร์, มหาวิทยาลัยมหิดล, มหาวิทยาลัยธรรมศาสตร์",2565
4.การแพทย์แผนไทยประยุกต์บัณฑิต (หลักสูตรใหม่ พ.ศ.2569) ศูนย์ลำปาง,รองศาสตราจารย์ ดร.,นวลจันทร์ ใจอารีย์,"ปร.ด.,วท.ม.,วท.บ.","วิทยาศาสตร์การแพทย์, เทคโนโลยีที่เหมาะสมเพื่อการพัฒนาทรัพยากร, พยาบาลและผดุงครรภ์","มหาวิทยาลัยธรรมศาสตร์, มหาวิทยาลัยมหิดล, มหาวิทยาลัยหัวเฉียว",2553
4.การแพทย์แผนไทยประยุกต์บัณฑิต (หลักสูตรใหม่ พ.ศ.2569) ศูนย์ลำปาง,อาจารย์ ดร.,อุบลวรรณ แซ่ซิว,"ปร.ด.,พทป.บ.","การแพทย์แผนไทยประยุกต์, การแพทย์แผนไทยประยุกต์","มหาวิทยาลัยธรรมศาสตร์, มหาวิทยาลัยธรรมศาสตร์",2567
4.การแพทย์แผนไทยประยุกต์บัณฑิต (หลักสูตรใหม่ พ.ศ.2569) ศูนย์ลำปาง,อาจารย์ ดร.,กานต์มณี สุขเกษม,"ปร.ด.,วท.ม.,พทป.บ.","การแพทย์แผนไทยประยุกต์, การแพทย์แผนไทยประยุกต์, การแพทย์แผนไทยประยุกต์","มหาวิทยาลัยธรรมศาสตร์, มหาวิทยาลัยธรรมศาสตร์, มหาวิทยาลัยธรรมศาสตร์",2566
4.การแพทย์แผนไทยประยุกต์บัณฑิต (หลักสูตรใหม่ พ.ศ.2569) ศูนย์ลำปาง,อาจารย์ ดร.,จันทร์จิรา อินทร์ประสิทธิ์,"ปร.ด.,วท.ม.,พทป.บ.","การแพทย์แผนไทยประยุกต์, การแพทย์แผนไทยประยุกต์, การแพทย์แผนไทยประยุกต์","มหาวิทยาลัยธรรมศาสตร์, มหาวิทยาลัยธรรมศาสตร์, มหาวิทยาลัยธรรมศาสตร์",2566
3.การแพทย์แผนไทยประยุกต์บัณฑิต (หลักสูตรปรับปรุง พ.ศ.2566),ผู้ช่วยศาสตราจารย์ ดร.,กตัญชลี ห่วงเอี่ยม,ปร.ด.,การแพทย์แผนไทยประยุกต์,มหาวิทยาลัยธรรมศาสตร์,2561
3.การแพทย์แผนไทยประยุกต์บัณฑิต (หลักสูตรปรับปรุง พ.ศ.2566),ผู้ช่วยศาสตราจารย์ ดร.,กตัญชลี ห่วงเอี่ยม,วท.ม.,สุขศึกษา,มหาวิทยาลัยเกษตรศาสตร์,2551
3.การแพทย์แผนไทยประยุกต์บัณฑิต (หลักสูตรปรับปรุง พ.ศ.2566),ผู้ช่วยศาสตราจารย์ ดร.,กตัญชลี ห่วงเอี่ยม,วท.บ.,แพทย์แผนไทยประยุกต์,มหาวิทยาลัยมหาสารคาม,2549
3.การแพทย์แผนไทยประยุกต์บัณฑิต (หลักสูตรปรับปรุง พ.ศ.2566),ผู้ช่วยศาสตราจารย์ ดร.,กตัญชลี ห่วงเอี่ยม,ปว.ส.,แพทย์แผนไทยประยุกต์,โรงเรียนอายุรเวท,2547
3.การแพทย์แผนไทยประยุกต์บัณฑิต (หลักสูตรปรับปรุง พ.ศ.2566),ผู้ช่วยศาสตราจารย์ ดร.,กตัญชลี ห่วงเอี่ยม,บ.ป.,แพทย์แผนไทยประยุกต์,กองประกอบโรคศิลปะ,2547
3.การแพทย์แผนไทยประยุกต์บัณฑิต (หลักสูตรปรับปรุง พ.ศ.2566),ผู้ช่วยศาสตราจารย์ ดร.,จุไรรัตน์ บุญรวบ,วท.ด.,วิทยาศาสตร์สาธารณสุข (การแพทย์แผนไทยและการแพทย์ทางเลือก),จุฬาลงกรณ์มหาวิทยาลัย,2558
3.การแพทย์แผนไทยประยุกต์บัณฑิต (หลักสูตรปรับปรุง พ.ศ.2566),ผู้ช่วยศาสตราจารย์ ดร.,จุไรรัตน์ บุญรวบ,วท.ม.,สุขศึกษา,มหาวิทยาลัยเกษตรศาสตร์,2551
3.การแพทย์แผนไทยประยุกต์บัณฑิต (หลักสูตรปรับปรุง พ.ศ.2566),ผู้ช่วยศาสตราจารย์ ดร.,จุไรรัตน์ บุญรวบ,วท.บ.,แพทย์แผนไทยประยุกต์,มหาวิทยาลัยมหาสารคาม,2549
3.การแพทย์แผนไทยประยุกต์บัณฑิต (หลักสูตรปรับปรุง พ.ศ.2566),ผู้ช่วยศาสตราจารย์ ดร.,จุไรรัตน์ บุญรวบ,ปว.ส.,แพทย์แผนไทยประยุกต์,โรงเรียนอายุรเวท,2547
3.การแพทย์แผนไทยประยุกต์บัณฑิต (หลักสูตรปรับปรุง พ.ศ.2566),ผู้ช่วยศาสตราจารย์ ดร.,จุไรรัตน์ บุญรวบ,บ.ป.,แพทย์แผนไทยประยุกต์,กองประกอบโรคศิลปะ,2547
3.การแพทย์แผนไทยประยุกต์บัณฑิต (หลักสูตรปรับปรุง พ.ศ.2566),ผู้ช่วยศาสตราจารย์ ดร.,จุไรรัตน์ บุญรวบ,บ.ภ.,เภสัชกรรมไทย,กองประกอบโรคศิลปะ,2547
3.การแพทย์แผนไทยประยุกต์บัณฑิต (หลักสูตรปรับปรุง พ.ศ.2566),ผู้ช่วยศาสตราจารย์ ดร.,จุไรรัตน์ บุญรวบ,บ.ผ.,ผดุงครรภ์ไทย,กองประกอบโรคศิลปะ,2547
3.การแพทย์แผนไทยประยุกต์บัณฑิต (หลักสูตรปรับปรุง พ.ศ.2566),ผู้ช่วยศาสตราจารย์ ดร.,จุไรรัตน์ บุญรวบ,วท.บ.,คหกรรมศาสตร์ทั่วไป,วิทยาลัยครูสงขลา,2532
3.การแพทย์แผนไทยประยุกต์บัณฑิต (หลักสูตรปรับปรุง พ.ศ.2566),อาจารย์ ดร.,อรมณี ประจวบจินดา,Ph.D.,Molecular Pathobiology and Cell Adhesion Biology,Mie University Graduate School of Medicine,2562
3.การแพทย์แผนไทยประยุกต์บัณฑิต (หลักสูตรปรับปรุง พ.ศ.2566),อาจารย์ ดร.,อรมณี ประจวบจินดา,ดส.,ใบอนุญาตเป็นผู้ดำเนินการในสถานประกอบการเพื่อสุขภาพ ประเภทกิจการสปา,กระทรวงสาธารณสุข,2560
3.การแพทย์แผนไทยประยุกต์บัณฑิต (หลักสูตรปรับปรุง พ.ศ.2566),อาจารย์ ดร.,อรมณี ประจวบจินดา,วท.ม.,การแพทย์แผนไทยประยุกต์,มหาวิทยาลัยธรรมศาสตร์,
3.การแพทย์แผนไทยประยุกต์บัณฑิต (หลักสูตรปรับปรุง พ.ศ.2566),อาจารย์ ดร.,อรมณี ประจวบจินดา,พท.ภ.,เภสัชกรรมไทย,กองประกอบโรคศิลปะ,2554
3.การแพทย์แผนไทยประยุกต์บัณฑิต (หลักสูตรปรับปรุง พ.ศ.2566),อาจารย์ ดร.,อรมณี ประจวบจินดา,วท.บ,การแพทย์แผนไทยประยุกต์,มหาวิทยาลัยธรรมศาสตร์,2554
3.การแพทย์แผนไทยประยุกต์บัณฑิต (หลักสูตรปรับปรุง พ.ศ.2566),อาจารย์ ดร.,ณิชมน มุขสมบัติ,ปร.ด.,การแพทย์แผนไทยประยุกต์,มหาวิทยาลัยธรรมศาสตร์,2552
3.การแพทย์แผนไทยประยุกต์บัณฑิต (หลักสูตรปรับปรุง พ.ศ.2566),อาจารย์ ดร.,ณิชมน มุขสมบัติ,วท.ม.,การแพทย์แผนไทยประยุกต์,มหาวิทยาลัยธรรมศาสตร์,2556
3.การแพทย์แผนไทยประยุกต์บัณฑิต (หลักสูตรปรับปรุง พ.ศ.2566),อาจารย์ ดร.,ณิชมน มุขสมบัติ,พท.ภ.,เภสัชกรรมไทย,กองประกอบโรคศิลปะ,2554
3.การแพทย์แผนไทยประยุกต์บัณฑิต (หลักสูตรปรับปรุง พ.ศ.2566),อาจารย์ ดร.,ณิชมน มุขสมบัติ,พทป.บ.,-,มหาวิทยาลัยธรรมศาสตร์,2553
3.การแพทย์แผนไทยประยุกต์บัณฑิต (หลักสูตรปรับปรุง พ.ศ.2566),ผู้ช่วยศาสตราจารย์ ดร.,ปรรณณวัชญ์ ไชยวัฒนนันทน์,ปร.ด.,วิทยาศาสตร์การแพทย์,มหาวิทยาลัยธรรมศาสตร์,2559
3.การแพทย์แผนไทยประยุกต์บัณฑิต (หลักสูตรปรับปรุง พ.ศ.2566),ผู้ช่วยศาสตราจารย์ ดร.,ปรรณณวัชญ์ ไชยวัฒนนันทน์,ปร.ด.,วิทยาศาสตร์การแพทย์,มหาวิทยาลัยธรรมศาสตร์,2559
3.การแพทย์แผนไทยประยุกต์บัณฑิต (หลักสูตรปรับปรุง พ.ศ.2566),ผู้ช่วยศาสตราจารย์ ดร.,ปรรณณวัชญ์ ไชยวัฒนนันทน์,พย.บ.,-,มหาวิทยาลัยมหิดล,2551
ศศบนวัตกรรมการพัฒนามนุษย์66ป๋วย,อาจารย์ ดร.,ธิดารัตน์ ศักดิ์วีระกุล,กศ.ด.,การศึกษาพิเศษ,มหาวิทยาลัยศรีนครินทรวิโรฒ,2558
ศศบนวัตกรรมการพัฒนามนุษย์66ป๋วย,อาจารย์ ดร.,ธิดารัตน์ ศักดิ์วีระกุล,กศ.ม.,ปฐมวัย,มหาวิทยาลัยศรีนครินทรวิโรฒ,2544
ศศบนวัตกรรมการพัฒนามนุษย์66ป๋วย,อาจารย์ ดร.,ธิดารัตน์ ศักดิ์วีระกุล,ค.บ.,ปฐมวัย,มหาวิทยาลัยราชภัฎเชียงใหม่,2541
ศศบนวัตกรรมการพัฒนามนุษย์66ป๋วย,ผู้ช่วยศาสตราจารย์ ดร.,กนกวรา พวงประยงค์,ศศ.ด.,ประชากรศาสตร์,จุฬาลงกรณ์มหาวิทยาลัย,2560
ศศบนวัตกรรมการพัฒนามนุษย์66ป๋วย,ผู้ช่วยศาสตราจารย์ ดร.,กนกวรา พวงประยงค์,ศศ.ม.,การบริหารการพัฒนาสังคม,สถาบันบัณฑิตพัฒนบริหารศาสตร์,2555
ศศบนวัตกรรมการพัฒนามนุษย์66ป๋วย,ผู้ช่วยศาสตราจารย์ ดร.,กนกวรา พวงประยงค์,บธ.บ.,บริหารธุรกิจ,มหาวิทยาลัยเกษตรศาสตร์,2553
ศศบนวัตกรรมการพัฒนามนุษย์66ป๋วย,ศาสตราจารย์ ดร.,วรวุฒิ โรมรัตนพันธุ์,Ph.D.,Urban Environmental Engineering and Management,Asian Institute of Technology,2543
ศศบนวัตกรรมการพัฒนามนุษย์66ป๋วย,ศาสตราจารย์ ดร.,วรวุฒิ โรมรัตนพันธุ์,M.S.,Agrarian Studies,"The University of the Philippines Los Banos., The Philippines",2525
ศศบนวัตกรรมการพัฒนามนุษย์66ป๋วย,ศาสตราจารย์ ดร.,วรวุฒิ โรมรัตนพันธุ์,กศ.บ.,การศึกษา (เกียรตินิยมอันดับสอง),มหาวิทยาลัยศรีนครินทรวิโรฒ (บางแสน),2518
ศศบนวัตกรรมการพัฒนามนุษย์66ป๋วย,ผู้ช่วยศาสตราจารย์ ดร.,ณัฐธเดชน์ ชุ่มปลั่ง,Ph.D.,Health Service Management,"International University of Health andWelfare, Japan",2560
ศศบนวัตกรรมการพัฒนามนุษย์66ป๋วย,ผู้ช่วยศาสตราจารย์ ดร.,ณัฐธเดชน์ ชุ่มปลั่ง,M.Pol.Sc.,Political Science,"University of Kobe, Japan",2555
ศศบนวัตกรรมการพัฒนามนุษย์66ป๋วย,ผู้ช่วยศาสตราจารย์ ดร.,ณัฐธเดชน์ ชุ่มปลั่ง,B.P.A.,Policy Management,"Shobi Gakuen University, Japan",2552
ศศบนวัตกรรมการพัฒนามนุษย์66ป๋วย,ผู้ช่วยศาสตราจารย์,วีรบูรณ์ วิสารทสกุล,วท.ม.,เทคโนโลยีการบริหารสิ่งแวดล้อม,มหาวิทยาลัยมหิดล,2538
ศศบนวัตกรรมการพัฒนามนุษย์66ป๋วย,ผู้ช่วยศาสตราจารย์,วีรบูรณ์ วิสารทสกุล,วท.ม.,สัตวศาสตร์,สถาบันเทคโนโลยีพระจอมเกลาเจาคุณทหารลาดกระบัง,2534
